"response_id","response","condition","scenario","response_number"
"R_3onnhStfWvSx3rG","Sell an asset",2,1,1
"R_3onnhStfWvSx3rG","Take a loan",2,1,2
"R_3onnhStfWvSx3rG","Look for generic",2,1,3
"R_3onnhStfWvSx3rG","Do nothing",2,1,4
"R_3onnhStfWvSx3rG","Steal",2,1,5
"R_3onnhStfWvSx3rG","Call taxi",2,2,1
"R_3onnhStfWvSx3rG","Call uber",2,2,2
"R_3onnhStfWvSx3rG","Call friend",2,2,3
"R_3onnhStfWvSx3rG","Call family",2,2,4
"R_3onnhStfWvSx3rG","Miss flight",2,2,5
"R_3onnhStfWvSx3rG","Call firefighters",2,6,1
"R_3onnhStfWvSx3rG","Do nothing",2,6,2
"R_3onnhStfWvSx3rG","Try to see if any door is unlocked and if so open and roll windows down",2,6,3
"R_3onnhStfWvSx3rG","If she knows the car owner go and get them",2,6,4
"R_3onnhStfWvSx3rG","Break window.",2,6,5
"R_5QAPkrHYGtvwLut","Go back to get the tickets and see the last part of the concert",2,3,1
"R_5QAPkrHYGtvwLut","See the concert without Ted",2,3,2
"R_5QAPkrHYGtvwLut","Give her ticket to Ted and miss the concert herself",2,3,3
"R_5QAPkrHYGtvwLut","Drive home and have both of them miss the concert",2,3,4
"R_5QAPkrHYGtvwLut","See if there was a receipt or online proof of buying the ticket that can be used instead",2,3,5
"R_5QAPkrHYGtvwLut","Stay behind the driver but far enough back",2,4,1
"R_5QAPkrHYGtvwLut","Pass the driver",2,4,2
"R_5QAPkrHYGtvwLut","Call the police and report the license plate",2,4,3
"R_5QAPkrHYGtvwLut","Take a new route",2,4,4
"R_5QAPkrHYGtvwLut","Honk at the person",2,4,5
"R_5QAPkrHYGtvwLut","Call the court office and let them know beforehand his situation and that he'll be late",2,9,1
"R_5QAPkrHYGtvwLut","Call in a coworker to cover until the boss shows up",2,9,2
"R_5QAPkrHYGtvwLut","Continue calling the boss and even leaving a voicemail or text explaining the situation and continue to wait for a response",2,9,3
"R_5QAPkrHYGtvwLut","Close/Lock up the store and leave after leaving the voicemail or text to the boss",2,9,4
"R_5QAPkrHYGtvwLut","Cancel the court appointment if possible",2,9,5
"R_3DbYYjPSDcTWv9O","See if he can buy one",2,3,1
"R_3DbYYjPSDcTWv9O","Sneak him in",2,3,2
"R_3DbYYjPSDcTWv9O","Miss the concert with him",2,3,3
"R_3DbYYjPSDcTWv9O","Go into the concert without him",2,3,4
"R_3DbYYjPSDcTWv9O","Ask around fot an extra ticket",2,3,5
"R_3DbYYjPSDcTWv9O","Break the window",2,6,1
"R_3DbYYjPSDcTWv9O","Call the police",2,6,2
"R_3DbYYjPSDcTWv9O","Find the owner",2,6,3
"R_3DbYYjPSDcTWv9O","Call 911",2,6,4
"R_3DbYYjPSDcTWv9O","Go and tell security ",2,6,5
"R_3DbYYjPSDcTWv9O","Call the taxi company",2,8,1
"R_3DbYYjPSDcTWv9O","Go find the taxi",2,8,2
"R_3DbYYjPSDcTWv9O","Go buy a new ring",2,8,3
"R_3DbYYjPSDcTWv9O","Tell the groom",2,8,4
"R_3DbYYjPSDcTWv9O","Cry",2,8,5
"R_5I3kqgv2emazTa1","Message someone to help him stay calm",1,2,1
"R_5I3kqgv2emazTa1","Reach out to a taxi company",1,2,2
"R_5I3kqgv2emazTa1","Ask a friend to give him a lift",1,2,3
"R_5I3kqgv2emazTa1","Try using public transport to get there",1,2,4
"R_5I3kqgv2emazTa1","Web Check-in for his flight",1,2,5
"R_5I3kqgv2emazTa1","Throw it away",1,7,1
"R_5I3kqgv2emazTa1","Return home and catch an alternative flight",1,7,2
"R_5I3kqgv2emazTa1","Try to go back to the desk and have the knife put in a check-in bag",1,7,3
"R_5I3kqgv2emazTa1","Book an additional check-in bag and put the knife in it",1,7,4
"R_5I3kqgv2emazTa1","Give it someone in TSA for safekeeping",1,7,5
"R_5I3kqgv2emazTa1","Inform someone about the incident (not the bride or the groom)",1,8,1
"R_5I3kqgv2emazTa1","Locate the taxi driver using app he booked it with",1,8,2
"R_5I3kqgv2emazTa1","Reach to the company's helpline",1,8,3
"R_5I3kqgv2emazTa1","Try to remember the plate number",1,8,4
"R_5I3kqgv2emazTa1","Make sure this does not reach the bride or the groom",1,8,5
"R_66gvtEzsDayFAGr","Give her a ride as far as he is going. ",2,5,1
"R_66gvtEzsDayFAGr","Refuse to give her a ride. ",2,5,2
"R_66gvtEzsDayFAGr","Let her use his phone to call someone else. ",2,5,3
"R_66gvtEzsDayFAGr","Give her money to help her get a taxi or something. ",2,5,4
"R_66gvtEzsDayFAGr","Report her to the store manager. ",2,5,5
"R_66gvtEzsDayFAGr","Call someone to come and get the knife. ",2,7,1
"R_66gvtEzsDayFAGr","Put the knife in the trash before going through baggage checks.",2,7,2
"R_66gvtEzsDayFAGr","Try to hide the knife in his bags. ",2,7,3
"R_66gvtEzsDayFAGr","Give the knife to security before they find it. ",2,7,4
"R_66gvtEzsDayFAGr","Hide the knife in the airport somewhere and get it when he comes back. ",2,7,5
"R_66gvtEzsDayFAGr","Call the taxi service. ",2,8,1
"R_66gvtEzsDayFAGr","Stall the wedding. ",2,8,2
"R_66gvtEzsDayFAGr","Ask them to get married without rings. ",2,8,3
"R_66gvtEzsDayFAGr","Run away and let them deal with it. ",2,8,4
"R_66gvtEzsDayFAGr","Blame someone else. ",2,8,5
"R_110rMptMSqCu4MO","Call a cab",2,2,1
"R_110rMptMSqCu4MO","Call an Uber",2,2,2
"R_110rMptMSqCu4MO","Try to book a later flight",2,2,3
"R_110rMptMSqCu4MO","Cancel his trip",2,2,4
"R_110rMptMSqCu4MO","Hitchhike to the airport",2,2,5
"R_110rMptMSqCu4MO","Give her a ride",2,5,1
"R_110rMptMSqCu4MO","Not give her a ride",2,5,2
"R_110rMptMSqCu4MO","Direct her to the nearest bus",2,5,3
"R_110rMptMSqCu4MO","Give her the phone number for an Uber",2,5,4
"R_110rMptMSqCu4MO","Give her the phone number for a taxi",2,5,5
"R_110rMptMSqCu4MO","Keep trying to reach his boss",2,9,1
"R_110rMptMSqCu4MO","Try to reach another employee",2,9,2
"R_110rMptMSqCu4MO","Close the store",2,9,3
"R_110rMptMSqCu4MO","Miss his appointment",2,9,4
"R_110rMptMSqCu4MO","Cry",2,9,5
"R_1QDCLxUFcI9nrsz","Assess the Situation and Trust His Instincts",1,5,1
"R_1QDCLxUFcI9nrsz","Ask for More Information",1,5,2
"R_1QDCLxUFcI9nrsz","Offer to Help in a Different Way",1,5,3
"R_1QDCLxUFcI9nrsz","Consider Her Appearance and Behavior",1,5,4
"R_1QDCLxUFcI9nrsz","Set Boundaries and Be Clear About His Decision",1,5,5
"R_1QDCLxUFcI9nrsz","Assess the Situation",1,6,1
"R_1QDCLxUFcI9nrsz"," Look for the Owner",1,6,2
"R_1QDCLxUFcI9nrsz","Call Animal Control or the Non-Emergency Police Line",1,6,3
"R_1QDCLxUFcI9nrsz","Take Note of the Car’s Details",1,6,4
"R_1QDCLxUFcI9nrsz","Try to keep the dog calm",1,6,5
"R_1QDCLxUFcI9nrsz","Jeff should try reaching out to his boss again, perhaps leaving a polite voicemail or text explaining the urgency of the situation and requesting an immediate response. ",1,9,1
"R_1QDCLxUFcI9nrsz","If Jeff knows of any other employees who might be able to cover the shift or help out, he should reach out to them. Even if it’s not someone normally scheduled, they might be available to come in on short notice",1,9,2
"R_1QDCLxUFcI9nrsz","Jeff should check the store's schedule or any communication (e.g., text group, email, or physical notice) to see if there’s been any change in the schedule or if someone else was assigned to cover for his boss.",1,9,3
"R_1QDCLxUFcI9nrsz","If Jeff can't get in touch with his boss and no one else can come in, he may need to start preparing to close the store temporarily (if possible) in order to make it to his court appointment on time",1,9,4
"R_1QDCLxUFcI9nrsz","If Jeff has to leave the store temporarily, he should post a sign or make a brief announcement to let any customers know that the store will be closing or briefly unavailable due to an emergency or unavoidable situation. ",1,9,5
"R_57Qn25xpVJM8QUN","Call the company that produces the meds for coupons or reduced rates",2,1,1
"R_57Qn25xpVJM8QUN","Ask friends and family",2,1,2
"R_57Qn25xpVJM8QUN","Take on a second job",2,1,3
"R_57Qn25xpVJM8QUN","Ask the insurance company to reassess",2,1,4
"R_57Qn25xpVJM8QUN","Ask the doctor for other medications that would be as effective",2,1,5
"R_57Qn25xpVJM8QUN","Stay back",2,4,1
"R_57Qn25xpVJM8QUN","Call the non-emergency police line",2,4,2
"R_57Qn25xpVJM8QUN","Call the emergency line",2,4,3
"R_57Qn25xpVJM8QUN","Record the other driver for police",2,4,4
"R_57Qn25xpVJM8QUN","Try to get the driver to pull over",2,4,5
"R_57Qn25xpVJM8QUN","Tell the workers before they find it",2,7,1
"R_57Qn25xpVJM8QUN","brandish it",2,7,2
"R_57Qn25xpVJM8QUN","throw it in the trash",2,7,3
"R_57Qn25xpVJM8QUN","claim it's not his",2,7,4
"R_57Qn25xpVJM8QUN","take responsibility and explain",2,7,5
"R_7HGk7UW6XVk8PmB","appeal the decision of the insurance company",1,1,1
"R_7HGk7UW6XVk8PmB","set up a payment plan to pay for the medication",1,1,2
"R_7HGk7UW6XVk8PmB","see if the doctor can prescribe a different medication that will work",1,1,3
"R_7HGk7UW6XVk8PmB","Maybe Heinz could work more hours to pay for the medication",1,1,4
"R_7HGk7UW6XVk8PmB","Research alternative treatments",1,1,5
"R_7HGk7UW6XVk8PmB","go to the concert and let ted go home and get his ticket",1,3,1
"R_7HGk7UW6XVk8PmB","they all go with ted to get his ticket",1,3,2
"R_7HGk7UW6XVk8PmB","they could all skip the concert",1,3,3
"R_7HGk7UW6XVk8PmB","ted could just go home and forget it",1,3,4
"R_7HGk7UW6XVk8PmB","maybe tell could have someone bring his ticket to save time",1,3,5
"R_7HGk7UW6XVk8PmB","Call the police",1,4,1
"R_7HGk7UW6XVk8PmB","try to pass him",1,4,2
"R_7HGk7UW6XVk8PmB","go a different way",1,4,3
"R_7HGk7UW6XVk8PmB","honk his horn to try to get him to pull over",1,4,4
"R_7HGk7UW6XVk8PmB","stay behind him and avoid a dangerous situation",1,4,5
"R_7d1d18cbc3kH9qi","Steal the medication",1,1,1
"R_7d1d18cbc3kH9qi","GoFundMe",1,1,2
"R_7d1d18cbc3kH9qi","Take a second job/work overtime to make more money",1,1,3
"R_7d1d18cbc3kH9qi","Ask family or friends",1,1,4
"R_7d1d18cbc3kH9qi","Wait it out",1,1,5
"R_7d1d18cbc3kH9qi","Drive her as far as your house",1,5,1
"R_7d1d18cbc3kH9qi","Drive her to the nearest public transport",1,5,2
"R_7d1d18cbc3kH9qi","Drive her to her location",1,5,3
"R_7d1d18cbc3kH9qi","Drive her as far as your house, but ask for money to drive all the way",1,5,4
"R_7d1d18cbc3kH9qi","Say no",1,5,5
"R_7d1d18cbc3kH9qi","Lock up the store and leave",1,9,1
"R_7d1d18cbc3kH9qi","Call some other employee to take over",1,9,2
"R_7d1d18cbc3kH9qi","Leave a note for his boss",1,9,3
"R_7d1d18cbc3kH9qi","Wait it out",1,9,4
"R_7d1d18cbc3kH9qi","Ditch the court appointment",1,9,5
"R_3Ea8aK90rB1mdue","Make up an excuse",1,5,1
"R_3Ea8aK90rB1mdue","Claim he's going the opposite direction",1,5,2
"R_3Ea8aK90rB1mdue","Give the woman a ride",1,5,3
"R_3Ea8aK90rB1mdue","Take the woman to a bus stop/station",1,5,4
"R_3Ea8aK90rB1mdue","Decline the woman's request",1,5,5
"R_3Ea8aK90rB1mdue","Tell the truth",1,8,1
"R_3Ea8aK90rB1mdue","Contact the taxi company",1,8,2
"R_3Ea8aK90rB1mdue","Use someone else's ring until the right one is found",1,8,3
"R_3Ea8aK90rB1mdue","Leave the wedding",1,8,4
"R_3Ea8aK90rB1mdue","Pretend nothing happened",1,8,5
"R_3Ea8aK90rB1mdue","Call another colleague and see if they can help",1,9,1
"R_3Ea8aK90rB1mdue","Close the store while away",1,9,2
"R_3Ea8aK90rB1mdue","Quit the job and find another one",1,9,3
"R_3Ea8aK90rB1mdue","Wait and see if boss arrives before 8am",1,9,4
"R_3Ea8aK90rB1mdue","Skip the court appointment (not the best idea)",1,9,5
"R_1Ijh5l65kd1Edft","hitchhike",1,2,1
"R_1Ijh5l65kd1Edft","wait for a taxi",1,2,2
"R_1Ijh5l65kd1Edft","call a friend",1,2,3
"R_1Ijh5l65kd1Edft","walk",1,2,4
"R_1Ijh5l65kd1Edft","miss his flight",1,2,5
"R_1Ijh5l65kd1Edft","offer to buy a new ticket for him",1,3,1
"R_1Ijh5l65kd1Edft","offer to cover his costs",1,3,2
"R_1Ijh5l65kd1Edft","offer to tell him about it",1,3,3
"R_1Ijh5l65kd1Edft","do nothing",1,3,4
"R_1Ijh5l65kd1Edft","wait for him",1,3,5
"R_1Ijh5l65kd1Edft","call 911",1,6,1
"R_1Ijh5l65kd1Edft","check the doors to see if they're locked",1,6,2
"R_1Ijh5l65kd1Edft","call for help",1,6,3
"R_1Ijh5l65kd1Edft","break a window",1,6,4
"R_1Ijh5l65kd1Edft","do nothing",1,6,5
"R_7SxpkpXtIoUbFSN","Call a Rideshare or Taxi Service",2,2,1
"R_7SxpkpXtIoUbFSN","Request Roadside Assistance for His Car",2,2,2
"R_7SxpkpXtIoUbFSN","Contact a Friend or Family Member",2,2,3
"R_7SxpkpXtIoUbFSN","Flag Down a Passing Vehicle",2,2,4
"R_7SxpkpXtIoUbFSN","Arrange Airport Parking for His Car",2,2,5
"R_7SxpkpXtIoUbFSN","Inform the Bride and Groom Immediately",2,8,1
"R_7SxpkpXtIoUbFSN","Ask Someone to Retrieve the Ring",2,8,2
"R_7SxpkpXtIoUbFSN","Use a Substitute Ring Temporarily",2,8,3
"R_7SxpkpXtIoUbFSN","Stay Calm and Focus on the Ceremony",2,8,4
"R_7SxpkpXtIoUbFSN","Offer to Follow Up After the Ceremony",2,8,5
"R_7SxpkpXtIoUbFSN","Jeff can contact other store employees",2,9,1
"R_7SxpkpXtIoUbFSN","Jeff can Leave a Note and Close Temporarily.",2,9,2
"R_7SxpkpXtIoUbFSN","He can also Try other  Different Ways to Contact His Boss",2,9,3
"R_7SxpkpXtIoUbFSN","I also think he can Reach Out to Nearby Businesses to inform them of his sign out for the day.",2,9,4
"R_7SxpkpXtIoUbFSN","lastly i think he can Document His Actions for Accountability",2,9,5
"R_1qCR4YLk8RyiKvm","Try and sneak into the concert ",1,3,1
"R_1qCR4YLk8RyiKvm","Get it anyway and miss most of the concert ",1,3,2
"R_1qCR4YLk8RyiKvm","Just go home ",1,3,3
"R_1qCR4YLk8RyiKvm","Try and buy another ticket ",1,3,4
"R_1qCR4YLk8RyiKvm","get a refund",1,3,5
"R_1qCR4YLk8RyiKvm","He could tell her no and walk away ",1,5,1
"R_1qCR4YLk8RyiKvm","He could offer to get her an uber",1,5,2
"R_1qCR4YLk8RyiKvm","He could drive her half away there and drop her off somehwere to catch another ride ",1,5,3
"R_1qCR4YLk8RyiKvm","He could ignore her ",1,5,4
"R_1qCR4YLk8RyiKvm","He could take her where she needs to go ",1,5,5
"R_1qCR4YLk8RyiKvm","Turn around and go put the knife in his car ",1,7,1
"R_1qCR4YLk8RyiKvm","Place the knife in his checked bagged ",1,7,2
"R_1qCR4YLk8RyiKvm","Just let it be confiscated ",1,7,3
"R_1qCR4YLk8RyiKvm","Ask if there is anything he can do with the knife like store it somewhere ",1,7,4
"R_1qCR4YLk8RyiKvm","Throw the knife away ",1,7,5
"R_5My5OV3JHKAZCrk","call 911",1,4,1
"R_5My5OV3JHKAZCrk","ignore",1,4,2
"R_5My5OV3JHKAZCrk","try and help",1,4,3
"R_5My5OV3JHKAZCrk","honk",1,4,4
"R_5My5OV3JHKAZCrk","throw highlights ",1,4,5
"R_5My5OV3JHKAZCrk","Ignore",1,6,1
"R_5My5OV3JHKAZCrk","call 911",1,6,2
"R_5My5OV3JHKAZCrk","call for help from people around",1,6,3
"R_5My5OV3JHKAZCrk","go about on her day",1,6,4
"R_5My5OV3JHKAZCrk","put matters in her own hands",1,6,5
"R_5My5OV3JHKAZCrk","turn back",1,7,1
"R_5My5OV3JHKAZCrk","put it away",1,7,2
"R_5My5OV3JHKAZCrk","go ahead for the security check",1,7,3
"R_5My5OV3JHKAZCrk","leave it back",1,7,4
"R_5My5OV3JHKAZCrk","explain it to the security",1,7,5
"R_5qew7P77BPNRXu6","Not go to the concert",2,3,1
"R_5qew7P77BPNRXu6","Buy a scalped ticket",2,3,2
"R_5qew7P77BPNRXu6","Go out to a bar instead",2,3,3
"R_5qew7P77BPNRXu6","Try and sneak in",2,3,4
"R_5qew7P77BPNRXu6","Go Home",2,3,5
"R_5qew7P77BPNRXu6","Toss the knife",2,7,1
"R_5qew7P77BPNRXu6","Hand over to security",2,7,2
"R_5qew7P77BPNRXu6","Go Home",2,7,3
"R_5qew7P77BPNRXu6","Nothing",2,7,4
"R_5qew7P77BPNRXu6","Nothing",2,7,5
"R_1wymrvVsMdik9G8","call to have someone deliver his ticket to him at the concert",1,3,1
"R_1wymrvVsMdik9G8","check on line if there's any way to reprint the ticket",1,3,2
"R_1wymrvVsMdik9G8","have someone meet him half way",1,3,3
"R_1wymrvVsMdik9G8","check with a manager at the concert",1,3,4
"R_1wymrvVsMdik9G8","sit outside, listen and drink",1,3,5
"R_3rZlti00mf6qgCw","Go get the ticket with Ted",2,3,1
"R_3rZlti00mf6qgCw","Go into the concert without Ted",2,3,2
"R_3rZlti00mf6qgCw","Stay outside the concert with Ted and hang out",2,3,3
"R_3rZlti00mf6qgCw","Suggest another plan to the group besides the concert",2,3,4
"R_3rZlti00mf6qgCw","Give Ted her ticket ",2,3,5
"R_3rZlti00mf6qgCw","Call the taxi company to put out an alert on all the taxis in local area",2,8,1
"R_3rZlti00mf6qgCw","Let someone in the wedding know and tell him to stall the ceremony",2,8,2
"R_3rZlti00mf6qgCw","Get in a car and drive around to see if he can find that same taxi",2,8,3
"R_3rZlti00mf6qgCw","Call the taxi driver if he has that driver's number somehow",2,8,4
"R_3rZlti00mf6qgCw","Let the ceremony go on without the ring",2,8,5
"R_3rZlti00mf6qgCw","Lock up the store and go to court",2,9,1
"R_3rZlti00mf6qgCw","Call Jeff's boss even more until he picks up",2,9,2
"R_3rZlti00mf6qgCw","Call Jeff's boss's family",2,9,3
"R_3rZlti00mf6qgCw","Stay at the store and be late for court",2,9,4
"R_3rZlti00mf6qgCw","Call one of Jeff's coworkers to cover for him",2,9,5
"R_3ifobTM0IGVNiPD","Call friends or family to pick him up and take him to the airport",1,2,1
"R_3ifobTM0IGVNiPD","Call and Uber and leave his car",1,2,2
"R_3ifobTM0IGVNiPD","Miss his flight and deal with his car",1,2,3
"R_3ifobTM0IGVNiPD","Try to rebook his flight for another day and deal with the car now",1,2,4
"R_3ifobTM0IGVNiPD","Cry",1,2,5
"R_3ifobTM0IGVNiPD","Call 911 and report the driver",1,4,1
"R_3ifobTM0IGVNiPD","Try to honk to get their attention",1,4,2
"R_3ifobTM0IGVNiPD","Follow them to make sure they don't cause an accident and leave",1,4,3
"R_3ifobTM0IGVNiPD","Try to pass them and honk at them",1,4,4
"R_3ifobTM0IGVNiPD","Just leave them alone",1,4,5
"R_3ifobTM0IGVNiPD","Try to open the door",1,6,1
"R_3ifobTM0IGVNiPD","Go back into the mall and ask that security or someone make an annoucement",1,6,2
"R_3ifobTM0IGVNiPD","Break the window",1,6,3
"R_3ifobTM0IGVNiPD","Call 911",1,6,4
"R_3ifobTM0IGVNiPD","Try to find the owner on her own",1,6,5
"R_1zMquGryvF6HgYx","call someone to bring the tickets",1,3,1
"R_1zMquGryvF6HgYx","wait for ted to go back to the house",1,3,2
"R_1zMquGryvF6HgYx","see if someone could go to the house to get the tickets",1,3,3
"R_1zMquGryvF6HgYx","buy new tickets",1,3,4
"R_1zMquGryvF6HgYx","leave the concert",1,3,5
"R_1zMquGryvF6HgYx","get off the road",1,4,1
"R_1zMquGryvF6HgYx","call 911",1,4,2
"R_1zMquGryvF6HgYx","stay far behind the driver",1,4,3
"R_1zMquGryvF6HgYx","high beam them",1,4,4
"R_1zMquGryvF6HgYx","call someone",1,4,5
"R_1zMquGryvF6HgYx","Call 911",1,6,1
"R_1zMquGryvF6HgYx","go into the mall and alert security",1,6,2
"R_1zMquGryvF6HgYx","ask around to see if anyone knows the car",1,6,3
"R_1zMquGryvF6HgYx","ask and see if anyone knows the dog",1,6,4
"R_1zMquGryvF6HgYx","ask for an announcment to be made on the mall speaker",1,6,5
"R_1k1jQWohFaRHghn","Call the cops",2,4,1
"R_1k1jQWohFaRHghn","Call the non emergency line",2,4,2
"R_1k1jQWohFaRHghn","Drive safely around",2,4,3
"R_1k1jQWohFaRHghn","Honk and try to get the driver to pull over",2,4,4
"R_1k1jQWohFaRHghn","Ignore it",2,4,5
"R_1k1jQWohFaRHghn","He could say no",2,5,1
"R_1k1jQWohFaRHghn","He could say yes",2,5,2
"R_1k1jQWohFaRHghn","He could give her money for an uber",2,5,3
"R_1k1jQWohFaRHghn","He could order her an uber",2,5,4
"R_1k1jQWohFaRHghn","He could ignore her",2,5,5
"R_1k1jQWohFaRHghn","He could leave",2,7,1
"R_1k1jQWohFaRHghn","He could tell them what happened",2,7,2
"R_1k1jQWohFaRHghn","He could try to get past without them seeing",2,7,3
"R_1k1jQWohFaRHghn","He could hide the knife somewhere",2,7,4
"R_1k1jQWohFaRHghn","He could ask the security what to do",2,7,5
"R_7Fyi9b5fRdcmEUN","Flag down a car on the highway and ask them to take him to the airport",2,2,1
"R_7Fyi9b5fRdcmEUN","rely on his speed and run to the airport if he's close",2,2,2
"R_7Fyi9b5fRdcmEUN","fix his car if he has tools to do so",2,2,3
"R_7Fyi9b5fRdcmEUN","call a tow truck and ask them to drop him off at the airport",2,2,4
"R_7Fyi9b5fRdcmEUN","call a taxi to the airport",2,2,5
"R_7Fyi9b5fRdcmEUN","Take the woman to the city",2,5,1
"R_7Fyi9b5fRdcmEUN","Decline to take the woman to the city",2,5,2
"R_7Fyi9b5fRdcmEUN","Act like he cannot speak the womans language and doesnt understand",2,5,3
"R_7Fyi9b5fRdcmEUN","Act like he is going the other way",2,5,4
"R_7Fyi9b5fRdcmEUN","pretend to have an emergency he has to rush to",2,5,5
"R_7Fyi9b5fRdcmEUN","Inform officials that he is a chef and needs the knife",2,7,1
"R_7Fyi9b5fRdcmEUN","Ask officials to keep the knife at the airport for pickup when he comes back",2,7,2
"R_7Fyi9b5fRdcmEUN","hide the knife from security",2,7,3
"R_7Fyi9b5fRdcmEUN","Throw away the knife before he is searched by officials",2,7,4
"R_7Fyi9b5fRdcmEUN","Hope they dont find the knife or sotp him from taking it",2,7,5
"R_7kTq963Jg1uqbcd","Start a GoFundMe ",1,1,1
"R_7kTq963Jg1uqbcd","Ask family members and neighbors for help",1,1,2
"R_7kTq963Jg1uqbcd","Apply for a loan",1,1,3
"R_7kTq963Jg1uqbcd","Ask the insurance if there is a similar medication that is covered by their healthcare provider",1,1,4
"R_7kTq963Jg1uqbcd","Have multiple jobs",1,1,5
"R_7kTq963Jg1uqbcd","Offer to pay for an share ride service like Uber",1,5,1
"R_7kTq963Jg1uqbcd","Offer to take her at a public place nearby his house like a Walmart",1,5,2
"R_7kTq963Jg1uqbcd","Offer to take her to her destination",1,5,3
"R_7kTq963Jg1uqbcd","Offer to give her money for a cab",1,5,4
"R_7kTq963Jg1uqbcd","Offer his cell phone so she can call a friend or family member to take her",1,5,5
"R_7kTq963Jg1uqbcd","Explain the situation to the bride and groom. Call the taxi",1,8,1
"R_7kTq963Jg1uqbcd","Call the taxi and hope you get the ring back before the bride and groom notice",1,8,2
"R_7kTq963Jg1uqbcd","Offer a replacement while you find the rings",1,8,3
"R_7kTq963Jg1uqbcd","Offer to pay for replacing the rings",1,8,4
"R_7kTq963Jg1uqbcd","Report the rings as stolen",1,8,5
"R_6YZk5zD6aHykU8x","find a clinical that offers this medication",2,1,1
"R_6YZk5zD6aHykU8x","apply thru medi cal",2,1,2
"R_6YZk5zD6aHykU8x","find coupons from pharmaceutical",2,1,3
"R_6YZk5zD6aHykU8x","start a gofundme",2,1,4
"R_6YZk5zD6aHykU8x","ask family",2,1,5
"R_6YZk5zD6aHykU8x","call AAA",2,2,1
"R_6YZk5zD6aHykU8x","Call a friend to take over",2,2,2
"R_6YZk5zD6aHykU8x","park car somewhere safe for duration of his trip",2,2,3
"R_6YZk5zD6aHykU8x","reschedule flight",2,2,4
"R_6YZk5zD6aHykU8x","miss trip altogether",2,2,5
"R_6YZk5zD6aHykU8x","speed past ",2,4,1
"R_6YZk5zD6aHykU8x","stay way behind",2,4,2
"R_6YZk5zD6aHykU8x","call police",2,4,3
"R_6YZk5zD6aHykU8x","pull over and wait ",2,4,4
"R_6YZk5zD6aHykU8x","get next to car and flash lights to pull the driver over",2,4,5
"R_6rOYPyDRQWMNwFP","look for resources to buy the medications",1,1,1
"R_6rOYPyDRQWMNwFP","reach out to friends for help/assisstance",1,1,2
"R_6rOYPyDRQWMNwFP","talk to the hospital to administer the medication while he look for the funds",1,1,3
"R_6rOYPyDRQWMNwFP","try to reach the insurance company to see if they can add it to the bill",1,1,4
"R_6rOYPyDRQWMNwFP","blame himself for not being able to raise the resources needed",1,1,5
"R_6rOYPyDRQWMNwFP","look for the taxi number to call and ask he returns the ring",1,8,1
"R_6rOYPyDRQWMNwFP","inform the sister and the husband about it",1,8,2
"R_6rOYPyDRQWMNwFP","check the closet store to buy any available one for the main time",1,8,3
"R_6rOYPyDRQWMNwFP","talk to the parents to see if they have an old ring they can use for the main time",1,8,4
"R_6rOYPyDRQWMNwFP","take the blame for the incident ",1,8,5
"R_6rOYPyDRQWMNwFP","ask his collegues to cover up for him while he goes for his appointment",1,9,1
"R_6rOYPyDRQWMNwFP","keep calling his boss till he picks",1,9,2
"R_6rOYPyDRQWMNwFP","lock the store and go for his appointment and leave a text for his boss on where he kept the keys",1,9,3
"R_6rOYPyDRQWMNwFP","lock the shop, go for the appointment and get back later",1,9,4
"R_6rOYPyDRQWMNwFP","reschedule the appointment to next date",1,9,5
"R_5oBfzJd8oflVt23","Hitch",1,2,1
"R_5oBfzJd8oflVt23","Call a friend",1,2,2
"R_5oBfzJd8oflVt23","Call a tow",1,2,3
"R_5oBfzJd8oflVt23","Uber",1,2,4
"R_5oBfzJd8oflVt23","Don't go",1,2,5
"R_5oBfzJd8oflVt23","Eticket on phone",1,3,1
"R_5oBfzJd8oflVt23","Miss some of the show",1,3,2
"R_5oBfzJd8oflVt23","Call a friend",1,3,3
"R_5oBfzJd8oflVt23","Rush back to get them",1,3,4
"R_5oBfzJd8oflVt23","Uber",1,3,5
"R_5oBfzJd8oflVt23","Call a colleague",1,9,1
"R_5oBfzJd8oflVt23","Call boss' wife",1,9,2
"R_5oBfzJd8oflVt23","Call court to explain and see if the date can be moved",1,9,3
"R_5oBfzJd8oflVt23","Call corporate",1,9,4
"R_5oBfzJd8oflVt23","Last case scenario, close up and go to appointment",1,9,5
"R_1RZdTQtOHLNmkFj","Call an uber",1,2,1
"R_1RZdTQtOHLNmkFj","Call a taxi",1,2,2
"R_1RZdTQtOHLNmkFj","call a towtruck",1,2,3
"R_1RZdTQtOHLNmkFj","walk",1,2,4
"R_1RZdTQtOHLNmkFj","call a friend",1,2,5
"R_1RZdTQtOHLNmkFj","buy another ticket",1,3,1
"R_1RZdTQtOHLNmkFj","go in anyway",1,3,2
"R_1RZdTQtOHLNmkFj","wait for him",1,3,3
"R_1RZdTQtOHLNmkFj","see if they can look up the ticket",1,3,4
"R_1RZdTQtOHLNmkFj","not go",1,3,5
"R_1RZdTQtOHLNmkFj","Mail it to himself",1,7,1
"R_1RZdTQtOHLNmkFj","put it in checked luggage",1,7,2
"R_1RZdTQtOHLNmkFj","rent a locker",1,7,3
"R_1RZdTQtOHLNmkFj","leave it behind",1,7,4
"R_1RZdTQtOHLNmkFj","see if they miss it",1,7,5
"R_50UT37dOI0JaB8z","Get someone at home to bring it ",2,3,1
"R_50UT37dOI0JaB8z","cry ",2,3,2
"R_50UT37dOI0JaB8z","show the receipt at the entrance",2,3,3
"R_50UT37dOI0JaB8z","see if you have email prove of it ",2,3,4
"R_50UT37dOI0JaB8z","freak out ",2,3,5
"R_50UT37dOI0JaB8z","take her home ",2,5,1
"R_50UT37dOI0JaB8z","ask if she's okay ",2,5,2
"R_50UT37dOI0JaB8z","make sure it's not a set up ",2,5,3
"R_50UT37dOI0JaB8z","Give her money for a bus ride ",2,5,4
"R_50UT37dOI0JaB8z","ask for gas money ",2,5,5
"R_50UT37dOI0JaB8z","Call the police",2,6,1
"R_50UT37dOI0JaB8z","Call a mall officer to find the owner ",2,6,2
"R_50UT37dOI0JaB8z","break the window ",2,6,3
"R_50UT37dOI0JaB8z","stay and fight the dog owner ",2,6,4
"R_50UT37dOI0JaB8z","tell people around to see what other solutions they have",2,6,5
"R_32OrViZvtk0cfip","get a ride",2,2,1
"R_32OrViZvtk0cfip","get on a mortocycle",2,2,2
"R_32OrViZvtk0cfip","postponed the trip",2,2,3
"R_32OrViZvtk0cfip","get someone to fix the car",2,2,4
"R_32OrViZvtk0cfip","go home",2,2,5
"R_32OrViZvtk0cfip","buy a new ticket",2,3,1
"R_32OrViZvtk0cfip","go home for the ticket",2,3,2
"R_32OrViZvtk0cfip","stop attending the concert",2,3,3
"R_32OrViZvtk0cfip","go to the concert",2,3,4
"R_32OrViZvtk0cfip","cry",2,3,5
"R_32OrViZvtk0cfip","trying calling his boss",2,9,1
"R_32OrViZvtk0cfip","send him a message",2,9,2
"R_32OrViZvtk0cfip","lock the shop",2,9,3
"R_32OrViZvtk0cfip","go to the court",2,9,4
"R_32OrViZvtk0cfip","stay at the shop",2,9,5
"R_3oXW4v4k4JrjH1L","He could satart a Go Fund me account",2,1,1
"R_3oXW4v4k4JrjH1L","He can ask help from relatives and friends",2,1,2
"R_3oXW4v4k4JrjH1L","He can ask for relatively cheaper alternatives",2,1,3
"R_3oXW4v4k4JrjH1L","He could ask for discounts",2,1,4
"R_3oXW4v4k4JrjH1L","he could negotiate with the pharmacy to see if they have flexible payment methods",2,1,5
"R_3oXW4v4k4JrjH1L","He could use a different path to home",2,4,1
"R_3oXW4v4k4JrjH1L","Call the police",2,4,2
"R_3oXW4v4k4JrjH1L","Report to neccessary authorities",2,4,3
"R_3oXW4v4k4JrjH1L","He can honk at the driver to alert him",2,4,4
"R_3oXW4v4k4JrjH1L","He can try to overtake him if it safe",2,4,5
"R_3oXW4v4k4JrjH1L","call the mall security",2,6,1
"R_3oXW4v4k4JrjH1L","Talk to the management of the mall",2,6,2
"R_3oXW4v4k4JrjH1L","Call the animal control",2,6,3
"R_3oXW4v4k4JrjH1L","Try and locate the owner of the dog",2,6,4
"R_3oXW4v4k4JrjH1L","Stay with the dog if it is safe to do so",2,6,5
"R_1odU3Ka3wecrCse","fundraiser",2,1,1
"R_1odU3Ka3wecrCse","ask family",2,1,2
"R_1odU3Ka3wecrCse","ask friends",2,1,3
"R_1odU3Ka3wecrCse","take a loan",2,1,4
"R_1odU3Ka3wecrCse","sell valuable personal stuff",2,1,5
"R_1odU3Ka3wecrCse","break a window",2,6,1
"R_1odU3Ka3wecrCse","find mall security",2,6,2
"R_1odU3Ka3wecrCse","ignore",2,6,3
"R_1odU3Ka3wecrCse","try to open the doors",2,6,4
"R_1odU3Ka3wecrCse","scream",2,6,5
"R_1odU3Ka3wecrCse","stay calm",2,8,1
"R_1odU3Ka3wecrCse","panic",2,8,2
"R_1odU3Ka3wecrCse","try to find the driver",2,8,3
"R_1odU3Ka3wecrCse","tell someone",2,8,4
"R_1odU3Ka3wecrCse","disappear",2,8,5
"R_3j1CwjCwlWNYtRn","Take an Uber",2,2,1
"R_3j1CwjCwlWNYtRn","Ask a friend for a ride",2,2,2
"R_3j1CwjCwlWNYtRn","Hitchhike",2,2,3
"R_3j1CwjCwlWNYtRn","Cancel the trip",2,2,4
"R_3j1CwjCwlWNYtRn","Run there",2,2,5
"R_3j1CwjCwlWNYtRn","Ask a friend to come pick it up",2,7,1
"R_3j1CwjCwlWNYtRn","Throw it away",2,7,2
"R_3j1CwjCwlWNYtRn","Ask security to hold on to it for him",2,7,3
"R_3j1CwjCwlWNYtRn","Sneak it in",2,7,4
"R_3j1CwjCwlWNYtRn","Stab the security guard",2,7,5
"R_3j1CwjCwlWNYtRn","Try and find the ring and get back in time",2,8,1
"R_3j1CwjCwlWNYtRn","Admit his mistake",2,8,2
"R_3j1CwjCwlWNYtRn","Buy a new ring and pretend it's the same one",2,8,3
"R_3j1CwjCwlWNYtRn","Accuse someone of stealing it",2,8,4
"R_3j1CwjCwlWNYtRn","Fake an emergency to have an excuse to leave",2,8,5
"R_6kNuNPNFAKSyN3S","offer the ride",1,5,1
"R_6kNuNPNFAKSyN3S","don't offer the ride",1,5,2
"R_6kNuNPNFAKSyN3S","tell her you are busy",1,5,3
"R_6kNuNPNFAKSyN3S","tell her to contact uber",1,5,4
"R_6kNuNPNFAKSyN3S","tell her to ask a friend for a ride",1,5,5
"R_6kNuNPNFAKSyN3S","use a fake made up ring and explain",1,8,1
"R_6kNuNPNFAKSyN3S","call the taxi company",1,8,2
"R_6kNuNPNFAKSyN3S","suspend the wedding",1,8,3
"R_6kNuNPNFAKSyN3S","contact a friend/relative and ask to borrow a ring",1,8,4
"R_6kNuNPNFAKSyN3S","do not use any ring and explain",1,8,5
"R_6kNuNPNFAKSyN3S","leave a note for his boss and go to court",1,9,1
"R_6kNuNPNFAKSyN3S","call up court and ask to reschedule",1,9,2
"R_6kNuNPNFAKSyN3S","ask for a friend to cover for him",1,9,3
"R_6kNuNPNFAKSyN3S","go to the boss' home and see if he is available",1,9,4
"R_6kNuNPNFAKSyN3S","continue to call the boss for additional time",1,9,5
"R_7YyvPXVx5tsAixx","Go Fund Me account",1,1,1
"R_7YyvPXVx5tsAixx","Ask family",1,1,2
"R_7YyvPXVx5tsAixx","Ask friend",1,1,3
"R_7YyvPXVx5tsAixx","Fundraiser",1,1,4
"R_7YyvPXVx5tsAixx","Take on extra job",1,1,5
"R_7YyvPXVx5tsAixx","Call a company for help",1,2,1
"R_7YyvPXVx5tsAixx","Get a cab",1,2,2
"R_7YyvPXVx5tsAixx","Call a friend to come get him",1,2,3
"R_7YyvPXVx5tsAixx","Call a family member to come get him",1,2,4
"R_7YyvPXVx5tsAixx","Catch a bus",1,2,5
"R_7YyvPXVx5tsAixx","Call someone to get the ticket and bring it to them",1,3,1
"R_7YyvPXVx5tsAixx","See if they can look up the ticket at the box office",1,3,2
"R_7YyvPXVx5tsAixx","Take him home to get the ticket",1,3,3
"R_7YyvPXVx5tsAixx","See if he has a receipt",1,3,4
"R_7YyvPXVx5tsAixx","See if he has an email with ticket information on it",1,3,5
"R_710EYMMzCCNmc1x","Get out of line and check his bag instead",2,7,1
"R_710EYMMzCCNmc1x","Alert TSA before hand",2,7,2
"R_710EYMMzCCNmc1x","Go through security and let them take the knife",2,7,3
"R_710EYMMzCCNmc1x","Pretend like he forgot and see what options they give him",2,7,4
"R_710EYMMzCCNmc1x","Leave. go home and not attend the festival",2,7,5
"R_710EYMMzCCNmc1x","Call the taxi company",2,8,1
"R_710EYMMzCCNmc1x","Tell his sister",2,8,2
"R_710EYMMzCCNmc1x","Go buy another ring",2,8,3
"R_710EYMMzCCNmc1x","Pretend someone else lost it",2,8,4
"R_710EYMMzCCNmc1x","Call of the wedding",2,8,5
"R_710EYMMzCCNmc1x","Wait a little bit longer",2,9,1
"R_710EYMMzCCNmc1x","He should have let his boss know beforehand, if the boss is running late, close us the store and go to court",2,9,2
"R_710EYMMzCCNmc1x","Stay and work until the boss arrives and miss the court date",2,9,3
"R_710EYMMzCCNmc1x","Call the judge and let them know the situation",2,9,4
"R_710EYMMzCCNmc1x","Leave the store, but lock the door and leave his boss a message.",2,9,5
"R_5kMNt0gG6xGwQJD","Call a tow truck",2,2,1
"R_5kMNt0gG6xGwQJD","Call a taxi",2,2,2
"R_5kMNt0gG6xGwQJD","Call a friend",2,2,3
"R_5kMNt0gG6xGwQJD","Walk to airport",2,2,4
"R_5kMNt0gG6xGwQJD","Take a nearby bus",2,2,5
"R_5kMNt0gG6xGwQJD","Rent a locker to store it",2,7,1
"R_5kMNt0gG6xGwQJD","Call someone he knows to pick it up",2,7,2
"R_5kMNt0gG6xGwQJD","Throw it away",2,7,3
"R_5kMNt0gG6xGwQJD","Try to explain himself to security",2,7,4
"R_5kMNt0gG6xGwQJD","Not go to festival",2,7,5
"R_5kMNt0gG6xGwQJD","Call the bosses wife",2,9,1
"R_5kMNt0gG6xGwQJD","Have a friend go to bosses house",2,9,2
"R_5kMNt0gG6xGwQJD","Call another worker to come in",2,9,3
"R_5kMNt0gG6xGwQJD","Lock the store and leave",2,9,4
"R_5kMNt0gG6xGwQJD","Skip court",2,9,5
"R_1I3RUbhp0iKejll","Start  a GoFund me or Crowdfund",2,1,1
"R_1I3RUbhp0iKejll","Steal money from someone to opay for the meds",2,1,2
"R_1I3RUbhp0iKejll","Attempt ro find alternate or generic treatments",2,1,3
"R_1I3RUbhp0iKejll","Contact drug manufacturer to see if they have any assistance programs",2,1,4
"R_1I3RUbhp0iKejll","Plea with insurance company to reconsider covering the med",2,1,5
"R_1I3RUbhp0iKejll","Jump the fence and sneak in",2,3,1
"R_1I3RUbhp0iKejll","Plea with the ticket agent ",2,3,2
"R_1I3RUbhp0iKejll","purchase another ticket",2,3,3
"R_1I3RUbhp0iKejll","miss the concert and sulk in the car",2,3,4
"R_1I3RUbhp0iKejll","Call home and see if someone can bring it there so he doesnt miss the entire thing",2,3,5
"R_1I3RUbhp0iKejll","Politly declin and continue about his day",2,5,1
"R_1I3RUbhp0iKejll","Offer a ride to her destination ",2,5,2
"R_1I3RUbhp0iKejll","Offer her a ride part of the way so as not to go out of the way",2,5,3
"R_1I3RUbhp0iKejll","Offer her a ride at 80% the UBER cost",2,5,4
"R_1I3RUbhp0iKejll","Ignore the woman ",2,5,5
"R_514nlU3fSXVOknF","Steal money",1,1,1
"R_514nlU3fSXVOknF","Borrow money",1,1,2
"R_514nlU3fSXVOknF","Sell items to get more money",1,1,3
"R_514nlU3fSXVOknF","Beg the insurance company to reconsider",1,1,4
"R_514nlU3fSXVOknF","Get a second job",1,1,5
"R_514nlU3fSXVOknF","Call 911",1,6,1
"R_514nlU3fSXVOknF","Ask the mall to make a announcement",1,6,2
"R_514nlU3fSXVOknF","Break the window",1,6,3
"R_514nlU3fSXVOknF","Cry",1,6,4
"R_514nlU3fSXVOknF","Ask someone else to break the window",1,6,5
"R_514nlU3fSXVOknF","Ask to call the taxi company",1,8,1
"R_514nlU3fSXVOknF","Use his own ring as a placeholder",1,8,2
"R_514nlU3fSXVOknF","Call for the wedding to stop",1,8,3
"R_514nlU3fSXVOknF","Cry",1,8,4
"R_514nlU3fSXVOknF","Borrow the ring of another guest as a placeholder",1,8,5
"R_30MXRF4OYEAUjyM","ask pharmacy/doctors about alternatives or discounts",1,1,1
"R_30MXRF4OYEAUjyM","ask friends and family for assistance",1,1,2
"R_30MXRF4OYEAUjyM","sell possessions or take on extra work to get the money for it",1,1,3
"R_30MXRF4OYEAUjyM","start a gofundme campaign to get the money needed",1,1,4
"R_30MXRF4OYEAUjyM","rob a bank",1,1,5
"R_30MXRF4OYEAUjyM","slow down, maintain a large distance behind the driver, and monitor the situation",1,4,1
"R_30MXRF4OYEAUjyM","call 911 to explain what he's seeing",1,4,2
"R_30MXRF4OYEAUjyM","attempt to pass the driver ",1,4,3
"R_30MXRF4OYEAUjyM","take a different route",1,4,4
"R_30MXRF4OYEAUjyM","pretend nothing is wrong",1,4,5
"R_30MXRF4OYEAUjyM","apologize and say it's out of his way",1,5,1
"R_30MXRF4OYEAUjyM","decide to help her anyway",1,5,2
"R_30MXRF4OYEAUjyM","ask if he knows her",1,5,3
"R_30MXRF4OYEAUjyM","offer other suggestions for her to get there",1,5,4
"R_30MXRF4OYEAUjyM","ignore her completely",1,5,5
"R_7tG7BMrK68GaXQZ","goes to the concert",2,3,1
"R_7tG7BMrK68GaXQZ","skips the concert",2,3,2
"R_7tG7BMrK68GaXQZ","goes back for ticket",2,3,3
"R_7tG7BMrK68GaXQZ","buys ticket at door",2,3,4
"R_7tG7BMrK68GaXQZ","pulls up ticket online",2,3,5
"R_7tG7BMrK68GaXQZ","tells her no",2,5,1
"R_7tG7BMrK68GaXQZ","tells her yes",2,5,2
"R_7tG7BMrK68GaXQZ","calls her a cab",2,5,3
"R_7tG7BMrK68GaXQZ","drives her close to city not all the way",2,5,4
"R_7tG7BMrK68GaXQZ","pretends not to hear her",2,5,5
"R_7tG7BMrK68GaXQZ","tells his sister",2,8,1
"R_7tG7BMrK68GaXQZ","calls the taxi",2,8,2
"R_7tG7BMrK68GaXQZ","runs away",2,8,3
"R_7tG7BMrK68GaXQZ","stops the ceremony",2,8,4
"R_7tG7BMrK68GaXQZ","lies",2,8,5
"R_30NK8GXqVmtrzC8","Call a Tow Service",1,2,1
"R_30NK8GXqVmtrzC8","Request a Ride from a Friend or Family Member",1,2,2
"R_30NK8GXqVmtrzC8","Use a Ride-Sharing Service",1,2,3
"R_30NK8GXqVmtrzC8","Call the Airline for Help",1,2,4
"R_30NK8GXqVmtrzC8","Look for Alternative Transportation",1,2,5
"R_30NK8GXqVmtrzC8","Check if Ted Can Get a Digital Ticket",1,3,1
"R_30NK8GXqVmtrzC8","Call the Venue for Help",1,3,2
"R_30NK8GXqVmtrzC8","Buy a New Ticket",1,3,3
"R_30NK8GXqVmtrzC8","Ask for the Ticket from Another Friend",1,3,4
"R_30NK8GXqVmtrzC8","Stay and Enjoy the Concert",1,3,5
"R_30NK8GXqVmtrzC8","Dispose of the Knife",1,7,1
"R_30NK8GXqVmtrzC8","Contact the Festival Organizers",1,7,2
"R_30NK8GXqVmtrzC8","Notify Security",1,7,3
"R_30NK8GXqVmtrzC8","Return the Knife to His Car",1,7,4
"R_30NK8GXqVmtrzC8","Check the Knife in as Luggage",1,7,5
"R_3hzhNe5kZRkNRve","Call cops ",1,4,1
"R_3hzhNe5kZRkNRve","Slow down ",1,4,2
"R_3hzhNe5kZRkNRve","Slow lane ",1,4,3
"R_3hzhNe5kZRkNRve","Honk ",1,4,4
"R_3hzhNe5kZRkNRve","Exit ",1,4,5
"R_3hzhNe5kZRkNRve","Say no ",1,5,1
"R_3hzhNe5kZRkNRve","Ask for gas ",1,5,2
"R_3hzhNe5kZRkNRve","Take the bus ",1,5,3
"R_3hzhNe5kZRkNRve","Lie ",1,5,4
"R_3hzhNe5kZRkNRve","Leave ",1,5,5
"R_3hzhNe5kZRkNRve","Contact coworker ",1,9,1
"R_3hzhNe5kZRkNRve","Contact boss ",1,9,2
"R_3hzhNe5kZRkNRve","Wait ",1,9,3
"R_3hzhNe5kZRkNRve","Message boss ",1,9,4
"R_3hzhNe5kZRkNRve","Leave work ",1,9,5
"R_3HzWRb7OlSvSi0v","Erica can go on about her .business as usual.",1,6,1
"R_3HzWRb7OlSvSi0v","Erica could call 911.",1,6,2
"R_3HzWRb7OlSvSi0v","Erica could check to see if the car is locked.",1,6,3
"R_3HzWRb7OlSvSi0v","Erica could inform security and ask to make an announcement.",1,6,4
"R_3HzWRb7OlSvSi0v","Erica could break the car window",1,6,5
"R_3HzWRb7OlSvSi0v","collapse so he has to be carried out.",1,8,1
"R_3HzWRb7OlSvSi0v","scream fire real loud and run to the exit hoping others will follow.",1,8,2
"R_3HzWRb7OlSvSi0v","text the taxi service and get them to bring it just in time for rings",1,8,3
"R_3HzWRb7OlSvSi0v","object to the marriage when asked.",1,8,4
"R_3HzWRb7OlSvSi0v","punch the groom",1,8,5
"R_3HzWRb7OlSvSi0v","Jeff can lock the store and put up a sign and leave for court.",1,9,1
"R_3HzWRb7OlSvSi0v","Wait and see if his boss arrives in time.",1,9,2
"R_3HzWRb7OlSvSi0v","Jeff could hire a replacement in case his boss doesn't show.",1,9,3
"R_3HzWRb7OlSvSi0v","Jeff could call hospitals to see if his boss was hurt.",1,9,4
"R_3HzWRb7OlSvSi0v","Jeff could leave the store unlocked and leave.",1,9,5
"R_1Yac7Yn0QVqPDrO","Call 911",2,4,1
"R_1Yac7Yn0QVqPDrO","Stay as far back as possible from the other car",2,4,2
"R_1Yac7Yn0QVqPDrO","Honk at the other car",2,4,3
"R_1Yac7Yn0QVqPDrO","Put hazards on to warn other drivers",2,4,4
"R_1Yac7Yn0QVqPDrO","Flash car lights",2,4,5
"R_1Yac7Yn0QVqPDrO","Get mall security",2,6,1
"R_1Yac7Yn0QVqPDrO","Call 911",2,6,2
"R_1Yac7Yn0QVqPDrO","Call animal shelter",2,6,3
"R_1Yac7Yn0QVqPDrO","Try to get window down",2,6,4
"R_1Yac7Yn0QVqPDrO","Try to get car door open",2,6,5
"R_1Yac7Yn0QVqPDrO","Call the taxi company to ask them if it's there and to bring it back",2,8,1
"R_1Yac7Yn0QVqPDrO","Text the taxi company to see if they could bring the ring back",2,8,2
"R_1Yac7Yn0QVqPDrO","Explain to the groom what has happened ",2,8,3
"R_1Yac7Yn0QVqPDrO","Ask the brides maid for help",2,8,4
"R_1Yac7Yn0QVqPDrO","Borrow a ring from someone in the wedding party to use for the ceremony",2,8,5
"R_6Sg2q8T5PybBJOV","apply for assistance",1,1,1
"R_6Sg2q8T5PybBJOV","create a gofundme ",1,1,2
"R_6Sg2q8T5PybBJOV","ask family member to help",1,1,3
"R_6Sg2q8T5PybBJOV","apply for a credit card",1,1,4
"R_6Sg2q8T5PybBJOV","sell stuff",1,1,5
"R_6Sg2q8T5PybBJOV","tell the mall to call the owner",1,6,1
"R_6Sg2q8T5PybBJOV","see if the owner left a phone number on his window",1,6,2
"R_6Sg2q8T5PybBJOV","wait",1,6,3
"R_6Sg2q8T5PybBJOV","i don t know ",1,6,4
"R_6Sg2q8T5PybBJOV","call animal control",1,6,5
"R_6Sg2q8T5PybBJOV","call taxi company",1,8,1
"R_6Sg2q8T5PybBJOV","try to reach the driver",1,8,2
"R_6Sg2q8T5PybBJOV","ask a friend to help",1,8,3
"R_6Sg2q8T5PybBJOV","ask family to help",1,8,4
"R_6Sg2q8T5PybBJOV","take the car and leave ",1,8,5
"R_3E3U2xelzLSlypm","call the police",2,4,1
"R_3E3U2xelzLSlypm","honk to get them to stop",2,4,2
"R_3E3U2xelzLSlypm","run them off the road",2,4,3
"R_3E3U2xelzLSlypm","keep driving",2,4,4
"R_3E3U2xelzLSlypm","pass the driver",2,4,5
"R_3E3U2xelzLSlypm","leave",2,5,1
"R_3E3U2xelzLSlypm","take the woman",2,5,2
"R_3E3U2xelzLSlypm","help her find another ride",2,5,3
"R_3E3U2xelzLSlypm","get her a cab",2,5,4
"R_3E3U2xelzLSlypm","give her cash",2,5,5
"R_3E3U2xelzLSlypm","Wait for the owner",2,6,1
"R_3E3U2xelzLSlypm","Break a window",2,6,2
"R_3E3U2xelzLSlypm","call the police",2,6,3
"R_3E3U2xelzLSlypm","try to open the door",2,6,4
"R_3E3U2xelzLSlypm","leave",2,6,5
"R_31D4VrSDquNTfA5","help the woman out",1,5,1
"R_31D4VrSDquNTfA5","make more search about the place",1,5,2
"R_31D4VrSDquNTfA5","make sure he is picking the right person",1,5,3
"R_31D4VrSDquNTfA5","make sure he dont fall in the wrong hands",1,5,4
"R_31D4VrSDquNTfA5","call to be tracked",1,5,5
"R_31D4VrSDquNTfA5","dispose the nife",1,7,1
"R_31D4VrSDquNTfA5","report to the security checks with his documents and appointments",1,7,2
"R_31D4VrSDquNTfA5","call for support ",1,7,3
"R_31D4VrSDquNTfA5","explain things to the security",1,7,4
"R_31D4VrSDquNTfA5","cancel the trip and go with different flight",1,7,5
"R_31D4VrSDquNTfA5","CHECK BACK TO THE SEAT",1,8,1
"R_31D4VrSDquNTfA5","CALL THE DRIVER TO CHECK FOR HIM",1,8,2
"R_31D4VrSDquNTfA5","GET THE RING BEFORE TIME",1,8,3
"R_31D4VrSDquNTfA5","INFORM THE FAMILY ABOUT THAT",1,8,4
"R_31D4VrSDquNTfA5","GET THE EXACT SAME RING IF NOT FOUND",1,8,5
"R_5MusV3psiAY3z1v","call the police",1,4,1
"R_5MusV3psiAY3z1v","honk the horn",1,4,2
"R_5MusV3psiAY3z1v","stay away from him",1,4,3
"R_5MusV3psiAY3z1v","turn down another road",1,4,4
"R_5MusV3psiAY3z1v","flash his high beams",1,4,5
"R_5MusV3psiAY3z1v","offer to call a cab",1,5,1
"R_5MusV3psiAY3z1v","tell her he doesn't pick up strangers",1,5,2
"R_5MusV3psiAY3z1v","give her money for a cab",1,5,3
"R_5MusV3psiAY3z1v","call his friends and ask them to pick her up",1,5,4
"R_5MusV3psiAY3z1v","give her a ride",1,5,5
"R_5MusV3psiAY3z1v","call security",1,6,1
"R_5MusV3psiAY3z1v","call the police",1,6,2
"R_5MusV3psiAY3z1v","break the window",1,6,3
"R_5MusV3psiAY3z1v","have customer service page the dog owner",1,6,4
"R_5MusV3psiAY3z1v","alert other people",1,6,5
"R_5HOqqLtIEk6a2ZP","Start a gofundme",1,1,1
"R_5HOqqLtIEk6a2ZP","ask family and friends for help",1,1,2
"R_5HOqqLtIEk6a2ZP","try to find other ways to earn money",1,1,3
"R_5HOqqLtIEk6a2ZP","save money on other things as much as you can",1,1,4
"R_5HOqqLtIEk6a2ZP","sell stuff that is not important",1,1,5
"R_5HOqqLtIEk6a2ZP","Eamon could call the police. ",1,4,1
"R_5HOqqLtIEk6a2ZP","Eamon could slowly follow while calling the police.",1,4,2
"R_5HOqqLtIEk6a2ZP","Eamon could get the license plate number.",1,4,3
"R_5HOqqLtIEk6a2ZP","Eamon could pull over and let them drive away.",1,4,4
"R_5HOqqLtIEk6a2ZP","Eamon could ignore them and just continue on their way. ",1,4,5
"R_5HOqqLtIEk6a2ZP","see if anyone else can swing by to help",1,9,1
"R_5HOqqLtIEk6a2ZP","close up the store",1,9,2
"R_5HOqqLtIEk6a2ZP","keep calling his boss",1,9,3
"R_5HOqqLtIEk6a2ZP","miss his appointment",1,9,4
"R_5HOqqLtIEk6a2ZP","try and reschedule the appointment ",1,9,5
"R_5uS62q5PwR000YF","Assess the Car Trouble",1,2,1
"R_5uS62q5PwR000YF","Contact the Airline",1,2,2
"R_5uS62q5PwR000YF","Reach Out to Friends/Family",1,2,3
"R_5uS62q5PwR000YF","Consider Alternative Transportation",1,2,4
"R_5uS62q5PwR000YF","Call a Ride-Sharing Service",1,2,5
"R_5uS62q5PwR000YF","Create Distance",1,4,1
"R_5uS62q5PwR000YF","Observe and Gather Information",1,4,2
"R_5uS62q5PwR000YF","Pull Over and Report",1,4,3
"R_5uS62q5PwR000YF","Avoid Passing",1,4,4
"R_5uS62q5PwR000YF","Continue with Caution",1,4,5
"R_5uS62q5PwR000YF","Miss the Flight",1,7,1
"R_5uS62q5PwR000YF","See if Someone Can Retrieve It",1,7,2
"R_5uS62q5PwR000YF","Leave the Knife with Security",1,7,3
"R_5uS62q5PwR000YF","Declare the Knife",1,7,4
"R_5uS62q5PwR000YF","Check for Shipping Options",1,7,5
"R_7V04Jixznx3woZr","Get a loan",1,1,1
"R_7V04Jixznx3woZr","Get a second job",1,1,2
"R_7V04Jixznx3woZr","See if she can be part of a research study",1,1,3
"R_7V04Jixznx3woZr","Ask friends and family for help",1,1,4
"R_7V04Jixznx3woZr","Start a fundraiser",1,1,5
"R_7V04Jixznx3woZr","Go to a scalper and buy a ticket",1,3,1
"R_7V04Jixznx3woZr","Wait in the car and listen",1,3,2
"R_7V04Jixznx3woZr","Sneak in",1,3,3
"R_7V04Jixznx3woZr","Try to buy a ticket at the gate",1,3,4
"R_7V04Jixznx3woZr","Wait at the gate",1,3,5
"R_7V04Jixznx3woZr","Report it",1,4,1
"R_7V04Jixznx3woZr","Follow them discretely",1,4,2
"R_7V04Jixznx3woZr","Try to alert any oncoming traffic",1,4,3
"R_7V04Jixznx3woZr","no idea",1,4,4
"R_7V04Jixznx3woZr","no other idea",1,4,5
"R_7FQCwzL61mqIGfl","Consider nearby help",1,2,1
"R_7FQCwzL61mqIGfl","Contact the airline",1,2,2
"R_7FQCwzL61mqIGfl","Call for roadside assistance",1,2,3
"R_7FQCwzL61mqIGfl","Assess the car trouble",1,2,4
"R_7FQCwzL61mqIGfl","Explore alternative transportation",1,2,5
"R_7FQCwzL61mqIGfl","Ask the venue for assistance",1,3,1
"R_7FQCwzL61mqIGfl","Offer to wait with Ted",1,3,2
"R_7FQCwzL61mqIGfl","Enjoy the concert and update Ted later",1,3,3
"R_7FQCwzL61mqIGfl","Contact the ticket vendor",1,3,4
"R_7FQCwzL61mqIGfl","Check for online ticket transfer",1,3,5
"R_7FQCwzL61mqIGfl","Politely decline",1,5,1
"R_7FQCwzL61mqIGfl","Offer a compromise",1,5,2
"R_7FQCwzL61mqIGfl","Assess the situation",1,5,3
"R_7FQCwzL61mqIGfl","Help with alternative solutions",1,5,4
"R_7FQCwzL61mqIGfl","If he feels safe, provide the ride",1,5,5
"R_6SRtp44g5ttufV7","pull over",2,4,1
"R_6SRtp44g5ttufV7","call 911 for help",2,4,2
"R_6SRtp44g5ttufV7","hang back and stay out of his way",2,4,3
"R_6SRtp44g5ttufV7","speed ahead and get off the highway/street",2,4,4
"R_6SRtp44g5ttufV7","tail him while calling the police so he can give the location",2,4,5
"R_6SRtp44g5ttufV7","leave the knife behind",2,7,1
"R_6SRtp44g5ttufV7","explain that he is working there",2,7,2
"R_6SRtp44g5ttufV7","have someone pick up the knife",2,7,3
"R_6SRtp44g5ttufV7","declare the knife",2,7,4
"R_6SRtp44g5ttufV7","check the knife",2,7,5
"R_6SRtp44g5ttufV7","call the next person in line of mngmt to come in",2,9,1
"R_6SRtp44g5ttufV7","call the owners family",2,9,2
"R_6SRtp44g5ttufV7","call the boss's emergency contact",2,9,3
"R_6SRtp44g5ttufV7","call the courts to let them know/lawyer",2,9,4
"R_6SRtp44g5ttufV7","leave with the remaining employees in charge",2,9,5
"R_7lKxI48EgTdnMm4","Say no",2,5,1
"R_7lKxI48EgTdnMm4","Say yes",2,5,2
"R_7lKxI48EgTdnMm4","Take her as far as her house",2,5,3
"R_7lKxI48EgTdnMm4","Call the police",2,5,4
"R_7lKxI48EgTdnMm4","Tell her she would if she pays her",2,5,5
"R_7lKxI48EgTdnMm4","Do nothing",2,6,1
"R_7lKxI48EgTdnMm4","Look for the owner",2,6,2
"R_7lKxI48EgTdnMm4","Break the window",2,6,3
"R_7lKxI48EgTdnMm4","Call the police",2,6,4
"R_7lKxI48EgTdnMm4","Wait for the owner",2,6,5
"R_7lKxI48EgTdnMm4","Just leave the store.",2,9,1
"R_7lKxI48EgTdnMm4","Call the court to explain his situation.",2,9,2
"R_7lKxI48EgTdnMm4","Call his boss",2,9,3
"R_7lKxI48EgTdnMm4","Close the store than leave",2,9,4
"R_7lKxI48EgTdnMm4","Ignore the court appointment",2,9,5
"R_3QytAI0uiHmEnyC","call a friend for a ride",2,2,1
"R_3QytAI0uiHmEnyC","call taxi",2,2,2
"R_3QytAI0uiHmEnyC","reschedule flight",2,2,3
"R_3QytAI0uiHmEnyC","miss flight",2,2,4
"R_3QytAI0uiHmEnyC","reschedule trip",2,2,5
"R_3QytAI0uiHmEnyC","darya could pay for ted",2,3,1
"R_3QytAI0uiHmEnyC","darya could loan the money to ted",2,3,2
"R_3QytAI0uiHmEnyC","darya could get her friends to help pay for ted",2,3,3
"R_3QytAI0uiHmEnyC","darya could not go to concert and remain with ted",2,3,4
"R_3QytAI0uiHmEnyC","darya could walk ted home and miss some of the concert with ted",2,3,5
"R_3QytAI0uiHmEnyC","break window",2,6,1
"R_3QytAI0uiHmEnyC","call police",2,6,2
"R_3QytAI0uiHmEnyC","inform mall security",2,6,3
"R_3QytAI0uiHmEnyC","jimmy lock to open door",2,6,4
"R_3QytAI0uiHmEnyC","call fire dept",2,6,5
"R_7MtImT69nciApx5","get a bank loan",2,1,1
"R_7MtImT69nciApx5","pawn something",2,1,2
"R_7MtImT69nciApx5","borrow money from family",2,1,3
"R_7MtImT69nciApx5","sell something",2,1,4
"R_7MtImT69nciApx5","have a yard sale",2,1,5
"R_7MtImT69nciApx5","if he has time go back to his car",2,7,1
"R_7MtImT69nciApx5","if has time rent a locker at airport",2,7,2
"R_7MtImT69nciApx5","consult agent at terminal and explain situation",2,7,3
"R_7MtImT69nciApx5","user express mail at airport and mail knife to location",2,7,4
"R_7MtImT69nciApx5","call a friend to come pick it up",2,7,5
"R_7MtImT69nciApx5","call the taxi agency explain situation",2,8,1
"R_7MtImT69nciApx5","ask friend/family member to loan a ring",2,8,2
"R_7MtImT69nciApx5","explain situation to sister",2,8,3
"R_7MtImT69nciApx5","see if gift shop or anything nearby to purchase ring",2,8,4
"R_7MtImT69nciApx5","use his own ring for ceremony",2,8,5
"R_7n2E1w0T0tmBrSb","Notify Security",1,2,1
"R_7n2E1w0T0tmBrSb","Return the Knife to His Car",1,2,2
"R_7n2E1w0T0tmBrSb","Check the Knife in as Luggage",1,2,3
"R_7n2E1w0T0tmBrSb","Contact the Festival Organizers",1,2,4
"R_7n2E1w0T0tmBrSb","Dispose of the Knife",1,2,5
"R_7n2E1w0T0tmBrSb","Check if Ted Can Get a Digital Ticket",1,6,1
"R_7n2E1w0T0tmBrSb","Call the Venue for Help",1,6,2
"R_7n2E1w0T0tmBrSb","Buy a New Ticket",1,6,3
"R_7n2E1w0T0tmBrSb","Ask for the Ticket from Another Friend",1,6,4
"R_7n2E1w0T0tmBrSb","Stay and Enjoy the Concert",1,6,5
"R_7n2E1w0T0tmBrSb","Call a Tow Service",1,7,1
"R_7n2E1w0T0tmBrSb","Request a Ride from a Friend or Family Member",1,7,2
"R_7n2E1w0T0tmBrSb","Use a Ride-Sharing Service",1,7,3
"R_7n2E1w0T0tmBrSb","Call the Airline for Help",1,7,4
"R_7n2E1w0T0tmBrSb","Look for Alternative Transportation",1,7,5
"R_7CyjUM1lnYTRXWr","Ditch the car and hail a cab.",2,2,1
"R_7CyjUM1lnYTRXWr","Have the car towed and call a cab.",2,2,2
"R_7CyjUM1lnYTRXWr","Call a friend for a ride.",2,2,3
"R_7CyjUM1lnYTRXWr","Check if other flight exist later in the day.",2,2,4
"R_7CyjUM1lnYTRXWr","Contact the organizer of the safari to explain that he may be delayed.",2,2,5
"R_7CyjUM1lnYTRXWr","Not give her a ride.",2,5,1
"R_7CyjUM1lnYTRXWr","Offer to call a cab.",2,5,2
"R_7CyjUM1lnYTRXWr","Tell her to take a bus.",2,5,3
"R_7CyjUM1lnYTRXWr","Apologize and tell her no.",2,5,4
"R_7CyjUM1lnYTRXWr","Ask why she needs the ride.",2,5,5
"R_7CyjUM1lnYTRXWr","Lock up the store and leave if he has the keys.",2,9,1
"R_7CyjUM1lnYTRXWr","Call the court house to see if he can reschedule.",2,9,2
"R_7CyjUM1lnYTRXWr","Call his lawyer, if he has one, to represent him or postpone the case.",2,9,3
"R_7CyjUM1lnYTRXWr","Continue to attempt to contact his boss.",2,9,4
"R_7CyjUM1lnYTRXWr","Try to find a coworker to stand in for him.",2,9,5
"R_7pflm8v9g0RcukR","Forgo the concert with Ted.",1,3,1
"R_7pflm8v9g0RcukR","Go with Ted to get his ticket and return to the concert.",1,3,2
"R_7pflm8v9g0RcukR","Call and ask someone to bring Ted his ticket.",1,3,3
"R_7pflm8v9g0RcukR","Try to buy a new ticket at the venue.",1,3,4
"R_7pflm8v9g0RcukR","Go to the concert alone.",1,3,5
"R_7pflm8v9g0RcukR","Call the police.",1,4,1
"R_7pflm8v9g0RcukR","Stop driving and wait until that car is long gone.",1,4,2
"R_7pflm8v9g0RcukR","Try to flag the car down.",1,4,3
"R_7pflm8v9g0RcukR","Honk at the car to get their attention.",1,4,4
"R_7pflm8v9g0RcukR","Pass the car.",1,4,5
"R_7pflm8v9g0RcukR","Call his boss and let him know he has to leave.",1,9,1
"R_7pflm8v9g0RcukR","Close the store when he leaves so people can't get in.",1,9,2
"R_7pflm8v9g0RcukR","Stay and miss his appointment.",1,9,3
"R_7pflm8v9g0RcukR","Call another employee to request coverage.",1,9,4
"R_7pflm8v9g0RcukR","Call the police to report Jeff missing.",1,9,5
"R_6uP6OOuNejdcIe3","Look into government assistance programs (e.g., Medicaid, Medicare) or state-specific aid to see if they qualify.",1,1,1
"R_6uP6OOuNejdcIe3","Explore crowdfunding options (e.g., GoFundMe) to raise money for the medication.",1,1,2
"R_6uP6OOuNejdcIe3","Contact the pharmaceutical company directly to inquire about patient assistance programs or discounted rates.",1,1,3
"R_6uP6OOuNejdcIe3","Talk to the doctor or hospital about potential financial assistance programs or discounts.",1,1,4
"R_6uP6OOuNejdcIe3","Reach out to local non-profit organizations or patient advocacy groups for guidance and support.",1,1,5
"R_6uP6OOuNejdcIe3","Offer to drive her to the nearby city, going out of his way to assist.",1,5,1
"R_6uP6OOuNejdcIe3","Refuse, stating that he is going home and cannot detour.",1,5,2
"R_6uP6OOuNejdcIe3","Call a local taxi or ride-sharing service for her.",1,5,3
"R_6uP6OOuNejdcIe3","Suggest alternative transportation options (e.g., public transit, taxi, ride-sharing)",1,5,4
"R_6uP6OOuNejdcIe3","5. Offer to drop her off at a safe location (e.g., a bus station) where she can continue her journey.",1,5,5
"R_6uP6OOuNejdcIe3","Call the court to explain the situation and request a delay or rescheduling of his appointment (if possible).",1,9,1
"R_6uP6OOuNejdcIe3","Leave a note for the boss explaining the situation and his court appointment, and secure the store according to company protocol.",1,9,2
"R_6uP6OOuNejdcIe3","Attempt to contact nearby convenience stores or competitor stores to ask if they can send temporary staff.",1,9,3
"R_6uP6OOuNejdcIe3","Call other employees or management (if available) to cover the shift or inform them of the boss's absence.",1,9,4
"R_6uP6OOuNejdcIe3","Call a family member or friend to cover for him temporarily while he attends his court appointment.",1,9,5
"R_7n6ZmcyeOYNoo2Z","Could give Ted their ticket",2,3,1
"R_7n6ZmcyeOYNoo2Z","Exclaim how shitty it is that Ted forgot his ticket and go to the show anyway",2,3,2
"R_7n6ZmcyeOYNoo2Z","See if there is any way to help Ted find a digital version of his ticket",2,3,3
"R_7n6ZmcyeOYNoo2Z","Could go with Ted to get his ticket",2,3,4
"R_7n6ZmcyeOYNoo2Z","skip the concert and go somewhere else with Ted",2,3,5
"R_7n6ZmcyeOYNoo2Z","He could alert the authorities to the situation",2,4,1
"R_7n6ZmcyeOYNoo2Z","He could find an alternate route to ensure his safety",2,4,2
"R_7n6ZmcyeOYNoo2Z","He could attempt to pass the driver ahead of him and hopefully avoid a collision to ensure his safety",2,4,3
"R_7n6ZmcyeOYNoo2Z","He could attempt to force the driver off the road for the safety of other drivers",2,4,4
"R_7n6ZmcyeOYNoo2Z","If he has a dashcam he could submit the footage to the authorities",2,4,5
"R_7n6ZmcyeOYNoo2Z","He could return to the airline check-in and check his bag for the flight",2,7,1
"R_7n6ZmcyeOYNoo2Z","He could decide to surrender the knife at security",2,7,2
"R_7n6ZmcyeOYNoo2Z","He could try and persuade the security officer to let him through with the knife after explaining why he has it",2,7,3
"R_7n6ZmcyeOYNoo2Z","He could do nothing and see if security finds the knife",2,7,4
"R_7n6ZmcyeOYNoo2Z","He could make a run for it through security with the knife",2,7,5
"R_190GFKTFeGPDRx7","Buy another ticket for Ted",2,3,1
"R_190GFKTFeGPDRx7","Sneak Ted into the concert",2,3,2
"R_190GFKTFeGPDRx7","Skip the concert with Ted",2,3,3
"R_190GFKTFeGPDRx7","Go back to Ted's house to get the ticket",2,3,4
"R_190GFKTFeGPDRx7","Go into the concert without Ted",2,3,5
"R_190GFKTFeGPDRx7","Call the police",2,4,1
"R_190GFKTFeGPDRx7","Pull over and wait for the car to drive away",2,4,2
"R_190GFKTFeGPDRx7","Speed up to get in front of the driver",2,4,3
"R_190GFKTFeGPDRx7","Honk at the driver",2,4,4
"R_190GFKTFeGPDRx7","Pull up next to the driver to try to talk to them",2,4,5
"R_190GFKTFeGPDRx7","Tell security the problem",2,7,1
"R_190GFKTFeGPDRx7","Throw it away",2,7,2
"R_190GFKTFeGPDRx7","Leave the line and miss his flight",2,7,3
"R_190GFKTFeGPDRx7","Book another flight",2,7,4
"R_190GFKTFeGPDRx7","Bring it through security and hope for the best",2,7,5
"R_5aKal4VnCBZMcxU","Could purchase Ted another ticket at the box office",2,3,1
"R_5aKal4VnCBZMcxU","Could give Ted her ticket and not go herself",2,3,2
"R_5aKal4VnCBZMcxU","Darya could see if any other friend wanted to give Ted their ticket",2,3,3
"R_5aKal4VnCBZMcxU","She could call and see if someone at home (roommate, etc.) could bring the ticket",2,3,4
"R_5aKal4VnCBZMcxU","Everyone could go home",2,3,5
"R_5aKal4VnCBZMcxU","Discard the knife at security",2,7,1
"R_5aKal4VnCBZMcxU","Explain his profession to security",2,7,2
"R_5aKal4VnCBZMcxU","Explain to his colleagues that he may be late",2,7,3
"R_5aKal4VnCBZMcxU","Do not bring the knife with him",2,7,4
"R_5aKal4VnCBZMcxU","Return the knife to his car",2,7,5
"R_5aKal4VnCBZMcxU","Call the taxi company and explain the situation",2,8,1
"R_5aKal4VnCBZMcxU","Tell his sister what happened",2,8,2
"R_5aKal4VnCBZMcxU","Use a spare one for the ceremony (e.g., his own or a family member's)",2,8,3
"R_5aKal4VnCBZMcxU","Create a fake one",2,8,4
"R_5aKal4VnCBZMcxU","Lie",2,8,5
"R_32FVc0CkQRYbsOl","Call 9-1-1",1,4,1
"R_32FVc0CkQRYbsOl","Ignore it",1,4,2
"R_32FVc0CkQRYbsOl","Honk at the Car",1,4,3
"R_32FVc0CkQRYbsOl","Call non-emergency authorities",1,4,4
"R_32FVc0CkQRYbsOl","Flash lights",1,4,5
"R_32FVc0CkQRYbsOl","Alert Mall Security",1,6,1
"R_32FVc0CkQRYbsOl","Leave",1,6,2
"R_32FVc0CkQRYbsOl","Call Animal Control",1,6,3
"R_32FVc0CkQRYbsOl","Break the Window",1,6,4
"R_32FVc0CkQRYbsOl","Call 9-1-1",1,6,5
"R_32FVc0CkQRYbsOl","Call the Taxi Company",1,8,1
"R_32FVc0CkQRYbsOl","Alert the Bride's Family",1,8,2
"R_32FVc0CkQRYbsOl","Get another set of rings for the ceremony",1,8,3
"R_32FVc0CkQRYbsOl","Run",1,8,4
"R_32FVc0CkQRYbsOl","Panic",1,8,5
"R_3pgdUQuoesxSY9j","Arrange for car to be towed and get a taxi to the airport",1,2,1
"R_3pgdUQuoesxSY9j","Call a friend to get him to the airport and oversee car towing",1,2,2
"R_3pgdUQuoesxSY9j","Get a ride to airport and deal with car when he gets home",1,2,3
"R_3pgdUQuoesxSY9j","Try to get a later flight",1,2,4
"R_3pgdUQuoesxSY9j","Just miss the flight and take care of car situation",1,2,5
"R_3pgdUQuoesxSY9j","Say no because she's a stranger",1,5,1
"R_3pgdUQuoesxSY9j","Offer to call her a ride",1,5,2
"R_3pgdUQuoesxSY9j","Offer to call one of her friends",1,5,3
"R_3pgdUQuoesxSY9j","Let her know where the nearest bus stop is",1,5,4
"R_3pgdUQuoesxSY9j","Give her the ride",1,5,5
"R_3pgdUQuoesxSY9j","Rent a storage locker to hold the knife until he returns",1,7,1
"R_3pgdUQuoesxSY9j","Get a later flight so he can go home to return the knife",1,7,2
"R_3pgdUQuoesxSY9j","Maybe he still has his luggage he can store it in",1,7,3
"R_3pgdUQuoesxSY9j","Abandon the knife",1,7,4
"R_3pgdUQuoesxSY9j","Cancel his trip",1,7,5
"R_7b1S2VvxXNTuB9L","call 911",1,6,1
"R_7b1S2VvxXNTuB9L","ignore",1,6,2
"R_7b1S2VvxXNTuB9L","call for help around",1,6,3
"R_7b1S2VvxXNTuB9L","do nothing",1,6,4
"R_7b1S2VvxXNTuB9L","break the car glass for air to pass through",1,6,5
"R_7b1S2VvxXNTuB9L","keep quiet about it",1,7,1
"R_7b1S2VvxXNTuB9L","turn back",1,7,2
"R_7b1S2VvxXNTuB9L","boycott the bag",1,7,3
"R_7b1S2VvxXNTuB9L","confront the security",1,7,4
"R_7b1S2VvxXNTuB9L","run away",1,7,5
"R_7b1S2VvxXNTuB9L","delay the ceremony",1,8,1
"R_7b1S2VvxXNTuB9L","order a new one ",1,8,2
"R_7b1S2VvxXNTuB9L","postpone the ceremony",1,8,3
"R_7b1S2VvxXNTuB9L","proceed with the ceremony",1,8,4
"R_7b1S2VvxXNTuB9L","tell everyone what has happened",1,8,5
"R_1E1DXURxHj5zoWd","Tell her no",2,5,1
"R_1E1DXURxHj5zoWd","tell her yes",2,5,2
"R_1E1DXURxHj5zoWd","say you have somewhere to be and you can't",2,5,3
"R_1E1DXURxHj5zoWd","apologize and say thats out of the way",2,5,4
"R_1E1DXURxHj5zoWd","take her",2,5,5
"R_1E1DXURxHj5zoWd","Call 911",2,6,1
"R_1E1DXURxHj5zoWd","look for owner",2,6,2
"R_1E1DXURxHj5zoWd","go into mall and see if someone can announce over the loud speaker",2,6,3
"R_1E1DXURxHj5zoWd","break the window",2,6,4
"R_1E1DXURxHj5zoWd","look around parking lot for owner",2,6,5
"R_1E1DXURxHj5zoWd","throw it away",2,7,1
"R_1E1DXURxHj5zoWd","tell security he forgot",2,7,2
"R_1E1DXURxHj5zoWd","run to car and put it in car",2,7,3
"R_1E1DXURxHj5zoWd","give it to security",2,7,4
"R_1E1DXURxHj5zoWd","not attend the festival ",2,7,5
"R_75yy6rmSUauMNtI","take out a loan",1,1,1
"R_75yy6rmSUauMNtI","get a credit card",1,1,2
"R_75yy6rmSUauMNtI","steal money",1,1,3
"R_75yy6rmSUauMNtI","ask a friend for money",1,1,4
"R_75yy6rmSUauMNtI","steal the medication",1,1,5
"R_75yy6rmSUauMNtI","leave the knife with TSA to have it sent back.",1,7,1
"R_75yy6rmSUauMNtI","Call someone to come get the knife from him",1,7,2
"R_75yy6rmSUauMNtI","leave the knife and buy a new one when he arrives",1,7,3
"R_75yy6rmSUauMNtI","return home to leave the knife and miss the flight",1,7,4
"R_75yy6rmSUauMNtI","run the security check",1,7,5
"R_75yy6rmSUauMNtI","Try to contact someone else that knows the boss to see if they can get a hold of them.",1,9,1
"R_75yy6rmSUauMNtI","Make a sign to put up on the door that the store is temporarily closed and then leave a note for his boss.",1,9,2
"R_75yy6rmSUauMNtI","Could contact the police to report them missing.",1,9,3
"R_75yy6rmSUauMNtI","Could contact the court and see if what options he has for changing the court appointment",1,9,4
"R_75yy6rmSUauMNtI","Contact another co worker to see if they can cover for at least the duration of his court appointment.",1,9,5
"R_71jIO8XxofgA5ZU","borrow from friends/family",2,1,1
"R_71jIO8XxofgA5ZU","get a payday loan",2,1,2
"R_71jIO8XxofgA5ZU","sell something",2,1,3
"R_71jIO8XxofgA5ZU","perform a gig job for pay/side hustle",2,1,4
"R_71jIO8XxofgA5ZU","get a loan from credit union",2,1,5
"R_71jIO8XxofgA5ZU","offer to take her as far as he's going",2,5,1
"R_71jIO8XxofgA5ZU","say he can't but offer money for a meal or something",2,5,2
"R_71jIO8XxofgA5ZU","if you're rich you could pay for an uber",2,5,3
"R_71jIO8XxofgA5ZU","say no",2,5,4
"R_71jIO8XxofgA5ZU","say yes and just take her",2,5,5
"R_71jIO8XxofgA5ZU","go back into the mall and tell security",2,6,1
"R_71jIO8XxofgA5ZU","find something and break the window",2,6,2
"R_71jIO8XxofgA5ZU","ignore it and keep walking",2,6,3
"R_71jIO8XxofgA5ZU","ask the mall to make an announcement",2,6,4
"R_71jIO8XxofgA5ZU","call the cops",2,6,5
"R_6It9aEYe3rEhwAz","Start a crowdfunding campaign on platforms ",2,1,1
"R_6It9aEYe3rEhwAz","Negotiate with the pharmaceutical company ",2,1,2
"R_6It9aEYe3rEhwAz","Research and apply for programs offered by pharmaceutical companies that provide financial aid for patients ",2,1,3
"R_6It9aEYe3rEhwAz","Contact non-profit organizations and patient advocacy groups like CancerCare",2,1,4
"R_6It9aEYe3rEhwAz","Explore government programs such as Medicaid and also local resources",2,1,5
"R_6It9aEYe3rEhwAz","Purchase a new ticket",2,3,1
"R_6It9aEYe3rEhwAz","Ask Venue staff for Assistance ",2,3,2
"R_6It9aEYe3rEhwAz","Call Venue's Box office ",2,3,3
"R_6It9aEYe3rEhwAz","Wait with Ted or Find alternative arrangements ",2,3,4
"R_6It9aEYe3rEhwAz","Check for digital ticket options ",2,3,5
"R_6It9aEYe3rEhwAz","Call a taxi for the woman",2,5,1
"R_6It9aEYe3rEhwAz","Provide directions to the nearby city",2,5,2
"R_6It9aEYe3rEhwAz","Offer to drive her to the city",2,5,3
"R_6It9aEYe3rEhwAz","Politely decline",2,5,4
"R_6It9aEYe3rEhwAz","Offer to drop her off at a safe location",2,5,5
"R_3mmDkGpCz2DOfny","call roadside assistance",1,2,1
"R_3mmDkGpCz2DOfny","order an uber",1,2,2
"R_3mmDkGpCz2DOfny","call a friend",1,2,3
"R_3mmDkGpCz2DOfny","walk",1,2,4
"R_3mmDkGpCz2DOfny","do nothing",1,2,5
"R_3mmDkGpCz2DOfny","give the woman a ride",1,5,1
"R_3mmDkGpCz2DOfny","decline giving the lady a ride",1,5,2
"R_3mmDkGpCz2DOfny","buy her a drink",1,5,3
"R_3mmDkGpCz2DOfny","give her a ride and buy her a drink",1,5,4
"R_3mmDkGpCz2DOfny","decline her a ride and buy her a drink",1,5,5
"R_3mmDkGpCz2DOfny","call the police",1,6,1
"R_3mmDkGpCz2DOfny","break the window",1,6,2
"R_3mmDkGpCz2DOfny","call animal control",1,6,3
"R_3mmDkGpCz2DOfny","go in the store to find the owner",1,6,4
"R_3mmDkGpCz2DOfny","mind her business",1,6,5
"R_346RSAXMpOOSu79","tell him to buy a new ticket",2,3,1
"R_346RSAXMpOOSu79","go in anyway without him",2,3,2
"R_346RSAXMpOOSu79","tell ted to go home and get it",2,3,3
"R_346RSAXMpOOSu79","not go in yourself",2,3,4
"R_346RSAXMpOOSu79","take him to his house",2,3,5
"R_346RSAXMpOOSu79","offer the ride",2,5,1
"R_346RSAXMpOOSu79","decline the ride",2,5,2
"R_346RSAXMpOOSu79","give her suggestions",2,5,3
"R_346RSAXMpOOSu79","tell her you are running late ",2,5,4
"R_346RSAXMpOOSu79","ignore her",2,5,5
"R_346RSAXMpOOSu79","leave anyway",2,9,1
"R_346RSAXMpOOSu79","try calling the boss",2,9,2
"R_346RSAXMpOOSu79","miss the court ",2,9,3
"R_346RSAXMpOOSu79","close up and leave a note",2,9,4
"R_346RSAXMpOOSu79","stay until the boss shows",2,9,5
"R_61GmBkLBYTD3DPg","Call AAA to repair his car.",1,2,1
"R_61GmBkLBYTD3DPg","Call an Uber to get him to the airport. ",1,2,2
"R_61GmBkLBYTD3DPg","Call family or friend to get him to the airport. ",1,2,3
"R_61GmBkLBYTD3DPg","Get out and fix the car himself, if possible. ",1,2,4
"R_61GmBkLBYTD3DPg","Call a local towing company to tow his car to the garage and give him a ride to the airport. ",1,2,5
"R_61GmBkLBYTD3DPg","Give the woman a ride.",1,5,1
"R_61GmBkLBYTD3DPg","Tell the woman no. ",1,5,2
"R_61GmBkLBYTD3DPg","Give the woman money to take a taxi. ",1,5,3
"R_61GmBkLBYTD3DPg","Call the police to report the woman for suspicious behavior. ",1,5,4
"R_61GmBkLBYTD3DPg","Tell the woman to go in the gas station and ask for assistance. ",1,5,5
"R_61GmBkLBYTD3DPg","Try to open the car door to let air in. ",1,6,1
"R_61GmBkLBYTD3DPg","Call the police. ",1,6,2
"R_61GmBkLBYTD3DPg","Go in the mall and ask them to page the owner of the car make and model.. ",1,6,3
"R_61GmBkLBYTD3DPg","Break the window and take the dog out. ",1,6,4
"R_61GmBkLBYTD3DPg","She could just leave the dog to die and go about her business. ",1,6,5
"R_6B3bcSl08N0mNBZ","Ask friends for money",2,1,1
"R_6B3bcSl08N0mNBZ","Ask family for money",2,1,2
"R_6B3bcSl08N0mNBZ","Buy for a cheaper price online",2,1,3
"R_6B3bcSl08N0mNBZ","Don't buy the medication",2,1,4
"R_6B3bcSl08N0mNBZ","Find an alternative medicine ",2,1,5
"R_6B3bcSl08N0mNBZ","Pull over to the side of the road.",2,4,1
"R_6B3bcSl08N0mNBZ","Write down the license plate number.",2,4,2
"R_6B3bcSl08N0mNBZ","Call the police.",2,4,3
"R_6B3bcSl08N0mNBZ","Keep driving. ",2,4,4
"R_6B3bcSl08N0mNBZ","Find an alternate route. ",2,4,5
"R_6B3bcSl08N0mNBZ","Leave the knife in the bag.",2,7,1
"R_6B3bcSl08N0mNBZ","Put the knife in his car. ",2,7,2
"R_6B3bcSl08N0mNBZ","Ask security to hold the knife. ",2,7,3
"R_6B3bcSl08N0mNBZ","Throw the knife away. ",2,7,4
"R_6B3bcSl08N0mNBZ","Give it to someone else. ",2,7,5
"R_7YnrqDWDo1qaZVv","borrow ",2,1,1
"R_7YnrqDWDo1qaZVv","ask for help with family",2,1,2
"R_7YnrqDWDo1qaZVv","get a loan",2,1,3
"R_7YnrqDWDo1qaZVv","go without",2,1,4
"R_7YnrqDWDo1qaZVv","ask dr for another medication",2,1,5
"R_7YnrqDWDo1qaZVv","call a friend ",2,2,1
"R_7YnrqDWDo1qaZVv","call ins company",2,2,2
"R_7YnrqDWDo1qaZVv","get a ride leave car for friend or family to deal with ",2,2,3
"R_7YnrqDWDo1qaZVv","leave car there",2,2,4
"R_7YnrqDWDo1qaZVv","change flight ",2,2,5
"R_7YnrqDWDo1qaZVv","leave and close store",2,9,1
"R_7YnrqDWDo1qaZVv","call lawyer ",2,9,2
"R_7YnrqDWDo1qaZVv","wait ",2,9,3
"R_7YnrqDWDo1qaZVv","keep calling boss",2,9,4
"R_7YnrqDWDo1qaZVv","leave",2,9,5
"R_70vIFXS6ejXemnv","Call for help to AAA",2,2,1
"R_70vIFXS6ejXemnv","Call a friend for help",2,2,2
"R_70vIFXS6ejXemnv","Flag down a motorist for help",2,2,3
"R_70vIFXS6ejXemnv","Call the police for help",2,2,4
"R_70vIFXS6ejXemnv","push car to side of road and call an Uber",2,2,5
"R_70vIFXS6ejXemnv","Tell an adult",2,8,1
"R_70vIFXS6ejXemnv","call the cab company",2,8,2
"R_70vIFXS6ejXemnv","tell the officiant",2,8,3
"R_70vIFXS6ejXemnv","use another ring from an adult",2,8,4
"R_70vIFXS6ejXemnv","cry",2,8,5
"R_70vIFXS6ejXemnv","call another worker to fill in",2,9,1
"R_70vIFXS6ejXemnv","reschedule the court appointment",2,9,2
"R_70vIFXS6ejXemnv","send someone to boss' house",2,9,3
"R_70vIFXS6ejXemnv","close the store down",2,9,4
"R_70vIFXS6ejXemnv","miss the court appointment",2,9,5
"R_7RvzucUpWomndJz","If tickets are not sold out, Darya could lend Ted some money to buy another and he can pay her back later.",2,3,1
"R_7RvzucUpWomndJz","Darya and Ted could choose to skip the concert and go do something else together.",2,3,2
"R_7RvzucUpWomndJz","Darya could choose to be a bad friend and attend the concert anyway while Ted goes home.",2,3,3
"R_7RvzucUpWomndJz","Darya could help Ted sneak into the concert without paying.",2,3,4
"R_7RvzucUpWomndJz","Darya could give Ted her ticket, and go home alone.",2,3,5
"R_7RvzucUpWomndJz","Cameron could give her a ride anyway.",2,5,1
"R_7RvzucUpWomndJz","Cameron could lend her money for an Uber/taxi driver.",2,5,2
"R_7RvzucUpWomndJz","Cameron could say no.",2,5,3
"R_7RvzucUpWomndJz","Cameron could advise her on bus route resources so she can find her own ride.",2,5,4
"R_7RvzucUpWomndJz","Cameron could agree to drive her if she pays him. ",2,5,5
"R_7RvzucUpWomndJz","Jeff could lock up and leave a note for his boss, and leave for his appointment.",2,9,1
"R_7RvzucUpWomndJz","Jeff could call a coworker to cover for him.",2,9,2
"R_7RvzucUpWomndJz","Jeff could call the court to see if his appointment could possibly be rescheduled.",2,9,3
"R_7RvzucUpWomndJz","Jeff could call the court to explain the situation and advise that he will be late.",2,9,4
"R_7RvzucUpWomndJz","Jeff could walk out and quit, leaving the store unstaffed.",2,9,5
"R_1LZL7fIzii8yVXA","Discard it",1,7,1
"R_1LZL7fIzii8yVXA","Sell it ",1,7,2
"R_1LZL7fIzii8yVXA","Explain the situation to security",1,7,3
"R_1LZL7fIzii8yVXA","Go home to return it",1,7,4
"R_1LZL7fIzii8yVXA","Stab himself with it in agony",1,7,5
"R_1LZL7fIzii8yVXA","Call the taxi service",1,8,1
"R_1LZL7fIzii8yVXA","Run away",1,8,2
"R_1LZL7fIzii8yVXA","Explain the situation and go from there",1,8,3
"R_1LZL7fIzii8yVXA","Find a local jeweler to buy another one locally",1,8,4
"R_1LZL7fIzii8yVXA","Ask someone there to borrow their ring for the ceremony",1,8,5
"R_1LZL7fIzii8yVXA","Call Jeff to ask what to do",1,9,1
"R_1LZL7fIzii8yVXA","Leave without warning",1,9,2
"R_1LZL7fIzii8yVXA","Call the court to postpone ",1,9,3
"R_1LZL7fIzii8yVXA","Have someone local cover",1,9,4
"R_1LZL7fIzii8yVXA","Have a coworker cover",1,9,5
"R_32R0r2qoXbuX4HA","hope",2,1,1
"R_32R0r2qoXbuX4HA","seek for alternative options",2,1,2
"R_32R0r2qoXbuX4HA","pray",2,1,3
"R_32R0r2qoXbuX4HA","seek medical information",2,1,4
"R_32R0r2qoXbuX4HA","loan",2,1,5
"R_32R0r2qoXbuX4HA","criticize",2,7,1
"R_32R0r2qoXbuX4HA","rush through",2,7,2
"R_32R0r2qoXbuX4HA","confront",2,7,3
"R_32R0r2qoXbuX4HA","argue",2,7,4
"R_32R0r2qoXbuX4HA","clearify stuffs",2,7,5
"R_32R0r2qoXbuX4HA","purcahase a new one ",2,8,1
"R_32R0r2qoXbuX4HA","go after it ",2,8,2
"R_32R0r2qoXbuX4HA","informs them about the missing ring",2,8,3
"R_32R0r2qoXbuX4HA","worried",2,8,4
"R_32R0r2qoXbuX4HA","desperate",2,8,5
"R_5wF8GPKxXVbjBbJ","Go to the concert anyway",2,3,1
"R_5wF8GPKxXVbjBbJ","Go with Ted to get the ticket",2,3,2
"R_5wF8GPKxXVbjBbJ","Wait for Ted to come back",2,3,3
"R_5wF8GPKxXVbjBbJ","Both miss the concert",2,3,4
"R_5wF8GPKxXVbjBbJ","Sell her ticket to someone else",2,3,5
"R_5wF8GPKxXVbjBbJ","Panic",2,7,1
"R_5wF8GPKxXVbjBbJ","Tell the TSA agent about the knife",2,7,2
"R_5wF8GPKxXVbjBbJ","Turn around",2,7,3
"R_5wF8GPKxXVbjBbJ","Get out of line",2,7,4
"R_5wF8GPKxXVbjBbJ","Go back to the counter and try to ship it another way",2,7,5
"R_5wF8GPKxXVbjBbJ","Panic",2,8,1
"R_5wF8GPKxXVbjBbJ","Call the taxi company",2,8,2
"R_5wF8GPKxXVbjBbJ","Tell his sister",2,8,3
"R_5wF8GPKxXVbjBbJ","Tell everyone at the wedding",2,8,4
"R_5wF8GPKxXVbjBbJ","Leave to go find the taxi",2,8,5
"R_190yYgIlepm6122","Darya could arrange to meet after the concert.",1,3,1
"R_190yYgIlepm6122","Darya could save his seat for when he returns.",1,3,2
"R_190yYgIlepm6122","Darya could give him her ticket and miss the concert.",1,3,3
"R_190yYgIlepm6122","Darya could suggest he buys another ticket.",1,3,4
"R_190yYgIlepm6122","Darya could leave with him to get his ticket.",1,3,5
"R_190yYgIlepm6122","Cameron could say no.",1,5,1
"R_190yYgIlepm6122","Cameron could pretend not to hear her.",1,5,2
"R_190yYgIlepm6122","Cameron could say yes.",1,5,3
"R_190yYgIlepm6122","Cameron could say he will take her as far as his house, but no further.",1,5,4
"R_190yYgIlepm6122","Cameron could call her a taxi.",1,5,5
"R_190yYgIlepm6122","Jeff could leave the store unlocked and go to his appointment.",1,9,1
"R_190yYgIlepm6122","Jeff could call another employee to cover his shift.",1,9,2
"R_190yYgIlepm6122","Jeff could wait a while longer to see if his boss shows up.",1,9,3
"R_190yYgIlepm6122","Jeff could close the store and go to his appointment.",1,9,4
"R_190yYgIlepm6122","Jeff could call for a welfare check for his boss.",1,9,5
"R_5QDdHosyEaRHfop","start a go-fund me",1,1,1
"R_5QDdHosyEaRHfop","ask family",1,1,2
"R_5QDdHosyEaRHfop","ask friends",1,1,3
"R_5QDdHosyEaRHfop","steal the money",1,1,4
"R_5QDdHosyEaRHfop","work extra jobs",1,1,5
"R_5QDdHosyEaRHfop","Buy Ted a new ticket",1,3,1
"R_5QDdHosyEaRHfop","Go back to Ted's house",1,3,2
"R_5QDdHosyEaRHfop","Ignore Ted and go inside",1,3,3
"R_5QDdHosyEaRHfop","See if anyone around has an extra for free",1,3,4
"R_5QDdHosyEaRHfop","Give Ted the car and let him go back alone",1,3,5
"R_5QDdHosyEaRHfop","break the window",1,6,1
"R_5QDdHosyEaRHfop","wait for the owner",1,6,2
"R_5QDdHosyEaRHfop","call the police",1,6,3
"R_5QDdHosyEaRHfop","walk away",1,6,4
"R_5QDdHosyEaRHfop","smash the windshield",1,6,5
"R_71Y4sWvyzStdHjm","Borrow money",1,1,1
"R_71Y4sWvyzStdHjm","Contact the doctor for some samples until they can afford the medicaions",1,1,2
"R_71Y4sWvyzStdHjm","Get a second job to get extra income",1,1,3
"R_71Y4sWvyzStdHjm","Don't pay other bills and buy the medication",1,1,4
"R_71Y4sWvyzStdHjm","Don't buy medication at all",1,1,5
"R_71Y4sWvyzStdHjm","Reach out to the taxi service to request driver to come back",1,8,1
"R_71Y4sWvyzStdHjm","Try to delay the ceremony",1,8,2
"R_71Y4sWvyzStdHjm","Come clean",1,8,3
"R_71Y4sWvyzStdHjm","Ask someone to go pick up the rings",1,8,4
"R_71Y4sWvyzStdHjm","Leave to pick up the rings himself",1,8,5
"R_71Y4sWvyzStdHjm","Keep calling him",1,9,1
"R_71Y4sWvyzStdHjm","Close the store and leave",1,9,2
"R_71Y4sWvyzStdHjm","Ask someone else to come in to cover him",1,9,3
"R_71Y4sWvyzStdHjm","Quit",1,9,4
"R_71Y4sWvyzStdHjm","Stay and don't go to court",1,9,5
"R_32mp9ZvRhgXm8nv","get help",2,1,1
"R_32mp9ZvRhgXm8nv","ask for cheaper script",2,1,2
"R_32mp9ZvRhgXm8nv","go fund me",2,1,3
"R_32mp9ZvRhgXm8nv","go to hospitol",2,1,4
"R_32mp9ZvRhgXm8nv","find better insurance",2,1,5
"R_32mp9ZvRhgXm8nv","call police",2,4,1
"R_32mp9ZvRhgXm8nv","try and stop driver",2,4,2
"R_32mp9ZvRhgXm8nv","follow the driver",2,4,3
"R_32mp9ZvRhgXm8nv","blow the horn",2,4,4
"R_32mp9ZvRhgXm8nv"," yell out the window",2,4,5
"R_32mp9ZvRhgXm8nv","call police",2,6,1
"R_32mp9ZvRhgXm8nv","break window",2,6,2
"R_32mp9ZvRhgXm8nv","find driver",2,6,3
"R_32mp9ZvRhgXm8nv","pry window down",2,6,4
"R_32mp9ZvRhgXm8nv","find water",2,6,5
"R_5SejY3ouryoaGFQ","Do freelance work to make extra money. ",1,1,1
"R_5SejY3ouryoaGFQ","Sell stuff that they have.",1,1,2
"R_5SejY3ouryoaGFQ","Sell stocks that they have.",1,1,3
"R_5SejY3ouryoaGFQ","Get a loan. ",1,1,4
"R_5SejY3ouryoaGFQ","Use their credit cards. ",1,1,5
"R_5SejY3ouryoaGFQ","Leave early to get to the airport. ",1,2,1
"R_5SejY3ouryoaGFQ","Run to the gate.",1,2,2
"R_5SejY3ouryoaGFQ","Get an uber earlier.",1,2,3
"R_5SejY3ouryoaGFQ","Drink coffee.",1,2,4
"R_5SejY3ouryoaGFQ","Drink an energy drink. ",1,2,5
"R_5SejY3ouryoaGFQ","Pretend to die",1,8,1
"R_5SejY3ouryoaGFQ","Object to the wedding",1,8,2
"R_5SejY3ouryoaGFQ","Ask someone for a wedding ring to borrow for the cerimony. ",1,8,3
"R_5SejY3ouryoaGFQ","This is the best thing to do.",1,8,4
"R_5SejY3ouryoaGFQ","This is the best thing to do again. ",1,8,5
"R_6jKUYnaHYdMREbf","go back to the house",2,3,1
"R_6jKUYnaHYdMREbf","continue without him",2,3,2
"R_6jKUYnaHYdMREbf","try to get a scalped ticket",2,3,3
"R_6jKUYnaHYdMREbf","leave the concert",2,3,4
"R_6jKUYnaHYdMREbf","buy another ticket",2,3,5
"R_6jKUYnaHYdMREbf","say no",2,5,1
"R_6jKUYnaHYdMREbf","say absolutely not",2,5,2
"R_6jKUYnaHYdMREbf","call her an uber",2,5,3
"R_6jKUYnaHYdMREbf","call her a taxi",2,5,4
"R_6jKUYnaHYdMREbf","tell her where the bus is",2,5,5
"R_6jKUYnaHYdMREbf","call mall security",2,6,1
"R_6jKUYnaHYdMREbf","call animal control",2,6,2
"R_6jKUYnaHYdMREbf","call the police",2,6,3
"R_6jKUYnaHYdMREbf","call for help",2,6,4
"R_6jKUYnaHYdMREbf","break a window on the car",2,6,5
"R_30pn2AznvKMe182","Call a tow truck and call an uber",2,2,1
"R_30pn2AznvKMe182","Get a later flight",2,2,2
"R_30pn2AznvKMe182","Call a friend for help",2,2,3
"R_30pn2AznvKMe182","Give up",2,2,4
"R_30pn2AznvKMe182","Walk",2,2,5
"R_30pn2AznvKMe182","have the owner paged",2,6,1
"R_30pn2AznvKMe182","break the window",2,6,2
"R_30pn2AznvKMe182","leave",2,6,3
"R_30pn2AznvKMe182","call animal control",2,6,4
"R_30pn2AznvKMe182","wait for the owner",2,6,5
"R_30pn2AznvKMe182","Get rid of it and take the loss",2,7,1
"R_30pn2AznvKMe182","Plant it in someone else's bag",2,7,2
"R_30pn2AznvKMe182","Go check his carry on",2,7,3
"R_30pn2AznvKMe182","Not go",2,7,4
"R_30pn2AznvKMe182","Kill TSA",2,7,5
"R_1qgUPXeZqltMSJZ","go to the concert",2,3,1
"R_1qgUPXeZqltMSJZ","try and get replacement ticket",2,3,2
"R_1qgUPXeZqltMSJZ","see if ticket is on phone",2,3,3
"R_1qgUPXeZqltMSJZ","not go to concert",2,3,4
"R_1qgUPXeZqltMSJZ","tell ted take an uber and get ticket",2,3,5
"R_1qgUPXeZqltMSJZ","Call 911",2,4,1
"R_1qgUPXeZqltMSJZ","stay clear of that car",2,4,2
"R_1qgUPXeZqltMSJZ","honk horn",2,4,3
"R_1qgUPXeZqltMSJZ","pull over",2,4,4
"R_1qgUPXeZqltMSJZ","slow down",2,4,5
"R_1qgUPXeZqltMSJZ","call 911",2,6,1
"R_1qgUPXeZqltMSJZ","break the window",2,6,2
"R_1qgUPXeZqltMSJZ","get mall security",2,6,3
"R_1qgUPXeZqltMSJZ","get license  plate number",2,6,4
"R_1qgUPXeZqltMSJZ","try and open car door",2,6,5
"R_6LXt19abpf4LtPJ","Check for Digital Ticket Options",1,3,1
"R_6LXt19abpf4LtPJ","Go to the Box Office for Assistance",1,3,2
"R_6LXt19abpf4LtPJ","Ask a Friend to Email or Text a Photo of the Ticket",1,3,3
"R_6LXt19abpf4LtPJ","Split Up So Darya Can Hold Ted’s Spot",1,3,4
"R_6LXt19abpf4LtPJ","Look for Last-Minute Ticket Options",1,3,5
"R_6LXt19abpf4LtPJ","Keep a Safe Distance",1,4,1
"R_6LXt19abpf4LtPJ","Avoid Passing the Vehicle",1,4,2
"R_6LXt19abpf4LtPJ","Call the Authorities",1,4,3
"R_6LXt19abpf4LtPJ","Use Hazard Lights",1,4,4
"R_6LXt19abpf4LtPJ","Stay Calm and Observant",1,4,5
"R_6LXt19abpf4LtPJ","Go Back to Check the Knife",1,7,1
"R_6LXt19abpf4LtPJ","Use an Airport Mail Service",1,7,2
"R_6LXt19abpf4LtPJ","Ask a Friend or Family Member to Pick It Up",1,7,3
"R_6LXt19abpf4LtPJ","Store the Knife in an Airport Locker (If Available)",1,7,4
"R_6LXt19abpf4LtPJ","Surrender the Knife to Security",1,7,5
"R_5kzSBtreK87WgDQ","Suggest ways to sneak Ted into the concert",1,3,1
"R_5kzSBtreK87WgDQ","Sneak Ted into the concert",1,3,2
"R_5kzSBtreK87WgDQ","See if Ted can prove to security he bought a ticket to get in",1,3,3
"R_5kzSBtreK87WgDQ","Try to get backstage with Ted and friends",1,3,4
"R_5kzSBtreK87WgDQ","Leave the concert with Ted to get this ticket so he doesn't feel alone",1,3,5
"R_5kzSBtreK87WgDQ","Be honest and let security know he accidentally brought his expensive knife but emphasize he's a chef",1,7,1
"R_5kzSBtreK87WgDQ","Go back home and drop off his expensive knife then return to airport",1,7,2
"R_5kzSBtreK87WgDQ","Call a friend and ask they come by and pick up his knife ",1,7,3
"R_5kzSBtreK87WgDQ","Call a family member and ask if they can come by and pick up his knife",1,7,4
"R_5kzSBtreK87WgDQ","Hide the knife somewhere or throw it away",1,7,5
"R_5kzSBtreK87WgDQ","Call his boss and leave a voicemail explaining his court appointment and leave",1,9,1
"R_5kzSBtreK87WgDQ","Close shop and leave for his court appointment, leave note for boss with explanation",1,9,2
"R_5kzSBtreK87WgDQ","Call an employee ask if they can come in and explain the situation",1,9,3
"R_5kzSBtreK87WgDQ","Jeff could just clock out of his shift and leave work ",1,9,4
"R_5kzSBtreK87WgDQ","Stay and see if he can re-schedule his court appointment",1,9,5
"R_3kNvn4Q7g7DBbw0","explain to the ticketing officer",1,3,1
"R_3kNvn4Q7g7DBbw0","have someone drop his ticket off",1,3,2
"R_3kNvn4Q7g7DBbw0","show a picture version of the ticket",1,3,3
"R_3kNvn4Q7g7DBbw0","leave the concert all togethr",1,3,4
"R_3kNvn4Q7g7DBbw0","leave ted",1,3,5
"R_3kNvn4Q7g7DBbw0","slow down",1,4,1
"R_3kNvn4Q7g7DBbw0","move to another lane",1,4,2
"R_3kNvn4Q7g7DBbw0","call 911",1,4,3
"R_3kNvn4Q7g7DBbw0","honk the horn",1,4,4
"R_3kNvn4Q7g7DBbw0","find another road",1,4,5
"R_3kNvn4Q7g7DBbw0","explain to the TSA officer",1,7,1
"R_3kNvn4Q7g7DBbw0","leave the airport",1,7,2
"R_3kNvn4Q7g7DBbw0","keep moving and hope they don't notice",1,7,3
"R_3kNvn4Q7g7DBbw0","blame his friend",1,7,4
"R_3kNvn4Q7g7DBbw0","apologize",1,7,5
"R_6jeQDjP0f1ICJuw","Ask family or friends for the money",2,1,1
"R_6jeQDjP0f1ICJuw","Get a loan from the bank",2,1,2
"R_6jeQDjP0f1ICJuw","Cash out their retirement savings",2,1,3
"R_6jeQDjP0f1ICJuw","Pay for it with credit cards and take on debt",2,1,4
"R_6jeQDjP0f1ICJuw","Start a fundraising campaign online for the money",2,1,5
"R_6jeQDjP0f1ICJuw","Give Ted her ticket and go home",2,3,1
"R_6jeQDjP0f1ICJuw","Offer another concert-goer money for their ticket",2,3,2
"R_6jeQDjP0f1ICJuw","Both her and Ted don't attend the concert",2,3,3
"R_6jeQDjP0f1ICJuw","See if Ted has family that has a key to his house and could drive it halfway to meet him",2,3,4
"R_6jeQDjP0f1ICJuw","Check the box office and see if there are any more tickets for sale",2,3,5
"R_6jeQDjP0f1ICJuw","Call the court and say that he's running late",2,9,1
"R_6jeQDjP0f1ICJuw","Call the court and try to reschedule",2,9,2
"R_6jeQDjP0f1ICJuw","Call his boss",2,9,3
"R_6jeQDjP0f1ICJuw","Call a coworker to fill in for the boss",2,9,4
"R_6jeQDjP0f1ICJuw","Leave the store unattended and go to his appointment",2,9,5
"R_5sn02dInsUYYBeV","start a GoFund me ",1,1,1
"R_5sn02dInsUYYBeV","look for a charity that does this sort of thing",1,1,2
"R_5sn02dInsUYYBeV","ask family members for money",1,1,3
"R_5sn02dInsUYYBeV","sell an asset",1,1,4
"R_5sn02dInsUYYBeV","steal money",1,1,5
"R_5sn02dInsUYYBeV","give her a ride ",1,5,1
"R_5sn02dInsUYYBeV","give her a ride as far as his house and let her figure out how to go the next 10 miles ",1,5,2
"R_5sn02dInsUYYBeV","pretend he did not hear her",1,5,3
"R_5sn02dInsUYYBeV","call her an Uber and pay for it himself ",1,5,4
"R_5sn02dInsUYYBeV","politely explain it is not safe to give rides to strangers and he can't help her",1,5,5
"R_5sn02dInsUYYBeV","ask to delay the wedding and call the taxi company",1,8,1
"R_5sn02dInsUYYBeV","take off his own ring so they can use a substitute ",1,8,2
"R_5sn02dInsUYYBeV","do nothing and just cry",1,8,3
"R_5sn02dInsUYYBeV","Make a joke out of it and tell the priest to do the same",1,8,4
"R_5sn02dInsUYYBeV","Make one out of some string in his pocket for a temporary fix",1,8,5
"R_3fYEYedezPYLzXj","See if he can get his ticket online",2,3,1
"R_3fYEYedezPYLzXj","See if he can get his ticket from his email",2,3,2
"R_3fYEYedezPYLzXj","Go to the will call window ",2,3,3
"R_3fYEYedezPYLzXj","Offer him advice on all of the above",2,3,4
"R_3fYEYedezPYLzXj","Calm him down",2,3,5
"R_3fYEYedezPYLzXj","Call 911",2,6,1
"R_3fYEYedezPYLzXj","Break the window",2,6,2
"R_3fYEYedezPYLzXj","Ask someone around if they can help",2,6,3
"R_3fYEYedezPYLzXj","Ask an associate in the mall",2,6,4
"R_3fYEYedezPYLzXj","Call friend to get advice",2,6,5
"R_3fYEYedezPYLzXj","Go put it back in his vehicle",2,7,1
"R_3fYEYedezPYLzXj","Explain to TSA",2,7,2
"R_3fYEYedezPYLzXj","Call family to come get it",2,7,3
"R_3fYEYedezPYLzXj","Call a friend to come get it",2,7,4
"R_3fYEYedezPYLzXj","Don't get on the flight and reschedule",2,7,5
"R_1WItAFIsHsFVCpu","go inside anyway",1,3,1
"R_1WItAFIsHsFVCpu","make a joke",1,3,2
"R_1WItAFIsHsFVCpu","in the future do not trust Ted to keep something for her",1,3,3
"R_1WItAFIsHsFVCpu","tell him to go get the ticket",1,3,4
"R_1WItAFIsHsFVCpu","give him $20 towards a new ticket",1,3,5
"R_1WItAFIsHsFVCpu","start looking for car owner",1,6,1
"R_1WItAFIsHsFVCpu","notify security or police by phone",1,6,2
"R_1WItAFIsHsFVCpu","forget about it and drive home, dont get involved",1,6,3
"R_1WItAFIsHsFVCpu","wait at the car",1,6,4
"R_1WItAFIsHsFVCpu","talk to someone passing by and ask their advice",1,6,5
"R_1WItAFIsHsFVCpu","make a joke",1,8,1
"R_1WItAFIsHsFVCpu","tell the groom",1,8,2
"R_1WItAFIsHsFVCpu","start touching his pocket repeatedly",1,8,3
"R_1WItAFIsHsFVCpu","prepare to whisper to them he doesn't have it",1,8,4
"R_1WItAFIsHsFVCpu","take the ring he is wearing to temporarily substitute",1,8,5
"R_3INoGfI7cOjyIEJ","Research different coupons",2,1,1
"R_3INoGfI7cOjyIEJ","Ask the prescriber if there is a cheaper medication",2,1,2
"R_3INoGfI7cOjyIEJ","Ask the pharmacy if there are any coupons",2,1,3
"R_3INoGfI7cOjyIEJ","Call your insurance and question it",2,1,4
"R_3INoGfI7cOjyIEJ","Ask a family member for assistance",2,1,5
"R_3INoGfI7cOjyIEJ","Check to see if there is a copy of the ticket in her email",2,3,1
"R_3INoGfI7cOjyIEJ","Ask to speak to a staff member about it",2,3,2
"R_3INoGfI7cOjyIEJ","Purchase a new one",2,3,3
"R_3INoGfI7cOjyIEJ","Go home and miss the concert",2,3,4
"R_3INoGfI7cOjyIEJ","Risk running home to grab the ticket  ",2,3,5
"R_3INoGfI7cOjyIEJ","Takes the plate number and takes it inside to page someone",2,6,1
"R_3INoGfI7cOjyIEJ","Calls the police",2,6,2
"R_3INoGfI7cOjyIEJ","Stands there until someone comes out",2,6,3
"R_3INoGfI7cOjyIEJ","Checks to see if the door is open",2,6,4
"R_3INoGfI7cOjyIEJ","Leave and do nothing. ",2,6,5
"R_39AOh67MgzH9Ec1","work extra to get extra money",1,1,1
"R_39AOh67MgzH9Ec1","get a loan from the bank",1,1,2
"R_39AOh67MgzH9Ec1","ask for help (go fund me)",1,1,3
"R_39AOh67MgzH9Ec1","take money from retirement/savings",1,1,4
"R_39AOh67MgzH9Ec1","search up other types of insurance that can cover the cost",1,1,5
"R_39AOh67MgzH9Ec1","wait until help arrives",1,2,1
"R_39AOh67MgzH9Ec1","call a friend to take car of his car and get an uber",1,2,2
"R_39AOh67MgzH9Ec1","take another flight and delay the trip ",1,2,3
"R_39AOh67MgzH9Ec1","leave the car and get an uber ride",1,2,4
"R_39AOh67MgzH9Ec1","cancel the event",1,2,5
"R_39AOh67MgzH9Ec1","explain it to a manager/security",1,7,1
"R_39AOh67MgzH9Ec1","call someone to pick it up from him and hold it for him until he comes back",1,7,2
"R_39AOh67MgzH9Ec1","throw it away",1,7,3
"R_39AOh67MgzH9Ec1","try to sell it on the spot",1,7,4
"R_39AOh67MgzH9Ec1","give it to a stranger",1,7,5
"R_5OJ7K35QMBVckzn","Call a cab",2,2,1
"R_5OJ7K35QMBVckzn","Call a friend",2,2,2
"R_5OJ7K35QMBVckzn","Get public transit",2,2,3
"R_5OJ7K35QMBVckzn","Hitch-hike",2,2,4
"R_5OJ7K35QMBVckzn","Run",2,2,5
"R_5OJ7K35QMBVckzn","Insist that he return",2,3,1
"R_5OJ7K35QMBVckzn","Try to sneak him through",2,3,2
"R_5OJ7K35QMBVckzn","Try to find a receipt for his ticket",2,3,3
"R_5OJ7K35QMBVckzn","Bribe the guard",2,3,4
"R_5OJ7K35QMBVckzn","Make him buy a new ticket",2,3,5
"R_5OJ7K35QMBVckzn","Throw it out",2,7,1
"R_5OJ7K35QMBVckzn","Give it away",2,7,2
"R_5OJ7K35QMBVckzn","Try to sneak it through",2,7,3
"R_5OJ7K35QMBVckzn","Leave",2,7,4
"R_5OJ7K35QMBVckzn","Put it in someone else's bag",2,7,5
"R_2LZPiBvOgQw33Ij","Borrow money from friends and family",1,1,1
"R_2LZPiBvOgQw33Ij","Borrow money from the bank",1,1,2
"R_2LZPiBvOgQw33Ij","Contact government assistance services",1,1,3
"R_2LZPiBvOgQw33Ij","Crowdfunding",1,1,4
"R_2LZPiBvOgQw33Ij","Not use the medicine",1,1,5
"R_2LZPiBvOgQw33Ij","Go to Box Office and buy a ticket",1,3,1
"R_2LZPiBvOgQw33Ij","Scalp a ticket",1,3,2
"R_2LZPiBvOgQw33Ij","Go back with Ted ",1,3,3
"R_2LZPiBvOgQw33Ij","Go to concert without Ted",1,3,4
"R_2LZPiBvOgQw33Ij","Go to another event instead",1,3,5
"R_2LZPiBvOgQw33Ij","Try to open car door",1,6,1
"R_2LZPiBvOgQw33Ij","If locked, break open window.",1,6,2
"R_2LZPiBvOgQw33Ij","Call police to open window",1,6,3
"R_2LZPiBvOgQw33Ij","Ask people in the parking lot for the owner",1,6,4
"R_2LZPiBvOgQw33Ij","Ask people in the mall for the owner",1,6,5
"R_28Hu4dJvo1bBtOp","call taxi",2,2,1
"R_28Hu4dJvo1bBtOp","walk",2,2,2
"R_28Hu4dJvo1bBtOp","call airport",2,2,3
"R_28Hu4dJvo1bBtOp","call friends",2,2,4
"R_28Hu4dJvo1bBtOp","run",2,2,5
"R_28Hu4dJvo1bBtOp","go home",2,3,1
"R_28Hu4dJvo1bBtOp","buy new ticket",2,3,2
"R_28Hu4dJvo1bBtOp","sneak in",2,3,3
"R_28Hu4dJvo1bBtOp","leave ",2,3,4
"R_28Hu4dJvo1bBtOp","try amyway",2,3,5
"R_28Hu4dJvo1bBtOp","call boss",2,9,1
"R_28Hu4dJvo1bBtOp","close store",2,9,2
"R_28Hu4dJvo1bBtOp","leave note on door",2,9,3
"R_28Hu4dJvo1bBtOp","text boss",2,9,4
"R_28Hu4dJvo1bBtOp","quit",2,9,5
"R_5EgbdD2MwKgbJT7","Leave his car and take an uber",1,2,1
"R_5EgbdD2MwKgbJT7","Call family or friend for help",1,2,2
"R_5EgbdD2MwKgbJT7","Call a towing service",1,2,3
"R_5EgbdD2MwKgbJT7","Reschedule to a later flight",1,2,4
"R_5EgbdD2MwKgbJT7","Call a taxi",1,2,5
"R_5EgbdD2MwKgbJT7","Call the non emergency 911 number",1,6,1
"R_5EgbdD2MwKgbJT7","Report it to mall security",1,6,2
"R_5EgbdD2MwKgbJT7","wait by the car for the owner to return",1,6,3
"R_5EgbdD2MwKgbJT7","google what to do if a dog is locked in a car and its hot",1,6,4
"R_5EgbdD2MwKgbJT7","stay calm",1,6,5
"R_5EgbdD2MwKgbJT7","Get another employee to cover for him",1,9,1
"R_5EgbdD2MwKgbJT7","Call the court and infom them of the siuation",1,9,2
"R_5EgbdD2MwKgbJT7","Continue to call the owner/boss",1,9,3
"R_5EgbdD2MwKgbJT7","Close the store and go to court",1,9,4
"R_5EgbdD2MwKgbJT7","Stay at the store and miss court",1,9,5
"R_7fK7QK8Y4xWk1nJ","Get a passerby to help you push the car to the side of the road.  Call a friend who lives nearby.  Ask for a ride, and ask the friend to take care of getting the car towed for him.",2,2,1
"R_7fK7QK8Y4xWk1nJ","Get help from a passerby to push the car to the side of the road.  Call AAA and arrange for a tow for the car.  Call a friend for a ride to the airport.",2,2,2
"R_7fK7QK8Y4xWk1nJ","Call Uber.  Ask the Uber driver to help you push the car to the side of the road. Call AAA to get the car towed. ",2,2,3
"R_7fK7QK8Y4xWk1nJ","He could cancel his trip.  Call AAA for a ride home and a tow.",2,2,4
"R_7fK7QK8Y4xWk1nJ","He could call AAA to tow the car after getting it to the berm. Hitchhike to the airport.",2,2,5
"R_7fK7QK8Y4xWk1nJ","Call mall security.",2,6,1
"R_7fK7QK8Y4xWk1nJ","Call the police.",2,6,2
"R_7fK7QK8Y4xWk1nJ","Break a window in the car to get air for the dog.",2,6,3
"R_7fK7QK8Y4xWk1nJ","If you have a ""jimmy"", use it to pop lock, open the door, roll down the window part way, lock the car back up and close the door.",2,6,4
"R_7fK7QK8Y4xWk1nJ","Do nothing.",2,6,5
"R_7fK7QK8Y4xWk1nJ","Whisper quietly to the bride or groom he doesn't have the ring.",2,8,1
"R_7fK7QK8Y4xWk1nJ","Turn and tell the minister he doesn't have the ring.",2,8,2
"R_7fK7QK8Y4xWk1nJ","Turn and tell the congregation he do not have the ring, but add the ceremony can continue without it.",2,8,3
"R_7fK7QK8Y4xWk1nJ","Apologize to the groom.",2,8,4
"R_7fK7QK8Y4xWk1nJ","Apologize to the bride. ",2,8,5
"R_3KNtlm03Afkz9l4","Back off ",1,4,1
"R_3KNtlm03Afkz9l4","Call 911 and advise them of the situation",1,4,2
"R_3KNtlm03Afkz9l4","Honk the horn to alert the other driver",1,4,3
"R_3KNtlm03Afkz9l4","If unable to pass, do u-turn and find another way home safely",1,4,4
"R_3KNtlm03Afkz9l4","Attempt to pass when driver returns to correct line after honking",1,4,5
"R_3KNtlm03Afkz9l4","Agree and drive her the extra 10 miles",1,5,1
"R_3KNtlm03Afkz9l4","Say No",1,5,2
"R_3KNtlm03Afkz9l4","Agree to drive her up until the point of his house",1,5,3
"R_3KNtlm03Afkz9l4","Offer to assist her in calling a friend to fetch her.",1,5,4
"R_3KNtlm03Afkz9l4","Assisting her to use Uber",1,5,5
"R_3KNtlm03Afkz9l4","Get out of queue, return to check-in counter and check bag.",1,7,1
"R_3KNtlm03Afkz9l4","Ask security for advisement on proceeding further.",1,7,2
"R_3KNtlm03Afkz9l4","Call a friend to come pick up knife and leave without it, using knives available at festival",1,7,3
"R_3KNtlm03Afkz9l4","Throw knife away - last resort",1,7,4
"R_3KNtlm03Afkz9l4","Check for storage lockers within airport, and store knife until return - using knives at festival.",1,7,5
"R_1mEqeunjS9ZfMcu","Call an Uber",1,2,1
"R_1mEqeunjS9ZfMcu","wave someone down for a ride",1,2,2
"R_1mEqeunjS9ZfMcu","carjack someone",1,2,3
"R_1mEqeunjS9ZfMcu","call AAA",1,2,4
"R_1mEqeunjS9ZfMcu","call a taxi",1,2,5
"R_1mEqeunjS9ZfMcu","Get out of line and ditch the knife behind a trash can.",1,7,1
"R_1mEqeunjS9ZfMcu","Be honest about his profession and the knife.",1,7,2
"R_1mEqeunjS9ZfMcu","drop the knife on the floor and kick it out of sight.",1,7,3
"R_1mEqeunjS9ZfMcu","Use it to kill the bag inspector.",1,7,4
"R_1mEqeunjS9ZfMcu","go to the bathroom and leave the knife in there.",1,7,5
"R_1mEqeunjS9ZfMcu","Leave the wedding and hide",1,8,1
"R_1mEqeunjS9ZfMcu","Tell the truth",1,8,2
"R_1mEqeunjS9ZfMcu","Call the taxi company and have it return",1,8,3
"R_1mEqeunjS9ZfMcu","say there's a hole in his pocket",1,8,4
"R_1mEqeunjS9ZfMcu","borrow a temporary ring from a guest",1,8,5
"R_3EDX2biNCypIGSE","Call for roadside assistance",2,2,1
"R_3EDX2biNCypIGSE","Josh should inform his airline about the situation and inquire about potential flight rebooking optio",2,2,2
"R_3EDX2biNCypIGSE","Use public transportation:",2,2,3
"R_3EDX2biNCypIGSE","Josh could ask other drivers passing by for assistance, such as a ride to the nearest public transportation station or a phone to call for help.",2,2,4
"R_3EDX2biNCypIGSE","If roadside assistance is not an immediate option, Josh can use a ride-sharing app like Uber or Lyft to request a ride to the airport.",2,2,5
"R_3EDX2biNCypIGSE","Suggest alternative options: Darya could propose other solutions to Ted, such as trying to contact the venue to see if they can retrieve the ticket or if there's a way to purchase a replacement ticket.",2,3,1
"R_3EDX2biNCypIGSE","Offer to help: She could volunteer to go to Ted's house to retrieve the ticket, if it's feasible and won't cause them to miss too much of the concert.",2,3,2
"R_3EDX2biNCypIGSE","Encourage Ted to stay positive: Darya could try to reassure Ted and help him stay positive about the situation, reminding him that there might be other opportunities to see the concert or that they can still enjoy the experience together.",2,3,3
"R_3EDX2biNCypIGSE","Help Ted explore other options: She could suggest that Ted try to contact the artist or the venue through social media to see if there's a way to get a replacement ticket or gain entry.",2,3,4
"R_3EDX2biNCypIGSE","Offer to share the experience: Darya could offer to share her experience with Ted later, perhaps by sending him videos or photos or recounting the highlights of the concert.",2,3,5
"R_3EDX2biNCypIGSE","text his boss about his need to leave",2,9,1
"R_3EDX2biNCypIGSE","contact his attourney about being late",2,9,2
"R_3EDX2biNCypIGSE","contack other store workers to find coverage",2,9,3
"R_3EDX2biNCypIGSE","If there's a manager higher up than the owner, Jeff could explain the situation and ask for guidance. The manager might have a backup plan or be able to contact the owner.",2,9,4
"R_3EDX2biNCypIGSE","f possible, Jeff could try to reschedule his court appointment. This would require contacting the court and explaining the situation.",2,9,5
"R_6CpCYqUbssasO1L","1. Look for financial assistance programs or grants that help with medication costs. 2. Contact the pharmacy to see if they offer payment plans or discounts for the medication. 3. Ask the doctor if there is a less expensive alternative or generic version of the medication. 4. Consider crowdfunding or setting up a fundraising campaign to gather the necessary funds. 5. Reach out to family, friends, or community organizations to ask for financial support or a loan.",2,1,1
"R_6CpCYqUbssasO1L","2. Contact the pharmacy to see if they offer payment plans or discounts for the medication. ",2,1,2
"R_6CpCYqUbssasO1L","3. Ask the doctor if there is a less expensive alternative or generic version of the medication.",2,1,3
"R_6CpCYqUbssasO1L","4. Consider crowdfunding or setting up a fundraising campaign to gather the necessary funds. ",2,1,4
"R_6CpCYqUbssasO1L","5. Reach out to family, friends, or community organizations to ask for financial support or a loan.",2,1,5
"R_6CpCYqUbssasO1L","1. Offer a ride. ",2,5,1
"R_6CpCYqUbssasO1L","2. Politely decline.",2,5,2
"R_6CpCYqUbssasO1L"," 3. Suggest other transportation options. ",2,5,3
"R_6CpCYqUbssasO1L","4. Check for identification or verification. ",2,5,4
"R_6CpCYqUbssasO1L","5. Call for help.",2,5,5
"R_6CpCYqUbssasO1L","1. Call the boss again and leave a message. ",2,9,1
"R_6CpCYqUbssasO1L"," 2. Contact a coworker or another employee to cover the shift. ",2,9,2
"R_6CpCYqUbssasO1L","3. Notify the store’s security or manager (if applicable) about the delay.",2,9,3
"R_6CpCYqUbssasO1L","4. Try to arrange for a temporary replacement or find someone in the store who can help until the boss arrives.",2,9,4
"R_6CpCYqUbssasO1L"," 5. If no help is available, consider leaving a note or informing a customer about the situation and leave for the court appointment.",2,9,5
"R_1OUptQGvK0r1RIk","keep a safe distance",2,4,1
"R_1OUptQGvK0r1RIk","call the police",2,4,2
"R_1OUptQGvK0r1RIk","change his lane",2,4,3
"R_1OUptQGvK0r1RIk","put on hazard lights",2,4,4
"R_1OUptQGvK0r1RIk","drive at a safe speed",2,4,5
"R_1OUptQGvK0r1RIk","Find the owner to prompt them",2,6,1
"R_1OUptQGvK0r1RIk","Find a way to open the door",2,6,2
"R_1OUptQGvK0r1RIk","break the glass if the door is locked",2,6,3
"R_1OUptQGvK0r1RIk","call for help",2,6,4
"R_1OUptQGvK0r1RIk","Call the ambulance after getting the dog out ",2,6,5
"R_1OUptQGvK0r1RIk","Get out of the line to get rid of the knife",2,7,1
"R_1OUptQGvK0r1RIk","Surrender the knife to security personnel",2,7,2
"R_1OUptQGvK0r1RIk","Send it back for safe keeping",2,7,3
"R_1OUptQGvK0r1RIk","Alert security of the situation",2,7,4
"R_1OUptQGvK0r1RIk","Miss the flight",2,7,5
"R_1o7rmk66EqCjQ9b","Call for roadside assistant",1,2,1
"R_1o7rmk66EqCjQ9b","Hitch a ride to the airport",1,2,2
"R_1o7rmk66EqCjQ9b","walk to the airport",1,2,3
"R_1o7rmk66EqCjQ9b","Wait for someone to stop and help",1,2,4
"R_1o7rmk66EqCjQ9b","Skip his flight and call for repairs",1,2,5
"R_1o7rmk66EqCjQ9b","call authorities",1,6,1
"R_1o7rmk66EqCjQ9b","break the window and rescue the dog",1,6,2
"R_1o7rmk66EqCjQ9b","try to find the owner",1,6,3
"R_1o7rmk66EqCjQ9b","walk away and go on with her day",1,6,4
"R_1o7rmk66EqCjQ9b","stay until the owner returns",1,6,5
"R_1o7rmk66EqCjQ9b","Toss the knife in the trash",1,7,1
"R_1o7rmk66EqCjQ9b","report the knife to security",1,7,2
"R_1o7rmk66EqCjQ9b","take the knife back out to his car",1,7,3
"R_1o7rmk66EqCjQ9b","try to get through security with the knife",1,7,4
"R_1o7rmk66EqCjQ9b","take the knife back home",1,7,5
"R_7whRUS1A3tz0DzI","Call the police",2,2,1
"R_7whRUS1A3tz0DzI","Call 911 depending on the country",2,2,2
"R_7whRUS1A3tz0DzI","Call a tow truck",2,2,3
"R_7whRUS1A3tz0DzI","Call an Uber in the meanwhile",2,2,4
"R_7whRUS1A3tz0DzI","See if there is any delays on the flight",2,2,5
"R_7whRUS1A3tz0DzI","Call someone at the house he might left it there",2,8,1
"R_7whRUS1A3tz0DzI","Buy one new at the closest ring store",2,8,2
"R_7whRUS1A3tz0DzI","Check all his pockets/even if the small ones",2,8,3
"R_7whRUS1A3tz0DzI","Call the taxi driver to come back",2,8,4
"R_7whRUS1A3tz0DzI","Use the taxi app to contact the driver",2,8,5
"R_7whRUS1A3tz0DzI","Call directly to the assistant manager",2,9,1
"R_7whRUS1A3tz0DzI","Leave a voicemail to the manager",2,9,2
"R_7whRUS1A3tz0DzI","Leave a note in the desk",2,9,3
"R_7whRUS1A3tz0DzI","Close the convenience store till the manager is there",2,9,4
"R_7whRUS1A3tz0DzI","Stay there",2,9,5
"R_6rmuKX05vLAvOBH","beg the security gurds",1,3,1
"R_6rmuKX05vLAvOBH","buy new ticket",1,3,2
"R_6rmuKX05vLAvOBH","return home",1,3,3
"R_6rmuKX05vLAvOBH","pertcha friend",1,3,4
"R_6rmuKX05vLAvOBH","be around for a while maybe later they willl allow him to enter",1,3,5
"R_6rmuKX05vLAvOBH","the car might crash another car",1,4,1
"R_6rmuKX05vLAvOBH","another car with a full speed can crash it",1,4,2
"R_6rmuKX05vLAvOBH","it will delay the time of eramon",1,4,3
"R_6rmuKX05vLAvOBH","he will be patient for it",1,4,4
"R_6rmuKX05vLAvOBH","he will be angry",1,4,5
"R_6rmuKX05vLAvOBH","call security gurd",1,6,1
"R_6rmuKX05vLAvOBH","look for the car owner",1,6,2
"R_6rmuKX05vLAvOBH","break the car boot",1,6,3
"R_6rmuKX05vLAvOBH","get the dog something",1,6,4
"R_6rmuKX05vLAvOBH","ask the owner some question",1,6,5
"R_5tmA0q620A1GGus","try and raise the money",1,1,1
"R_5tmA0q620A1GGus","ask for donations",1,1,2
"R_5tmA0q620A1GGus","work overtime",1,1,3
"R_5tmA0q620A1GGus","steal it",1,1,4
"R_5tmA0q620A1GGus","talk to someone about a payment plan",1,1,5
"R_5tmA0q620A1GGus","pull over",1,4,1
"R_5tmA0q620A1GGus","try to get ahead of the car",1,4,2
"R_5tmA0q620A1GGus","call the police and inform them",1,4,3
"R_5tmA0q620A1GGus","slow down",1,4,4
"R_5tmA0q620A1GGus","honk horn and see if it helps",1,4,5
"R_5tmA0q620A1GGus","try and call a different employee",1,9,1
"R_5tmA0q620A1GGus","leave anyway",1,9,2
"R_5tmA0q620A1GGus","close the store if he knows how to",1,9,3
"R_5tmA0q620A1GGus","call for a welfare check",1,9,4
"R_5tmA0q620A1GGus","try and call the court and change the day depending on what it is",1,9,5
"R_6dtRAW7AKBimeJz","Talk to the doctor about possible generic alternatives or free samples.",2,1,1
"R_6dtRAW7AKBimeJz","Apply for financial aid through nonprofits or patient assistance programs offered by the drug manufacturer.",2,1,2
"R_6dtRAW7AKBimeJz","Reach out to family, friends, or community groups for financial help.",2,1,3
"R_6dtRAW7AKBimeJz","Set up a fundraiser online to raise the needed money quickly.",2,1,4
"R_6dtRAW7AKBimeJz","Explore options like a short-term loan or credit card for emergency expenses.",2,1,5
"R_6dtRAW7AKBimeJz","Call a taxi to get to the airport quickly.",2,2,1
"R_6dtRAW7AKBimeJz","Use public transportation options nearby.",2,2,2
"R_6dtRAW7AKBimeJz","Flag down a passing car for help or a ride to the airport.",2,2,3
"R_6dtRAW7AKBimeJz","Inform the airline of the delay and use late check-in options.",2,2,4
"R_6dtRAW7AKBimeJz","Contact a tow truck to move his car to a safe place while he gets a ride.",2,2,5
"R_6dtRAW7AKBimeJz","Look for the car owner by asking nearby people or having the mall page them.",2,6,1
"R_6dtRAW7AKBimeJz","Call the animal control for assistance.",2,6,2
"R_6dtRAW7AKBimeJz","Stay by the car to monitor the dog's condition until help arrives.",2,6,3
"R_6dtRAW7AKBimeJz","Take a photo of the car and license plate as a record for authorities.",2,6,4
"R_6dtRAW7AKBimeJz","If the dog’s life seems in immediate danger, break the window as a last resort ",2,6,5
"R_7s61YpSgjK9tTKs","rescue",2,1,1
"R_7s61YpSgjK9tTKs","first aid",2,1,2
"R_7s61YpSgjK9tTKs","immediate doctor",2,1,3
"R_7s61YpSgjK9tTKs","nurse",2,1,4
"R_7s61YpSgjK9tTKs","good husband",2,1,5
"R_7s61YpSgjK9tTKs","supportive",2,3,1
"R_7s61YpSgjK9tTKs","buy new ticket",2,3,2
"R_7s61YpSgjK9tTKs","show her purchase",2,3,3
"R_7s61YpSgjK9tTKs","go back home",2,3,4
"R_7s61YpSgjK9tTKs","forget about the concert",2,3,5
"R_7s61YpSgjK9tTKs","cook",2,7,1
"R_7s61YpSgjK9tTKs","supportive",2,7,2
"R_7s61YpSgjK9tTKs","protective",2,7,3
"R_7s61YpSgjK9tTKs","higher kill",2,7,4
"R_7s61YpSgjK9tTKs","fight",2,7,5
"R_1qeXmTebFIxcmuU","Take out a loan",1,1,1
"R_1qeXmTebFIxcmuU","Rob the pharmacy",1,1,2
"R_1qeXmTebFIxcmuU","Ask for money",1,1,3
"R_1qeXmTebFIxcmuU","Kill wife",1,1,4
"R_1qeXmTebFIxcmuU","Call insurance company",1,1,5
"R_1qeXmTebFIxcmuU","Call 911",1,4,1
"R_1qeXmTebFIxcmuU","Hit the car",1,4,2
"R_1qeXmTebFIxcmuU","Do nothing",1,4,3
"R_1qeXmTebFIxcmuU","Follow car",1,4,4
"R_1qeXmTebFIxcmuU","Go around car",1,4,5
"R_1qeXmTebFIxcmuU","Ignore it",1,7,1
"R_1qeXmTebFIxcmuU","Ask a stranger to hold it for you until you get back",1,7,2
"R_1qeXmTebFIxcmuU","Tell TSA",1,7,3
"R_1qeXmTebFIxcmuU","Throw away",1,7,4
"R_1qeXmTebFIxcmuU","Eat it",1,7,5
"R_5VOYKBkeYCydCWE","get a second job to help pay for it",2,1,1
"R_5VOYKBkeYCydCWE","crowdfund for it",2,1,2
"R_5VOYKBkeYCydCWE","ask doctor to change medication",2,1,3
"R_5VOYKBkeYCydCWE","ask insurance to reconsider ",2,1,4
"R_5VOYKBkeYCydCWE","go into debt",2,1,5
"R_5VOYKBkeYCydCWE","leave car",2,2,1
"R_5VOYKBkeYCydCWE","call tow truck for help",2,2,2
"R_5VOYKBkeYCydCWE","fix car and get to airport",2,2,3
"R_5VOYKBkeYCydCWE","call friend for help",2,2,4
"R_5VOYKBkeYCydCWE","miss flight",2,2,5
"R_5VOYKBkeYCydCWE","throw it away",2,7,1
"R_5VOYKBkeYCydCWE","let security know the error",2,7,2
"R_5VOYKBkeYCydCWE","see if they can still put in his luggage",2,7,3
"R_5VOYKBkeYCydCWE","go back to check in and check it",2,7,4
"R_5VOYKBkeYCydCWE","go home",2,7,5
"R_5TACPZZzRKtWPbr","call a friend ",1,2,1
"R_5TACPZZzRKtWPbr","call a wrecker",1,2,2
"R_5TACPZZzRKtWPbr","call 911",1,2,3
"R_5TACPZZzRKtWPbr","reschedule his flight ",1,2,4
"R_5TACPZZzRKtWPbr","find a way to airport",1,2,5
"R_5TACPZZzRKtWPbr","call a friend",1,7,1
"R_5TACPZZzRKtWPbr","get out of line",1,7,2
"R_5TACPZZzRKtWPbr","give the knife to security",1,7,3
"R_5TACPZZzRKtWPbr","go home",1,7,4
"R_5TACPZZzRKtWPbr","throw it away",1,7,5
"R_5TACPZZzRKtWPbr","tell the truth ",1,8,1
"R_5TACPZZzRKtWPbr","call the taxi company ",1,8,2
"R_5TACPZZzRKtWPbr","stop the ceremony",1,8,3
"R_5TACPZZzRKtWPbr","find another ring",1,8,4
"R_5TACPZZzRKtWPbr","freak out",1,8,5
"R_34iLySqiDCcwHjF","give him her ticket",1,3,1
"R_34iLySqiDCcwHjF","buy another ticket",1,3,2
"R_34iLySqiDCcwHjF","go back and get the ticket",1,3,3
"R_34iLySqiDCcwHjF","have someone from home bring it",1,3,4
"R_34iLySqiDCcwHjF","miss the concert",1,3,5
"R_34iLySqiDCcwHjF","call 911 ",1,4,1
"R_34iLySqiDCcwHjF","slow down",1,4,2
"R_34iLySqiDCcwHjF","honk the horn at the driver",1,4,3
"R_34iLySqiDCcwHjF","speed up and pass",1,4,4
"R_34iLySqiDCcwHjF","flash their lights",1,4,5
"R_34iLySqiDCcwHjF","call 911",1,6,1
"R_34iLySqiDCcwHjF","break the window",1,6,2
"R_34iLySqiDCcwHjF","try to find the car owner",1,6,3
"R_34iLySqiDCcwHjF","ask for help from people around ",1,6,4
"R_34iLySqiDCcwHjF","call animal control",1,6,5
"R_3oL1VXC3odM9ry0","Ask family or friends for financial assistance or a loan.",2,1,1
"R_3oL1VXC3odM9ry0","Set up a fundraiser campaign to raise money for the medication.",2,1,2
"R_3oL1VXC3odM9ry0","Seek help from a medical assistance program.",2,1,3
"R_3oL1VXC3odM9ry0","Negotiate with the pharmacy or manufacturer for discounts or payment plans.",2,1,4
"R_3oL1VXC3odM9ry0","Explore alternative medications that might be more affordable.",2,1,5
"R_3oL1VXC3odM9ry0","Keep a safe distance and avoid trying to pass the car.",2,4,1
"R_3oL1VXC3odM9ry0","Note the car’s license plate, make, and model.",2,4,2
"R_3oL1VXC3odM9ry0","Call the police to report the driver and provide details.",2,4,3
"R_3oL1VXC3odM9ry0","Flash his lights or honk briefly to try and alert the driver to their erratic behavior.",2,4,4
"R_3oL1VXC3odM9ry0","Pull over to a safe spot to call for help if he feels unsafe continuing near the car.",2,4,5
"R_3oL1VXC3odM9ry0","Quietly inform his sister or someone close so they can help come up with a plan.",2,8,1
"R_3oL1VXC3odM9ry0","Call the taxi company immediately to report the lost ring",2,8,2
"R_3oL1VXC3odM9ry0","Borrow a simple ring from someone in the audience as a temporary substitute.",2,8,3
"R_3oL1VXC3odM9ry0","Have a guest quickly retrieve the ring if the taxi is nearby.",2,8,4
"R_3oL1VXC3odM9ry0","Stay calm and focus on the moment—he can explain the situation later.",2,8,5
"R_3RyAI83UO85Mq0k","Borrow Personal Loan",1,1,1
"R_3RyAI83UO85Mq0k","Get a private loan",1,1,2
"R_3RyAI83UO85Mq0k","Negotiate pay with hospital",1,1,3
"R_3RyAI83UO85Mq0k","talk about alternatives with doctor",1,1,4
"R_3RyAI83UO85Mq0k","Crowdfunding",1,1,5
"R_3RyAI83UO85Mq0k","Notify airport security",1,7,1
"R_3RyAI83UO85Mq0k","ask about checked baggage option",1,7,2
"R_3RyAI83UO85Mq0k","consider borrowing a knife from a collegue",1,7,3
"R_3RyAI83UO85Mq0k","safety deposit box option",1,7,4
"R_3RyAI83UO85Mq0k","get your items confiscated.",1,7,5
"R_3RyAI83UO85Mq0k","Call the taxi service immediately",1,8,1
"R_3RyAI83UO85Mq0k","send someone to retrieve the ring",1,8,2
"R_3RyAI83UO85Mq0k","inform the officiant",1,8,3
"R_3RyAI83UO85Mq0k","find a temp ring",1,8,4
"R_3RyAI83UO85Mq0k","stay calm",1,8,5
"R_7lXk6NMhMvuo8pE","Contact the pharmaceutical company for assistance programs.",1,1,1
"R_7lXk6NMhMvuo8pE","Seek help from local charities.",1,1,2
"R_7lXk6NMhMvuo8pE","Explore government assistance programs.",1,1,3
"R_7lXk6NMhMvuo8pE","Create a crowdfunding campaign.",1,1,4
"R_7lXk6NMhMvuo8pE","Negotiate with the pharmacy for discounts or payment plans.",1,1,5
"R_7lXk6NMhMvuo8pE","Contact the venue.",1,3,1
"R_7lXk6NMhMvuo8pE","Retrieve the ticket.",1,3,2
"R_7lXk6NMhMvuo8pE","Explore ticket resale options.",1,3,3
"R_7lXk6NMhMvuo8pE","Suggest an alternative plan.",1,3,4
"R_7lXk6NMhMvuo8pE","Offer emotional support.",1,3,5
"R_7lXk6NMhMvuo8pE","Call emergency services.",1,6,1
"R_7lXk6NMhMvuo8pE","Locate the owner.",1,6,2
"R_7lXk6NMhMvuo8pE","Seek mall security assistance.",1,6,3
"R_7lXk6NMhMvuo8pE","Break into the car.",1,6,4
"R_7lXk6NMhMvuo8pE","Stay with the car.",1,6,5
"R_3yW4hPACnMklSGR","Call for help.",2,2,1
"R_3yW4hPACnMklSGR","Call a cab.",2,2,2
"R_3yW4hPACnMklSGR","Cancel the trip.",2,2,3
"R_3yW4hPACnMklSGR","Get a different flight.",2,2,4
"R_3yW4hPACnMklSGR","Abandon the trip.",2,2,5
"R_3yW4hPACnMklSGR","Buy another ticket.",2,3,1
"R_3yW4hPACnMklSGR","Tell Ted to Go home and retrieve the ticket.",2,3,2
"R_3yW4hPACnMklSGR","Sneak Ted in.",2,3,3
"R_3yW4hPACnMklSGR","Skip the concert.",2,3,4
"R_3yW4hPACnMklSGR","Unfriend Ted.",2,3,5
"R_3yW4hPACnMklSGR","Abandon his knife.",2,7,1
"R_3yW4hPACnMklSGR","Get out of line and check his bag.",2,7,2
"R_3yW4hPACnMklSGR","Wing it.",2,7,3
"R_3yW4hPACnMklSGR","Proceed through security and hope they don't confiscate the knife.",2,7,4
"R_3yW4hPACnMklSGR","Tell security that he has a knife.",2,7,5
"R_5PvF1S60eajf04m","Call 911.",1,4,1
"R_5PvF1S60eajf04m","Fishtail the driver.",1,4,2
"R_5PvF1S60eajf04m","Drive around and block the road.",1,4,3
"R_5PvF1S60eajf04m","Drive along side of him and yell.",1,4,4
"R_5PvF1S60eajf04m","Honk his horn.",1,4,5
"R_5PvF1S60eajf04m","Contact the Taxi.",1,8,1
"R_5PvF1S60eajf04m","Try to delay the ceremony.",1,8,2
"R_5PvF1S60eajf04m","Talk to the preacher.",1,8,3
"R_5PvF1S60eajf04m","Talk to the groom.",1,8,4
"R_5PvF1S60eajf04m","Talk to his sister.",1,8,5
"R_5PvF1S60eajf04m","Leave and put a note on the locked door.",1,9,1
"R_5PvF1S60eajf04m","Try to get someone to watch the store and leave.",1,9,2
"R_5PvF1S60eajf04m","Quit his job.",1,9,3
"R_5PvF1S60eajf04m","Leave.",1,9,4
"R_5PvF1S60eajf04m","Miss his appointment.",1,9,5
"R_6plmU6Tgn0BiLtn","Contact the pharmacy to inquire about any payment plans.",2,1,1
"R_6plmU6Tgn0BiLtn","Look into patient assistance programs from the medication’s manufacturer.",2,1,2
"R_6plmU6Tgn0BiLtn","Seek out a more affordable generic version of the medication, if available.",2,1,3
"R_6plmU6Tgn0BiLtn","Set up a crowdfunding campaign or reach out to family and friends for help.",2,1,4
"R_6plmU6Tgn0BiLtn","Talk to the doctor about alternative treatments or medications that are more affordable.",2,1,5
"R_6plmU6Tgn0BiLtn","Quietly inform a trusted person about the situation for help retrieving it.",2,8,1
"R_6plmU6Tgn0BiLtn","Ask the wedding coordinator or someone in the audience to help locate the taxi company.",2,8,2
"R_6plmU6Tgn0BiLtn","Call the taxi company immediately to retrieve the ring.",2,8,3
"R_6plmU6Tgn0BiLtn","Quickly excuse himself to check for the ring at the entrance or nearby.",2,8,4
"R_6plmU6Tgn0BiLtn","Ask someone to rush to retrieve the ring if the taxi is close by.",2,8,5
"R_6plmU6Tgn0BiLtn","Call his boss again and leave a clear, urgent voicemail.",2,9,1
"R_6plmU6Tgn0BiLtn","Text or call a coworker to cover for him until the boss arrives.",2,9,2
"R_6plmU6Tgn0BiLtn","Let a trusted regular customer know he needs to lock up and leave.",2,9,3
"R_6plmU6Tgn0BiLtn","Post a quick “temporarily closed” sign and leave the store secured.",2,9,4
"R_6plmU6Tgn0BiLtn","explain the situation at court if he’s late.",2,9,5
"R_3O2hk47yenGP9W5","Call an uber and go to the airport.",1,2,1
"R_3O2hk47yenGP9W5","Call roadside assistance like AAA. They might give him a ride.",1,2,2
"R_3O2hk47yenGP9W5","Get on a public bus to the airport.",1,2,3
"R_3O2hk47yenGP9W5","Call a friend to give him a ride.",1,2,4
"R_3O2hk47yenGP9W5","Give up on hunting safari and leave the poor animals alone.",1,2,5
"R_3O2hk47yenGP9W5","Honk loudly",1,4,1
"R_3O2hk47yenGP9W5","Call the police",1,4,2
"R_3O2hk47yenGP9W5","Try to pass him and go about his own life",1,4,3
"R_3O2hk47yenGP9W5","Drive slowly till an intersection and take a different route",1,4,4
"R_3O2hk47yenGP9W5","Flash his highbeam ",1,4,5
"R_3O2hk47yenGP9W5","Give up on the knife and surrender it to the TSA",1,7,1
"R_3O2hk47yenGP9W5","Leave the line and leave the knife in his car and come back",1,7,2
"R_3O2hk47yenGP9W5","Try to plead with the TSA people",1,7,3
"R_3O2hk47yenGP9W5","Try to bribe the TSA people",1,7,4
"R_3O2hk47yenGP9W5","Ask the TSA people if there is any way to keep the knife safe till he comes back",1,7,5
"R_6lMIWdZPvWj8YT6","sell items",1,1,1
"R_6lMIWdZPvWj8YT6","take out a loan",1,1,2
"R_6lMIWdZPvWj8YT6","start a Go Fund Me",1,1,3
"R_6lMIWdZPvWj8YT6","borrow from family/friends",1,1,4
"R_6lMIWdZPvWj8YT6","get a second job",1,1,5
"R_6lMIWdZPvWj8YT6","buy another ticket for him",1,3,1
"R_6lMIWdZPvWj8YT6","sneak him in somehow",1,3,2
"R_6lMIWdZPvWj8YT6","call and have a friend grab his ticket and bring it over",1,3,3
"R_6lMIWdZPvWj8YT6","give her ticket to him and go back to get his ticket",1,3,4
"R_6lMIWdZPvWj8YT6","let him go get his ticket and enjoy the concert alone",1,3,5
"R_6lMIWdZPvWj8YT6","run it back to his car",1,7,1
"R_6lMIWdZPvWj8YT6","see if security could hold it somewhere until his return",1,7,2
"R_6lMIWdZPvWj8YT6","call a friend to come pick it up ",1,7,3
"R_6lMIWdZPvWj8YT6","toss it in the trash",1,7,4
"R_6lMIWdZPvWj8YT6","hide it in the bathroom somewhere to get upon his return",1,7,5
"R_3PaSiWIW3QpsbwG","Call 911",1,4,1
"R_3PaSiWIW3QpsbwG","Overtake the car",1,4,2
"R_3PaSiWIW3QpsbwG","Alert other drivers",1,4,3
"R_3PaSiWIW3QpsbwG","Try talking to the driver to slow down",1,4,4
"R_3PaSiWIW3QpsbwG","Driving far away from the car.",1,4,5
"R_3PaSiWIW3QpsbwG","Give her a ride",1,5,1
"R_3PaSiWIW3QpsbwG","Give her money for transportation ",1,5,2
"R_3PaSiWIW3QpsbwG","Reject her offer",1,5,3
"R_3PaSiWIW3QpsbwG","Yell angrily at her",1,5,4
"R_3PaSiWIW3QpsbwG","Direct her to another car.",1,5,5
"R_3PaSiWIW3QpsbwG","Find the owner of the dog",1,6,1
"R_3PaSiWIW3QpsbwG","Give food and water to it.",1,6,2
"R_3PaSiWIW3QpsbwG","Open the window for fresh air.",1,6,3
"R_3PaSiWIW3QpsbwG","Pat the dog",1,6,4
"R_3PaSiWIW3QpsbwG","Play with the dog.",1,6,5
"R_7CAF93nL8ofFDbz","Call teds house and see if someone can bring the ticket",1,3,1
"R_7CAF93nL8ofFDbz","go to the concert without him",1,3,2
"R_7CAF93nL8ofFDbz","buy another ticket",1,3,3
"R_7CAF93nL8ofFDbz","miss most of the concert and go with him to get the ticket",1,3,4
"R_7CAF93nL8ofFDbz","Wait for him to go get it",1,3,5
"R_7CAF93nL8ofFDbz","Not give a stranger a ride",1,5,1
"R_7CAF93nL8ofFDbz","Give her the ride",1,5,2
"R_7CAF93nL8ofFDbz","drop her near his destination",1,5,3
"R_7CAF93nL8ofFDbz","Offer a taxi",1,5,4
"R_7CAF93nL8ofFDbz","offer bus fare",1,5,5
"R_7CAF93nL8ofFDbz","Call the taxi service",1,8,1
"R_7CAF93nL8ofFDbz","alert another guest to call the taxi service",1,8,2
"R_7CAF93nL8ofFDbz","fashion a ring out of something until after the ceremony",1,8,3
"R_7CAF93nL8ofFDbz","Run away",1,8,4
"R_7CAF93nL8ofFDbz","substitute someone elses ring",1,8,5
"R_1WCnLLbNlkN5Xz3","Call a tow truck",1,2,1
"R_1WCnLLbNlkN5Xz3","Call for an Uber",1,2,2
"R_1WCnLLbNlkN5Xz3","Call a friend for help",1,2,3
"R_1WCnLLbNlkN5Xz3","Call a relative for help",1,2,4
"R_1WCnLLbNlkN5Xz3","Call the airlines",1,2,5
"R_1WCnLLbNlkN5Xz3","Do not give the ride to the woman",1,5,1
"R_1WCnLLbNlkN5Xz3","Lie and say you are not going that way",1,5,2
"R_1WCnLLbNlkN5Xz3","offer to call the police for assistance",1,5,3
"R_1WCnLLbNlkN5Xz3","offer to call an uber",1,5,4
"R_1WCnLLbNlkN5Xz3","offer to call a friend for the woman",1,5,5
"R_1WCnLLbNlkN5Xz3","Ditch the knife in the trash",1,7,1
"R_1WCnLLbNlkN5Xz3","check the knife in with TSA",1,7,2
"R_1WCnLLbNlkN5Xz3","give the knife to an airport police officer",1,7,3
"R_1WCnLLbNlkN5Xz3","put it in a secure locker",1,7,4
"R_1WCnLLbNlkN5Xz3","give the knife to another person",1,7,5
"R_6L4wNwTzxkkeJnX","Pull over.",1,4,1
"R_6L4wNwTzxkkeJnX","Call the police. ",1,4,2
"R_6L4wNwTzxkkeJnX","Attempt to notify other drivers on the road. ",1,4,3
"R_6L4wNwTzxkkeJnX","Speed ahead and get away from the car. ",1,4,4
"R_6L4wNwTzxkkeJnX","Mind his own business. ",1,4,5
"R_6L4wNwTzxkkeJnX","Ask someone to get in contact immediately with the taxi company.",1,8,1
"R_6L4wNwTzxkkeJnX","Apologize to his sister.",1,8,2
"R_6L4wNwTzxkkeJnX","Suggest using a temporary band from a guest to continue the ceremony. ",1,8,3
"R_6L4wNwTzxkkeJnX","Try not to panic.",1,8,4
"R_6L4wNwTzxkkeJnX","Tell the groom. ",1,8,5
"R_6L4wNwTzxkkeJnX","Temporarily close the store.",1,9,1
"R_6L4wNwTzxkkeJnX","Contact the court to see if the appointment can be pushed back.",1,9,2
"R_6L4wNwTzxkkeJnX","Leave his boss a voicemaail.",1,9,3
"R_6L4wNwTzxkkeJnX","Try to contact another employee to cover the shift.",1,9,4
"R_6L4wNwTzxkkeJnX","Just leave. ",1,9,5
"R_1pfptn5NHWoAITf","Give Ted her ticket.",2,3,1
"R_1pfptn5NHWoAITf","Buy Ted a new ticket.",2,3,2
"R_1pfptn5NHWoAITf","Ask someone if they will give Ted a ticket.",2,3,3
"R_1pfptn5NHWoAITf","Leave Ted at the entrance.",2,3,4
"R_1pfptn5NHWoAITf","Sneak Ted into the concert.",2,3,5
"R_1pfptn5NHWoAITf","Call the police.",2,4,1
"R_1pfptn5NHWoAITf","Honk his horn at the driver.",2,4,2
"R_1pfptn5NHWoAITf","Take the driver out by crashing into their rear end.",2,4,3
"R_1pfptn5NHWoAITf","Get in front of the driver and hit the breaks.",2,4,4
"R_1pfptn5NHWoAITf","Do nothing and go home.",2,4,5
"R_1pfptn5NHWoAITf","Call the court and tell them his circumstances.",2,9,1
"R_1pfptn5NHWoAITf","Call his lawyer and tell them his circumstances.",2,9,2
"R_1pfptn5NHWoAITf","Close the store and go to court.",2,9,3
"R_1pfptn5NHWoAITf","Call a fellow employee and ask them to take over -- pay them if need be.",2,9,4
"R_1pfptn5NHWoAITf","Call a family member or friend and ask them to stand in for him at the store.",2,9,5
"R_72n64wF7PssOQ7v","get a taxi and leave the car there",1,2,1
"R_72n64wF7PssOQ7v","hitch hike and leave the car there",1,2,2
"R_72n64wF7PssOQ7v","call someone to help him get to the airport and take the car",1,2,3
"R_72n64wF7PssOQ7v","run to the airport and leave the car",1,2,4
"R_72n64wF7PssOQ7v","postphone his trip and take care of the car trouble ",1,2,5
"R_72n64wF7PssOQ7v","Tell the security about the knife before through security",1,7,1
"R_72n64wF7PssOQ7v","Try hide the knife",1,7,2
"R_72n64wF7PssOQ7v","Explain to the security why he has the knife",1,7,3
"R_72n64wF7PssOQ7v","Throw it away",1,7,4
"R_72n64wF7PssOQ7v","place it on someone else's luggage",1,7,5
"R_72n64wF7PssOQ7v","Try call an alternative number to reach the boss e.g the boss's family memebr",1,9,1
"R_72n64wF7PssOQ7v","Leave a voice message for the boss ",1,9,2
"R_72n64wF7PssOQ7v","Send a text message to his boss",1,9,3
"R_72n64wF7PssOQ7v","Close the store and go for his court appointment",1,9,4
"R_72n64wF7PssOQ7v","Call the court and explain his predicament ",1,9,5
"R_5j2menEDFbYMQOU","To get a new ticket.",1,3,1
"R_5j2menEDFbYMQOU","To wait for them to go together.",1,3,2
"R_5j2menEDFbYMQOU","To either go back home for the ticket",1,3,3
"R_5j2menEDFbYMQOU","To make it some other time",1,3,4
"R_5j2menEDFbYMQOU","To schedule another time.",1,3,5
"R_5j2menEDFbYMQOU","to be careful",1,4,1
"R_5j2menEDFbYMQOU","to drive well",1,4,2
"R_5j2menEDFbYMQOU","to avoid reckless driving",1,4,3
"R_5j2menEDFbYMQOU","to be focused",1,4,4
"R_5j2menEDFbYMQOU","to draw attention to police officers",1,4,5
"R_5j2menEDFbYMQOU","To hide it",1,7,1
"R_5j2menEDFbYMQOU","To submit it to the security personnels",1,7,2
"R_5j2menEDFbYMQOU","To give it to a family",1,7,3
"R_5j2menEDFbYMQOU","To trash it",1,7,4
"R_5j2menEDFbYMQOU","To hide for him not to be check.",1,7,5
"R_3hTY6vVsznCQz9T","arresting a car to help him",1,2,1
"R_3hTY6vVsznCQz9T","ask for help",1,2,2
"R_3hTY6vVsznCQz9T"," Call someone",1,2,3
"R_3hTY6vVsznCQz9T"," order a taxi",1,2,4
"R_3hTY6vVsznCQz9T"," Walking to the airport",1,2,5
"R_3hTY6vVsznCQz9T"," notify the police not to arrest him",1,7,1
"R_3hTY6vVsznCQz9T"," Put the knife in the right suitcase",1,7,2
"R_3hTY6vVsznCQz9T"," call colleagues in case you delay",1,7,3
"R_3hTY6vVsznCQz9T","be serene",1,7,4
"R_3hTY6vVsznCQz9T","tell the truth",1,7,5
"R_3hTY6vVsznCQz9T","Wait",1,9,1
"R_3hTY6vVsznCQz9T","Close and leave a note to the boss.",1,9,2
"R_3hTY6vVsznCQz9T"," keep calling",1,9,3
"R_3hTY6vVsznCQz9T"," Say he's gonna be bell late.",1,9,4
"R_3hTY6vVsznCQz9T","call someone else to reread",1,9,5
"R_5KH46MDo4bO40de","Ask someone for the money ",2,1,1
"R_5KH46MDo4bO40de","get a loan",2,1,2
"R_5KH46MDo4bO40de","raise the funds",2,1,3
"R_5KH46MDo4bO40de","sell something",2,1,4
"R_5KH46MDo4bO40de","na",2,1,5
"R_5KH46MDo4bO40de","call the police",2,4,1
"R_5KH46MDo4bO40de","try to get the driver to pull over",2,4,2
"R_5KH46MDo4bO40de","block the road",2,4,3
"R_5KH46MDo4bO40de","nothing",2,4,4
"R_5KH46MDo4bO40de","honk the horn",2,4,5
"R_5KH46MDo4bO40de","Tell the groom",2,8,1
"R_5KH46MDo4bO40de","Go look for it",2,8,2
"R_5KH46MDo4bO40de","Borow one",2,8,3
"R_5KH46MDo4bO40de","Tell the bride",2,8,4
"R_5KH46MDo4bO40de","leave the ceremony",2,8,5
"R_5xz0PrPzqNyIgb7","Maintain a safe distance",2,4,1
"R_5xz0PrPzqNyIgb7","Stay alert",2,4,2
"R_5xz0PrPzqNyIgb7","Call emergency services",2,4,3
"R_5xz0PrPzqNyIgb7","Avoid overtaking unless safe",2,4,4
"R_5xz0PrPzqNyIgb7","Pull over safely if needed",2,4,5
"R_5xz0PrPzqNyIgb7","Politely decline",2,5,1
"R_5xz0PrPzqNyIgb7","Assess the woman's situation",2,5,2
"R_5xz0PrPzqNyIgb7","Offer alternative help",2,5,3
"R_5xz0PrPzqNyIgb7","Ensure safety",2,5,4
"R_5xz0PrPzqNyIgb7","Trust his instincts",2,5,5
"R_5xz0PrPzqNyIgb7","Contact the boss's emergency contact",2,9,1
"R_5xz0PrPzqNyIgb7","Alert a coworker or backup",2,9,2
"R_5xz0PrPzqNyIgb7","Document the situation",2,9,3
"R_5xz0PrPzqNyIgb7","Inform the store's customers",2,9,4
"R_5xz0PrPzqNyIgb7","Consider leaving after a reasonable wait",2,9,5
"R_5074epk0KmokfdJ","Call 911",1,4,1
"R_5074epk0KmokfdJ","pass the car",1,4,2
"R_5074epk0KmokfdJ","pull over and stop",1,4,3
"R_5074epk0KmokfdJ","drive straight to the police station ",1,4,4
"R_5074epk0KmokfdJ","pull up and honk",1,4,5
"R_5074epk0KmokfdJ","Mail/Send it back home with security",1,7,1
"R_5074epk0KmokfdJ","take it back home ",1,7,2
"R_5074epk0KmokfdJ","put it in check on",1,7,3
"R_5074epk0KmokfdJ","cut someone",1,7,4
"R_5074epk0KmokfdJ","throw it away",1,7,5
"R_5074epk0KmokfdJ","call the taxi company",1,8,1
"R_5074epk0KmokfdJ","get a substitute ring",1,8,2
"R_5074epk0KmokfdJ","tell the bride and groom",1,8,3
"R_5074epk0KmokfdJ","run away",1,8,4
"R_5074epk0KmokfdJ","pretend he doesn't know what happened",1,8,5
"R_7rPSRV6hIbSm6cS","Talk to the insurance company ",1,1,1
"R_7rPSRV6hIbSm6cS","Call the company of the medical and see if they can help",1,1,2
"R_7rPSRV6hIbSm6cS","Crowd soucing ",1,1,3
"R_7rPSRV6hIbSm6cS","Talk to their Dr about other options",1,1,4
"R_7rPSRV6hIbSm6cS","Cut back on other things ",1,1,5
"R_7rPSRV6hIbSm6cS","She should call the police ",1,6,1
"R_7rPSRV6hIbSm6cS","She should see if the door is locked",1,6,2
"R_7rPSRV6hIbSm6cS","She should break a window",1,6,3
"R_7rPSRV6hIbSm6cS","She should ask someone to help",1,6,4
"R_7rPSRV6hIbSm6cS","She should call animal control",1,6,5
"R_7rPSRV6hIbSm6cS","He should declare it and tell the TSA",1,7,1
"R_7rPSRV6hIbSm6cS","He should go back and put it in his car",1,7,2
"R_7rPSRV6hIbSm6cS","He should throw it away",1,7,3
"R_7rPSRV6hIbSm6cS","He should give it away too someone ",1,7,4
"R_7rPSRV6hIbSm6cS","He should lll",1,7,5
"R_18CfvWR8YoIBQbC","Heinz can take on extra jobs to come up with the money.",2,1,1
"R_18CfvWR8YoIBQbC","Heinz can ask the doctor and pharmacy about coupons for the medicine",2,1,2
"R_18CfvWR8YoIBQbC","Heinz can sell something he owns to get the cash.",2,1,3
"R_18CfvWR8YoIBQbC","Heinz can start a gofundme to get the cash.",2,1,4
"R_18CfvWR8YoIBQbC","Heinz can ask friends or family for a loan.",2,1,5
"R_18CfvWR8YoIBQbC","Eamon should keep a safe distance from the car.",2,4,1
"R_18CfvWR8YoIBQbC","Eamon should try to get the plate number.",2,4,2
"R_18CfvWR8YoIBQbC","Eamon should call 911 and report the vehicle.",2,4,3
"R_18CfvWR8YoIBQbC","Eamon should flick his lights to warn oncoming drivers.",2,4,4
"R_18CfvWR8YoIBQbC","Eamon should try to follow the car to let officers know the location.",2,4,5
"R_18CfvWR8YoIBQbC","Daniel should first admit his mistake to the couple.",2,8,1
"R_18CfvWR8YoIBQbC","Daniel should find a ring that will work just for the ceremony.",2,8,2
"R_18CfvWR8YoIBQbC","Daniel should call the cab company to try to locate the car he left the ring in.",2,8,3
"R_18CfvWR8YoIBQbC","Daniel should tip the driver really well to get the ring to the ceremony.",2,8,4
"R_18CfvWR8YoIBQbC","Daniel should apologize profusely to the couple.",2,8,5
"R_3CArglpnLjmloHL","Request for a ride",2,2,1
"R_3CArglpnLjmloHL","Ask people for help",2,2,2
"R_3CArglpnLjmloHL","Notify the airline",2,2,3
"R_3CArglpnLjmloHL","Call a friend aor family",2,2,4
"R_3CArglpnLjmloHL","Call for a roadside assistance",2,2,5
"R_3CArglpnLjmloHL","change lanes",2,4,1
"R_3CArglpnLjmloHL","call the authorities",2,4,2
"R_3CArglpnLjmloHL","maintain distance",2,4,3
"R_3CArglpnLjmloHL","avoid confrontation",2,4,4
"R_3CArglpnLjmloHL","stay alert",2,4,5
"R_3CArglpnLjmloHL","Stay with the dog",2,6,1
"R_3CArglpnLjmloHL","Document the situation",2,6,2
"R_3CArglpnLjmloHL","contact animal control",2,6,3
"R_3CArglpnLjmloHL","try and locate the owner",2,6,4
"R_3CArglpnLjmloHL","attempt to open the car",2,6,5
"R_590Q0GsB3BrCf97","call mall security",2,6,1
"R_590Q0GsB3BrCf97","break a window",2,6,2
"R_590Q0GsB3BrCf97","just leave",2,6,3
"R_590Q0GsB3BrCf97","call 911",2,6,4
"R_590Q0GsB3BrCf97","wait for the owner while monitoring the dog",2,6,5
"R_590Q0GsB3BrCf97","Call a friend or family member to come pick it up",2,7,1
"R_590Q0GsB3BrCf97","try to get through security anyway",2,7,2
"R_590Q0GsB3BrCf97","throw the knife away",2,7,3
"R_590Q0GsB3BrCf97","give the knife away",2,7,4
"R_590Q0GsB3BrCf97","ask an employee of an airport store to hold on to it for him until he returns",2,7,5
"R_590Q0GsB3BrCf97","call the taxi company",2,8,1
"R_590Q0GsB3BrCf97","cry",2,8,2
"R_590Q0GsB3BrCf97","tell the bride and groom what happened",2,8,3
"R_590Q0GsB3BrCf97","run and hide until he gets it back",2,8,4
"R_590Q0GsB3BrCf97","pretend to be sick",2,8,5
"R_1Ic4ZIMVOPoURkj","leave and go with ted to get ticket",1,3,1
"R_1Ic4ZIMVOPoURkj","let ted go himself to get ticket",1,3,2
"R_1Ic4ZIMVOPoURkj","see if anyone is selling a ticket",1,3,3
"R_1Ic4ZIMVOPoURkj","everyone leaves as a group",1,3,4
"R_1Ic4ZIMVOPoURkj","go into concert and wait for ted",1,3,5
"R_1Ic4ZIMVOPoURkj","give her a ride",1,5,1
"R_1Ic4ZIMVOPoURkj","tell her no",1,5,2
"R_1Ic4ZIMVOPoURkj","offer to take her part of the way",1,5,3
"R_1Ic4ZIMVOPoURkj","pretend he doesn't speak english",1,5,4
"R_1Ic4ZIMVOPoURkj","ignore her",1,5,5
"R_1Ic4ZIMVOPoURkj","declare to tsa that he has a knife",1,7,1
"R_1Ic4ZIMVOPoURkj","go home and return the knife",1,7,2
"R_1Ic4ZIMVOPoURkj","try to sneak knife through",1,7,3
"R_1Ic4ZIMVOPoURkj","tell his friends he can't make it ",1,7,4
"R_1Ic4ZIMVOPoURkj","drop his knife in a garbage can and go through security",1,7,5
"R_1Hcg6SPp3BVoCeB","go home",1,3,1
"R_1Hcg6SPp3BVoCeB","ask they look up ticket receipt",1,3,2
"R_1Hcg6SPp3BVoCeB","buy another ticket",1,3,3
"R_1Hcg6SPp3BVoCeB","cry",1,3,4
"R_1Hcg6SPp3BVoCeB","see scalpers for another ticket",1,3,5
"R_1Hcg6SPp3BVoCeB","suggest a taxi",1,5,1
"R_1Hcg6SPp3BVoCeB","say no",1,5,2
"R_1Hcg6SPp3BVoCeB","only take her halfway",1,5,3
"R_1Hcg6SPp3BVoCeB","drop her at a police dept",1,5,4
"R_1Hcg6SPp3BVoCeB","help her find a different ride",1,5,5
"R_1Hcg6SPp3BVoCeB","call his lawyer",1,9,1
"R_1Hcg6SPp3BVoCeB","lock up and go to court",1,9,2
"R_1Hcg6SPp3BVoCeB","cry",1,9,3
"R_1Hcg6SPp3BVoCeB","ask another coworker to fill in",1,9,4
"R_1Hcg6SPp3BVoCeB","dont go into work",1,9,5
"R_5GVJUa2sMK038sM","Call a friend",2,2,1
"R_5GVJUa2sMK038sM","Get an Uber",2,2,2
"R_5GVJUa2sMK038sM","Get a tow truck",2,2,3
"R_5GVJUa2sMK038sM","Sit and do nothing",2,2,4
"R_5GVJUa2sMK038sM","Miss the flight",2,2,5
"R_5GVJUa2sMK038sM","Tell her it's out of his way",2,5,1
"R_5GVJUa2sMK038sM","Take her to the city",2,5,2
"R_5GVJUa2sMK038sM","Say he's going in opposite direction",2,5,3
"R_5GVJUa2sMK038sM","Take her as far as his turn off",2,5,4
"R_5GVJUa2sMK038sM","Tell her no",2,5,5
"R_5GVJUa2sMK038sM","Get out of line and mail his knife back home",2,7,1
"R_5GVJUa2sMK038sM","Stay inline and let security take his knife",2,7,2
"R_5GVJUa2sMK038sM","Go back home",2,7,3
"R_5GVJUa2sMK038sM","Try to get through with his knife",2,7,4
"R_5GVJUa2sMK038sM","Throw his knife away",2,7,5
"R_1NCTivNHn2R2xwd","Contact her health provider to see if an assistance program is in place",2,1,1
"R_1NCTivNHn2R2xwd","contact the drug manufacturer to see if an assistance program is in place",2,1,2
"R_1NCTivNHn2R2xwd","Seach to see if any community social sevices organizations provide this type of assistance",2,1,3
"R_1NCTivNHn2R2xwd","look towards social media for a good samaritan ",2,1,4
"R_1NCTivNHn2R2xwd","start a ""go fund me"" to raise money for Rx. ",2,1,5
"R_1NCTivNHn2R2xwd","call police and report vehicle for erratic driving",2,4,1
"R_1NCTivNHn2R2xwd","pull off road so that you are not following vehicle",2,4,2
"R_1NCTivNHn2R2xwd","safely pass car if possible",2,4,3
"R_1NCTivNHn2R2xwd","use emergency flashers while driving behind car to alert those coming behind that there is an issue ",2,4,4
"R_1NCTivNHn2R2xwd","follow carefully",2,4,5
"R_1NCTivNHn2R2xwd","Take her",2,5,1
"R_1NCTivNHn2R2xwd","refuse to take her",2,5,2
"R_1NCTivNHn2R2xwd","offer to take her part way (approriate drop off near house)",2,5,3
"R_1NCTivNHn2R2xwd","offer fare for public transportation if available",2,5,4
"R_1NCTivNHn2R2xwd","call a friend that lives near her to see if they are on their way home yet that maybe able to help her",2,5,5
"R_7aJJRH6OUfnV4Sq","try to buy another ticket at the venue",2,3,1
"R_7aJJRH6OUfnV4Sq","ask ted if he wants to drive home and get the ticket",2,3,2
"R_7aJJRH6OUfnV4Sq","ask if the ticket is on teds phone",2,3,3
"R_7aJJRH6OUfnV4Sq","go to the concert and meet ted later",2,3,4
"R_7aJJRH6OUfnV4Sq","ask venue if they have a way to check teds name for the concert",2,3,5
"R_7aJJRH6OUfnV4Sq","call 911",2,4,1
"R_7aJJRH6OUfnV4Sq","follow behind the car while waiting for police",2,4,2
"R_7aJJRH6OUfnV4Sq","drive up by the car to check driver in case ill",2,4,3
"R_7aJJRH6OUfnV4Sq","if possible, drive slow by car, honk horn t o get drivers attention",2,4,4
"R_7aJJRH6OUfnV4Sq","honk and gesture for them to pull over",2,4,5
"R_7aJJRH6OUfnV4Sq","call the police",2,6,1
"R_7aJJRH6OUfnV4Sq","break a window",2,6,2
"R_7aJJRH6OUfnV4Sq","get help from other shoppers",2,6,3
"R_7aJJRH6OUfnV4Sq","call animal control",2,6,4
"R_7aJJRH6OUfnV4Sq","try the car doors before breaking a window",2,6,5
"R_3FkZNCdE8A7qb9n","Call the police",2,4,1
"R_3FkZNCdE8A7qb9n","Honk to alert the other driver",2,4,2
"R_3FkZNCdE8A7qb9n","Flash the high beams several times to alert the other driver",2,4,3
"R_3FkZNCdE8A7qb9n","Turn on the 4 blinkers to alert others",2,4,4
"R_3FkZNCdE8A7qb9n","Drive away",2,4,5
"R_3FkZNCdE8A7qb9n","Break the window",2,6,1
"R_3FkZNCdE8A7qb9n","Contact police",2,6,2
"R_3FkZNCdE8A7qb9n","Do nothing ",2,6,3
"R_3FkZNCdE8A7qb9n","Document the scene ",2,6,4
"R_3FkZNCdE8A7qb9n","Look for the owner in the mall",2,6,5
"R_3FkZNCdE8A7qb9n","Contact immediately the taxi ",2,8,1
"R_3FkZNCdE8A7qb9n","Ask 2 people for their rings as stand-in rings",2,8,2
"R_3FkZNCdE8A7qb9n","Send someone to retrieve the rings",2,8,3
"R_3FkZNCdE8A7qb9n","Inform the wedding coordinator ",2,8,4
"R_3FkZNCdE8A7qb9n","Do nothing and pretend he didn't notice",2,8,5
"R_1gYkTgONa1P7tlf","ask family",2,1,1
"R_1gYkTgONa1P7tlf","new insurance",2,1,2
"R_1gYkTgONa1P7tlf","gofundme",2,1,3
"R_1gYkTgONa1P7tlf","ask friends",2,1,4
"R_1gYkTgONa1P7tlf","ask his/her family",2,1,5
"R_1gYkTgONa1P7tlf","watch youtube",2,2,1
"R_1gYkTgONa1P7tlf","go on tiktok",2,2,2
"R_1gYkTgONa1P7tlf","watch tv",2,2,3
"R_1gYkTgONa1P7tlf","take a walk",2,2,4
"R_1gYkTgONa1P7tlf","take a nap",2,2,5
"R_1gYkTgONa1P7tlf","wait",2,9,1
"R_1gYkTgONa1P7tlf","call someone else",2,9,2
"R_1gYkTgONa1P7tlf","close until he gets there",2,9,3
"R_1gYkTgONa1P7tlf","call boss and see how long he will be ",2,9,4
"R_1gYkTgONa1P7tlf","just be late",2,9,5
"R_1E6tiqTD3Brh0E2","Call a mechanic to come and service the car",2,2,1
"R_1E6tiqTD3Brh0E2","Call for the car to be tolled",2,2,2
"R_1E6tiqTD3Brh0E2","Book an uber",2,2,3
"R_1E6tiqTD3Brh0E2","Relax and not panick",2,2,4
"R_1E6tiqTD3Brh0E2","Proceed to the airport",2,2,5
"R_1E6tiqTD3Brh0E2","Alert the police of a possible accident",2,4,1
"R_1E6tiqTD3Brh0E2","Honk to draw the attention of the driver ahead and passer byers ",2,4,2
"R_1E6tiqTD3Brh0E2","Fasten his seat belt",2,4,3
"R_1E6tiqTD3Brh0E2","Try and save the driver ",2,4,4
"R_1E6tiqTD3Brh0E2","Do not over take the driver",2,4,5
"R_1E6tiqTD3Brh0E2","Inform the sister ",2,8,1
"R_1E6tiqTD3Brh0E2","Track the taxi down and go for the ring",2,8,2
"R_1E6tiqTD3Brh0E2","Inform the police ",2,8,3
"R_1E6tiqTD3Brh0E2","Relax",2,8,4
"R_1E6tiqTD3Brh0E2","Go get the ring",2,8,5
"R_5RVbon0W8XsjWia","Heinz could ask friends and family to borrow the money",2,1,1
"R_5RVbon0W8XsjWia","Heinz could start a gofund me page to raise the money needed",2,1,2
"R_5RVbon0W8XsjWia","Heinz could ask the dr if there is any other cheaper alternative that she could use",2,1,3
"R_5RVbon0W8XsjWia","Heinz could ask the pharmacy for any discounts or payment plan options",2,1,4
"R_5RVbon0W8XsjWia","Heinz could take his chances and just hope for the best without the medication",2,1,5
"R_5RVbon0W8XsjWia","I believe Daniel could be truthful to the people, which would be embarrassing for him.",2,8,1
"R_5RVbon0W8XsjWia","I think Daniel could make a joke of the situation to make people feel a little better about it.",2,8,2
"R_5RVbon0W8XsjWia","I think Daniel could send someone to track down the taxi in order to find and retrieve the ring.",2,8,3
"R_5RVbon0W8XsjWia","I believe Daniel could ask to borrow someone elses ring for the time being until he could retrieve the original ring",2,8,4
"R_5RVbon0W8XsjWia","I think Daniel could send someone to the store to buy a new ring",2,8,5
"R_5RVbon0W8XsjWia","Jeff could call the court clerks or whoever is in charge and let them know he was going to be late",2,9,1
"R_5RVbon0W8XsjWia","Jeff could just not go and take his chances on the conequences",2,9,2
"R_5RVbon0W8XsjWia","Jeff could quit his job and leave the store to go",2,9,3
"R_5RVbon0W8XsjWia","Jeff could stay at work and keep trying to get ahold of his boss",2,9,4
"R_5RVbon0W8XsjWia","Jeff could call other employees to come in and cover the rest of his shift",2,9,5
"R_11cwa4Rb5sUMoC0","Ask for help",2,1,1
"R_11cwa4Rb5sUMoC0","Take out a loan ",2,1,2
"R_11cwa4Rb5sUMoC0","Sell some items",2,1,3
"R_11cwa4Rb5sUMoC0","Not get it ",2,1,4
"R_11cwa4Rb5sUMoC0","Steal money ",2,1,5
"R_11cwa4Rb5sUMoC0","Buy him a new one ",2,3,1
"R_11cwa4Rb5sUMoC0","Go without him ",2,3,2
"R_11cwa4Rb5sUMoC0","Agree to wait for him",2,3,3
"R_11cwa4Rb5sUMoC0","Go with him ",2,3,4
"R_11cwa4Rb5sUMoC0","Get mad at him ",2,3,5
"R_11cwa4Rb5sUMoC0","Give her a ride ",2,5,1
"R_11cwa4Rb5sUMoC0","Offer her an uber",2,5,2
"R_11cwa4Rb5sUMoC0","Give her bus or taxi fare",2,5,3
"R_11cwa4Rb5sUMoC0","Say no",2,5,4
"R_11cwa4Rb5sUMoC0","Give her a ride closer to her destination ",2,5,5
"R_35XJBN8g5CqCxcR","Call Mall security",2,6,1
"R_35XJBN8g5CqCxcR","Call police",2,6,2
"R_35XJBN8g5CqCxcR","Call animal welfare",2,6,3
"R_35XJBN8g5CqCxcR","Look around to see if the person is near",2,6,4
"R_35XJBN8g5CqCxcR","Break the window",2,6,5
"R_35XJBN8g5CqCxcR","Tell the screaners about the knife",2,7,1
"R_35XJBN8g5CqCxcR","Put his hands in the air",2,7,2
"R_35XJBN8g5CqCxcR","remain Calm",2,7,3
"R_35XJBN8g5CqCxcR","Remain focused",2,7,4
"R_35XJBN8g5CqCxcR","Pray",2,7,5
"R_35XJBN8g5CqCxcR","Call the cab company",2,8,1
"R_35XJBN8g5CqCxcR","See if the cab is near",2,8,2
"R_35XJBN8g5CqCxcR","Use his own ring as a temporary ring",2,8,3
"R_35XJBN8g5CqCxcR","pray",2,8,4
"R_35XJBN8g5CqCxcR","cry",2,8,5
"R_1Gv59GbbxIG4hqx","Give him her ticket.",1,3,1
"R_1Gv59GbbxIG4hqx","Buy a new ticket.",1,3,2
"R_1Gv59GbbxIG4hqx","Offer to go do something else together.",1,3,3
"R_1Gv59GbbxIG4hqx","Let him return to get his ticket.",1,3,4
"R_1Gv59GbbxIG4hqx","Both go back to get the ticket.",1,3,5
"R_1Gv59GbbxIG4hqx","She could call the police.",1,6,1
"R_1Gv59GbbxIG4hqx","She could stop someone passing by to help.",1,6,2
"R_1Gv59GbbxIG4hqx","She could break the window.",1,6,3
"R_1Gv59GbbxIG4hqx","She could yell for help.",1,6,4
"R_1Gv59GbbxIG4hqx","She could notify mall security.",1,6,5
"R_1Gv59GbbxIG4hqx","He could take off his own ring and offer it temporarily.",1,8,1
"R_1Gv59GbbxIG4hqx","He could admit what he did.",1,8,2
"R_1Gv59GbbxIG4hqx","He could make a ring from flowers at the wedding.",1,8,3
"R_1Gv59GbbxIG4hqx","He could quickly call the taxi company.",1,8,4
"R_1Gv59GbbxIG4hqx","He could leave the ceremony and buy a new one.",1,8,5
"R_74NxEjV7dEE5904","He can offer to call some to pick her up. ",2,5,1
"R_74NxEjV7dEE5904","He could take her as far as he can based on his route.",2,5,2
"R_74NxEjV7dEE5904","He could take her all the way to where she needs to go.",2,5,3
"R_74NxEjV7dEE5904","He could say he can't and continue on his way. ",2,5,4
"R_74NxEjV7dEE5904","He could pay for an uber for her. ",2,5,5
"R_74NxEjV7dEE5904","He could call the taxi guy to get it back. ",2,8,1
"R_74NxEjV7dEE5904","Borrow someone elses ring.",2,8,2
"R_74NxEjV7dEE5904","Nothing and be empty handed. ",2,8,3
"R_74NxEjV7dEE5904","Use a string as a replacement for now.",2,8,4
"R_74NxEjV7dEE5904","Run to a jeweler and buy a new ring",2,8,5
"R_74NxEjV7dEE5904","He could just leave.",2,9,1
"R_74NxEjV7dEE5904","He could call his boss. ",2,9,2
"R_74NxEjV7dEE5904","He could go on strike.",2,9,3
"R_74NxEjV7dEE5904","He could call a different employer.",2,9,4
"R_74NxEjV7dEE5904","He could call the boss' family. ",2,9,5
"R_3ReVhaxfBloav88","he could call the police",2,4,1
"R_3ReVhaxfBloav88","he could stop and wait for that driver to clear",2,4,2
"R_3ReVhaxfBloav88","he could take a different road",2,4,3
"R_3ReVhaxfBloav88","he could pass the other driver",2,4,4
"R_3ReVhaxfBloav88","he could slow down",2,4,5
"R_3ReVhaxfBloav88","he could race out and try to find it",2,8,1
"R_3ReVhaxfBloav88","he could give her a ring he was wearing",2,8,2
"R_3ReVhaxfBloav88","he could just try to explain",2,8,3
"R_3ReVhaxfBloav88","he could try to fake it ",2,8,4
"R_3ReVhaxfBloav88","he could try to postpone things",2,8,5
"R_3ReVhaxfBloav88","he could stay and miss court",2,9,1
"R_3ReVhaxfBloav88","he could lock the door and leave",2,9,2
"R_3ReVhaxfBloav88","he could call another employee",2,9,3
"R_3ReVhaxfBloav88","he could just leave",2,9,4
"R_3ReVhaxfBloav88","he could text his boss and say why he is leaving",2,9,5
"R_3GN9uIXPDKwy275","Seek financial",2,1,1
"R_3GN9uIXPDKwy275","Contact the doctor",2,1,2
"R_3GN9uIXPDKwy275","look for a suitable payment plan",2,1,3
"R_3GN9uIXPDKwy275","explore sourcing at different place",2,1,4
"R_3GN9uIXPDKwy275","contacr the phama company",2,1,5
"R_3GN9uIXPDKwy275","change lanes",2,4,1
"R_3GN9uIXPDKwy275","stay very alert",2,4,2
"R_3GN9uIXPDKwy275","avoid any form of confrontation",2,4,3
"R_3GN9uIXPDKwy275","follow at a distance",2,4,4
"R_3GN9uIXPDKwy275","call the police",2,4,5
"R_3GN9uIXPDKwy275","Calls the Owner",2,9,1
"R_3GN9uIXPDKwy275","calls a Co worker nearby",2,9,2
"R_3GN9uIXPDKwy275","check the schedule",2,9,3
"R_3GN9uIXPDKwy275","Notify the manager or other branch office",2,9,4
"R_3GN9uIXPDKwy275","Lock the store",2,9,5
"R_54eLulcQnR1s3TC","use a credit card",1,1,1
"R_54eLulcQnR1s3TC","loan some money ",1,1,2
"R_54eLulcQnR1s3TC","ask for help from friends ",1,1,3
"R_54eLulcQnR1s3TC","buy the medication in bit",1,1,4
"R_54eLulcQnR1s3TC","open a gofundme account",1,1,5
"R_54eLulcQnR1s3TC","help the woman to her destination",1,5,1
"R_54eLulcQnR1s3TC","drop her at his stop",1,5,2
"R_54eLulcQnR1s3TC","assist her with transportation fare",1,5,3
"R_54eLulcQnR1s3TC","explain to her he can't go further ",1,5,4
"R_54eLulcQnR1s3TC","decline",1,5,5
"R_54eLulcQnR1s3TC","put a call through to the driver or company",1,8,1
"R_54eLulcQnR1s3TC","go to the park to look for the taxi",1,8,2
"R_54eLulcQnR1s3TC","Inform anyone who can help",1,8,3
"R_54eLulcQnR1s3TC","inform the sister about the situation and calm her down",1,8,4
"R_54eLulcQnR1s3TC","suggest if there could be an alternative ring",1,8,5
"R_6eVD6NqwbW8dqAB","Hitch hike",1,2,1
"R_6eVD6NqwbW8dqAB","Call a Taxi",1,2,2
"R_6eVD6NqwbW8dqAB","Run the rest of the way",1,2,3
"R_6eVD6NqwbW8dqAB","Sit in his car and cry",1,2,4
"R_6eVD6NqwbW8dqAB","Try to fix his car",1,2,5
"R_6eVD6NqwbW8dqAB","Break the window",1,6,1
"R_6eVD6NqwbW8dqAB","Contact the police",1,6,2
"R_6eVD6NqwbW8dqAB","Ask mall security to make an announcement",1,6,3
"R_6eVD6NqwbW8dqAB","Jimmy the lock and open the door",1,6,4
"R_6eVD6NqwbW8dqAB","Nothing",1,6,5
"R_6eVD6NqwbW8dqAB","Contact the taxi company",1,8,1
"R_6eVD6NqwbW8dqAB","Tell his sister and ask her opinion",1,8,2
"R_6eVD6NqwbW8dqAB","Get a temporary replacement for the ring",1,8,3
"R_6eVD6NqwbW8dqAB","Delay the wedding",1,8,4
"R_6eVD6NqwbW8dqAB","Keep it a secret and cause a scene during the ceremony",1,8,5
"R_5nPfHw3O1iw4AOn","call tow truck, family member to head that way and get an uber to the airport",2,2,1
"R_5nPfHw3O1iw4AOn","call police and ask for advice",2,2,2
"R_5nPfHw3O1iw4AOn","stay in his car and wait for tow truck- cancel trip",2,2,3
"R_5nPfHw3O1iw4AOn","abandon his car and catch a ride to the airport",2,2,4
"R_5nPfHw3O1iw4AOn","try to fix car himself",2,2,5
"R_5nPfHw3O1iw4AOn","Call taxi company and try to retrieve it",2,8,1
"R_5nPfHw3O1iw4AOn","admit the truth to the groom",2,8,2
"R_5nPfHw3O1iw4AOn","panic and abandon the wedding",2,8,3
"R_5nPfHw3O1iw4AOn","do not tell the truth and act surprised at the ceremony",2,8,4
"R_5nPfHw3O1iw4AOn","borrow some rings from the guests and handle it later",2,8,5
"R_5nPfHw3O1iw4AOn","call his boss",2,9,1
"R_5nPfHw3O1iw4AOn","call his attorney",2,9,2
"R_5nPfHw3O1iw4AOn","if boss doesn't show up he needs to stay",2,9,3
"R_5nPfHw3O1iw4AOn","he needs to call some co workers to help with covering up the shift",2,9,4
"R_5nPfHw3O1iw4AOn","call family members to let them know about the situation",2,9,5
"R_5iyQxTv3HgDVAWv","Order an rideshare service and a tow for his car.",2,2,1
"R_5iyQxTv3HgDVAWv","Call a friend to lend him a ride.",2,2,2
"R_5iyQxTv3HgDVAWv","Call the police to move the car from the street.",2,2,3
"R_5iyQxTv3HgDVAWv","Ask for help on the highway.",2,2,4
"R_5iyQxTv3HgDVAWv","Cancel his plans.",2,2,5
"R_5iyQxTv3HgDVAWv","Try to hide the knife so it doesn't get noticed.",2,7,1
"R_5iyQxTv3HgDVAWv","Let the officers know he is carrying a knife of that size.",2,7,2
"R_5iyQxTv3HgDVAWv","Leave the knife behind to avoid trouble.",2,7,3
"R_5iyQxTv3HgDVAWv","Don't go to the festival.",2,7,4
"R_5iyQxTv3HgDVAWv","Do nothing and hope he doesn't get caught.",2,7,5
"R_5iyQxTv3HgDVAWv","Say that he lost the ring.",2,8,1
"R_5iyQxTv3HgDVAWv","Run away from the scene.",2,8,2
"R_5iyQxTv3HgDVAWv","Apologize to his sister.",2,8,3
"R_5iyQxTv3HgDVAWv","Blame someone else.",2,8,4
"R_5iyQxTv3HgDVAWv","Put an excuse to not have the ring.",2,8,5
"R_5MSXi1UQzBU8zv3","call cab",2,2,1
"R_5MSXi1UQzBU8zv3","walk",2,2,2
"R_5MSXi1UQzBU8zv3","run",2,2,3
"R_5MSXi1UQzBU8zv3","bike",2,2,4
"R_5MSXi1UQzBU8zv3","jog",2,2,5
"R_5MSXi1UQzBU8zv3","Go around",2,4,1
"R_5MSXi1UQzBU8zv3","call the police",2,4,2
"R_5MSXi1UQzBU8zv3","mind his own business",2,4,3
"R_5MSXi1UQzBU8zv3","honk",2,4,4
"R_5MSXi1UQzBU8zv3","find alternate route",2,4,5
"R_5MSXi1UQzBU8zv3","Lock the door and go",2,9,1
"R_5MSXi1UQzBU8zv3","walkout",2,9,2
"R_5MSXi1UQzBU8zv3","call the court",2,9,3
"R_5MSXi1UQzBU8zv3","miss court",2,9,4
"R_5MSXi1UQzBU8zv3","scream",2,9,5
"R_52xZVKt713vcEs9","call an Uber ",2,2,1
"R_52xZVKt713vcEs9","call a friend ",2,2,2
"R_52xZVKt713vcEs9","call a relative ",2,2,3
"R_52xZVKt713vcEs9","call AAA ",2,2,4
"R_52xZVKt713vcEs9","reschedule his flight ",2,2,5
"R_52xZVKt713vcEs9","call thenon emergency police and report it ",2,6,1
"R_52xZVKt713vcEs9","call animal control ",2,6,2
"R_52xZVKt713vcEs9","look for the owner ",2,6,3
"R_52xZVKt713vcEs9","stay with the car until help arrives ",2,6,4
"R_52xZVKt713vcEs9","assess the situation ",2,6,5
"R_52xZVKt713vcEs9","text the taxi company to bring it back ",2,8,1
"R_52xZVKt713vcEs9","make a graceful exit and retrieve it ",2,8,2
"R_52xZVKt713vcEs9","make a funny comment and go get it",2,8,3
"R_52xZVKt713vcEs9","ask someone who works at the ceremony to get in contact with the taxi company ",2,8,4
"R_52xZVKt713vcEs9","call the taxi company and ask them to get in contact with his driver ",2,8,5
"R_1aNNXAPtx2JG665","Seek financial support",2,1,1
"R_1aNNXAPtx2JG665","Crowdfunding",2,1,2
"R_1aNNXAPtx2JG665","Talk to Pharmacy",2,1,3
"R_1aNNXAPtx2JG665","Consult with Doctor",2,1,4
"R_1aNNXAPtx2JG665","Find charity organizations",2,1,5
"R_1aNNXAPtx2JG665","Check for Digital access",2,3,1
"R_1aNNXAPtx2JG665","Ask for Assistance at the Entrance",2,3,2
"R_1aNNXAPtx2JG665","Split Up Temporarily",2,3,3
"R_1aNNXAPtx2JG665","Offer to Accompany Ted",2,3,4
"R_1aNNXAPtx2JG665","Suggest Reselling or Buying Another Ticket",2,3,5
"R_1aNNXAPtx2JG665","Call a Backup",2,9,1
"R_1aNNXAPtx2JG665","Notify the Court",2,9,2
"R_1aNNXAPtx2JG665","Lock the Store Temporarily",2,9,3
"R_1aNNXAPtx2JG665","Ask a Trusted Friend or Family Member for Help",2,9,4
"R_1aNNXAPtx2JG665","Document the Situation",2,9,5
"R_7eITVZii96Fx1HJ","Politely decline explaining that he's on his way home and can't deviate from his route.",1,5,1
"R_7eITVZii96Fx1HJ","Help the woman find alternative transportation, such as calling a taxi or rideshare service.",1,5,2
"R_7eITVZii96Fx1HJ","Offer to drive the woman to a nearby bus stop or gas station where she can find other transportation options.",1,5,3
"R_7eITVZii96Fx1HJ","Request a fee for the extra mileage and time. ",1,5,4
"R_7eITVZii96Fx1HJ","Trust his gut and decline the request, regardless of any potential guilt or inconvenience.",1,5,5
"R_7eITVZii96Fx1HJ","Use a Temporary Ring",1,8,1
"R_7eITVZii96Fx1HJ","Send a trusted friend or family member to retrieve the ring from the taxi. ",1,8,2
"R_7eITVZii96Fx1HJ","Inform the Officiant: Immediately inform the officiant or a trusted family member about the missing ring",1,8,3
"R_7eITVZii96Fx1HJ","Contact the Taxi Company to locate the ring",1,8,4
"R_7eITVZii96Fx1HJ","Postpone the ceremony until the ring is found.",1,8,5
"R_7eITVZii96Fx1HJ","Contact Other Employees to see if they can come in early to cover the shift.",1,9,1
"R_7eITVZii96Fx1HJ","Call the Police to report the situation.",1,9,2
"R_7eITVZii96Fx1HJ","Close the Store Early.",1,9,3
"R_7eITVZii96Fx1HJ","Leave a Note for his boss explaining the situation.",1,9,4
"R_7eITVZii96Fx1HJ","Seek Legal Advice.",1,9,5
"R_5CfFrpbgdlKYh7S","Start a fundraiser.",2,1,1
"R_5CfFrpbgdlKYh7S","Call local resources. ",2,1,2
"R_5CfFrpbgdlKYh7S","Pick up multiple jobs to cover expenses.",2,1,3
"R_5CfFrpbgdlKYh7S","Ask a family member.",2,1,4
"R_5CfFrpbgdlKYh7S","Choose to not just not get it.",2,1,5
"R_5CfFrpbgdlKYh7S","Ask everyone to split the price of the ticket to buy Ted another.",2,3,1
"R_5CfFrpbgdlKYh7S","Try to call and have someone at his home bring him the ticket.",2,3,2
"R_5CfFrpbgdlKYh7S","Give Ted her ticket and she misses the concert.",2,3,3
"R_5CfFrpbgdlKYh7S","Completely buy a new ticket for him herself.",2,3,4
"R_5CfFrpbgdlKYh7S","Suggest everyone misses the concert if he cannot go.",2,3,5
"R_5CfFrpbgdlKYh7S","Close the store down and leave.",2,9,1
"R_5CfFrpbgdlKYh7S","Miss the court date.",2,9,2
"R_5CfFrpbgdlKYh7S","Quit his job.",2,9,3
"R_5CfFrpbgdlKYh7S","Call a friend to take over.",2,9,4
"R_5CfFrpbgdlKYh7S","Continue calling his boss and hope they show up.",2,9,5
"R_6jqYLUMt97mQsda","Offer to buy his entrance at the gate.",2,3,1
"R_6jqYLUMt97mQsda","Give him her ticket.",2,3,2
"R_6jqYLUMt97mQsda","Drive him home to get his ticket.",2,3,3
"R_6jqYLUMt97mQsda","Try to ask if anyone is selling a ticket.",2,3,4
"R_6jqYLUMt97mQsda","Leave the concert with him.",2,3,5
"R_6jqYLUMt97mQsda","Refuse her.",2,5,1
"R_6jqYLUMt97mQsda","Tell her he can take her half way.",2,5,2
"R_6jqYLUMt97mQsda","Help her find public transportation.",2,5,3
"R_6jqYLUMt97mQsda","Help her find another customer who can help.",2,5,4
"R_6jqYLUMt97mQsda","Tell her to call a family member.",2,5,5
"R_6jqYLUMt97mQsda","Call other employees to fill in.",2,9,1
"R_6jqYLUMt97mQsda","Call the court and let them know he will be late.",2,9,2
"R_6jqYLUMt97mQsda","Reschedule his court appointment.",2,9,3
"R_6jqYLUMt97mQsda","Call a family member of his boss to ask for help.",2,9,4
"R_6jqYLUMt97mQsda","Call a friend who can take over the store.",2,9,5
"R_6n0gaBJlObJZNJL","Heinz could not purchase the medication at all.",2,1,1
"R_6n0gaBJlObJZNJL","Heinz could borrow the money for the medication from family.",2,1,2
"R_6n0gaBJlObJZNJL","Heinz could take out a loan for the medication.",2,1,3
"R_6n0gaBJlObJZNJL","Heinz could try to synthesize the medication himself.",2,1,4
"R_6n0gaBJlObJZNJL","Heinz could sell his worldly possessions to afford the medication.",2,1,5
"R_6n0gaBJlObJZNJL","Darya could give Ted her ticket and forgo the concert.",2,3,1
"R_6n0gaBJlObJZNJL","Darya could go to the concert without Ted.",2,3,2
"R_6n0gaBJlObJZNJL","Darya could ask anyone else at the concert if they want to forgo their tickets.",2,3,3
"R_6n0gaBJlObJZNJL","Darya could see if she can purchase a ticket for Ted.",2,3,4
"R_6n0gaBJlObJZNJL","Darya can race to the house with Ted to get the ticket and then race back.",2,3,5
"R_6n0gaBJlObJZNJL","Cameron could call a ride for the woman but go his own way.",2,5,1
"R_6n0gaBJlObJZNJL","Cameron could drive the woman to the nearby city.",2,5,2
"R_6n0gaBJlObJZNJL","Cameron could decline and leave the woman where she is.",2,5,3
"R_6n0gaBJlObJZNJL","Cameron could give the woman his car and let her drive while he walks.",2,5,4
"R_6n0gaBJlObJZNJL","Cameron could drive the woman to his home and let her walk the rest of the way to the city.",2,5,5
"R_7LbbH6CJBhzkj6m","Call a family member ",1,2,1
"R_7LbbH6CJBhzkj6m","Call a friend",1,2,2
"R_7LbbH6CJBhzkj6m","Book another flight",1,2,3
"R_7LbbH6CJBhzkj6m","Not go at all",1,2,4
"R_7LbbH6CJBhzkj6m","Postpone the trip all together",1,2,5
"R_7LbbH6CJBhzkj6m","Go with Ted to get his ticket",1,3,1
"R_7LbbH6CJBhzkj6m","Buy another ticket if available",1,3,2
"R_7LbbH6CJBhzkj6m","Not go at all",1,3,3
"R_7LbbH6CJBhzkj6m","Go to the concert without Ted",1,3,4
"R_7LbbH6CJBhzkj6m","Wait outside until Ted comes back",1,3,5
"R_7LbbH6CJBhzkj6m","Not do it at all",1,5,1
"R_7LbbH6CJBhzkj6m","Suggest that she call an Uber",1,5,2
"R_7LbbH6CJBhzkj6m","Take her but tell her that he needs gas money",1,5,3
"R_7LbbH6CJBhzkj6m","Suggest that she call a friend or family member",1,5,4
"R_7LbbH6CJBhzkj6m","Suggest that she takes the city bus",1,5,5
"R_3Oqo1NreUUs9hoU","Take a taxi",1,2,1
"R_3Oqo1NreUUs9hoU","Call a Uber",1,2,2
"R_3Oqo1NreUUs9hoU","Call a Lyft",1,2,3
"R_3Oqo1NreUUs9hoU","Take a bus",1,2,4
"R_3Oqo1NreUUs9hoU","Call a friend",1,2,5
"R_3Oqo1NreUUs9hoU","Buy another one",1,3,1
"R_3Oqo1NreUUs9hoU","Come back home and take",1,3,2
"R_3Oqo1NreUUs9hoU","Don t come to the concert",1,3,3
"R_3Oqo1NreUUs9hoU","Wait her friends outside",1,3,4
"R_3Oqo1NreUUs9hoU","Go way",1,3,5
"R_3Oqo1NreUUs9hoU","Text the taxi driver",1,8,1
"R_3Oqo1NreUUs9hoU","Call the taxi driver",1,8,2
"R_3Oqo1NreUUs9hoU","Go to a ring shop",1,8,3
"R_3Oqo1NreUUs9hoU","Buy another one online",1,8,4
"R_3Oqo1NreUUs9hoU","Tell my sister",1,8,5
"R_1EZoFzjCq1uQ8s9","appeal the coverage with the insurer",1,1,1
"R_1EZoFzjCq1uQ8s9","look for programs the pharma company has to help ",1,1,2
"R_1EZoFzjCq1uQ8s9","ask for support from local organizations",1,1,3
"R_1EZoFzjCq1uQ8s9","consider alternative therapies",1,1,4
"R_1EZoFzjCq1uQ8s9","crowd fund or ask friends and family",1,1,5
"R_1EZoFzjCq1uQ8s9","go to the box office to see if there is an electronic version",1,3,1
"R_1EZoFzjCq1uQ8s9","look for scalpers",1,3,2
"R_1EZoFzjCq1uQ8s9","buy another ticket from the venue",1,3,3
"R_1EZoFzjCq1uQ8s9","share tickets",1,3,4
"R_1EZoFzjCq1uQ8s9","nothing",1,3,5
"R_1EZoFzjCq1uQ8s9","mail it to his house",1,7,1
"R_1EZoFzjCq1uQ8s9","get an uber and have them take it the house",1,7,2
"R_1EZoFzjCq1uQ8s9","pay to store it in a locker",1,7,3
"R_1EZoFzjCq1uQ8s9","have a friend come and get it",1,7,4
"R_1EZoFzjCq1uQ8s9","Put it in lost and found and come back and pick it up",1,7,5
"R_3pXufk8z7qV1CKS","She could see if anyone is selling tickets outside",1,3,1
"R_3pXufk8z7qV1CKS","She could check resale sites and see if they are selling any tickets",1,3,2
"R_3pXufk8z7qV1CKS","She could give her ticket to Ted",1,3,3
"R_3pXufk8z7qV1CKS","She could drive Ted home and be late to the concert",1,3,4
"R_3pXufk8z7qV1CKS","They could all decide not to go so Ted would not feel left out.",1,3,5
"R_3pXufk8z7qV1CKS","Pull off to the side of the road",1,4,1
"R_3pXufk8z7qV1CKS","Keep driving although it would be very unsafe",1,4,2
"R_3pXufk8z7qV1CKS","Call the police",1,4,3
"R_3pXufk8z7qV1CKS","Honk his horn",1,4,4
"R_3pXufk8z7qV1CKS","Flash his lights",1,4,5
"R_3pXufk8z7qV1CKS","Tell the lady he is in a hurry",1,5,1
"R_3pXufk8z7qV1CKS","Give the lady a ride",1,5,2
"R_3pXufk8z7qV1CKS","Offer to setup an uber for her",1,5,3
"R_3pXufk8z7qV1CKS","Ask anyone else at the gas station if they have time",1,5,4
"R_3pXufk8z7qV1CKS","Ignore her",1,5,5
"R_8xJ9v7zSTbpsHIJ","call 911",1,4,1
"R_8xJ9v7zSTbpsHIJ","Pass car to get out of way",1,4,2
"R_8xJ9v7zSTbpsHIJ","get off that road",1,4,3
"R_8xJ9v7zSTbpsHIJ","honk at other car",1,4,4
"R_8xJ9v7zSTbpsHIJ","slow way down away from the other car",1,4,5
"R_8xJ9v7zSTbpsHIJ","tell her no",1,5,1
"R_8xJ9v7zSTbpsHIJ","tell her its too far",1,5,2
"R_8xJ9v7zSTbpsHIJ","tell her hes topo tired",1,5,3
"R_8xJ9v7zSTbpsHIJ","tell her to find another ride",1,5,4
"R_8xJ9v7zSTbpsHIJ","tell her he dont give rides to strangers",1,5,5
"R_8xJ9v7zSTbpsHIJ","Jeff could call other employees to ask to take shift",1,9,1
"R_8xJ9v7zSTbpsHIJ","Jeff could call regional manager",1,9,2
"R_8xJ9v7zSTbpsHIJ","Jeff could lock door and leave",1,9,3
"R_8xJ9v7zSTbpsHIJ","Jeff could call his bosses wife",1,9,4
"R_8xJ9v7zSTbpsHIJ","Jeff can try bosses house phone or email",1,9,5
"R_1l4O85U3kAj8WYN","call another friend",1,2,1
"R_1l4O85U3kAj8WYN","walk",1,2,2
"R_1l4O85U3kAj8WYN","call uber",1,2,3
"R_1l4O85U3kAj8WYN","be mad and wait for help",1,2,4
"R_1l4O85U3kAj8WYN","ask friend to push car",1,2,5
"R_1l4O85U3kAj8WYN","buy another ticket",1,3,1
"R_1l4O85U3kAj8WYN","go home",1,3,2
"R_1l4O85U3kAj8WYN","do something else",1,3,3
"R_1l4O85U3kAj8WYN","leave her friend and go to concert",1,3,4
"R_1l4O85U3kAj8WYN","sneak in",1,3,5
"R_1l4O85U3kAj8WYN","keep calling the boss",1,9,1
"R_1l4O85U3kAj8WYN","close the store",1,9,2
"R_1l4O85U3kAj8WYN","call someone else to come in",1,9,3
"R_1l4O85U3kAj8WYN","call the court and cancel",1,9,4
"R_1l4O85U3kAj8WYN","call court say your running late",1,9,5
"R_1meCQpmm7l4RkEk","Reach out to family or friends for financial help",1,1,1
"R_1meCQpmm7l4RkEk","Look into discount programs or financial assistance from the pharmaceutical company",1,1,2
"R_1meCQpmm7l4RkEk","Sell personal belongings or valuables to raise the money",1,1,3
"R_1meCQpmm7l4RkEk","Consider taking out a loan or using a credit card to pay for the medication",1,1,4
"R_1meCQpmm7l4RkEk","Contact a local charity or nonprofit organization that provides financial assistance for medical needs",1,1,5
"R_1meCQpmm7l4RkEk","Call a tow truck or roadside assistance for help with the car.",1,2,1
"R_1meCQpmm7l4RkEk","Call a taxi, rideshare, or car rental service to continue the journey to the airport.",1,2,2
"R_1meCQpmm7l4RkEk","Use his phone to check the traffic situation or find alternate routes to the airport.",1,2,3
"R_1meCQpmm7l4RkEk","Contact the airline to inform them about the delay and inquire about rebooking options.",1,2,4
"R_1meCQpmm7l4RkEk","Ask nearby drivers or pedestrians for help, such as offering a ride or suggesting nearby transportation options.",1,2,5
"R_1meCQpmm7l4RkEk","Call the taxi company to ask the driver to return to the ceremony location.",1,8,1
"R_1meCQpmm7l4RkEk","Ask a family member or guest to quickly drive to the taxi service and retrieve the ring.",1,8,2
"R_1meCQpmm7l4RkEk","Inform the wedding planner or officiant about the situation and ask for advice.",1,8,3
"R_1meCQpmm7l4RkEk","Search around the ceremony area to see if the ring fell out of his pocket earlier.",1,8,4
"R_1meCQpmm7l4RkEk","Use his phone to call the taxi driver directly and explain the urgency of retrieving the ring.",1,8,5
"R_3KGZH9OLT6wf6Et","They could look for an email proving he bought a ticket",1,3,1
"R_3KGZH9OLT6wf6Et","Darya could stick with ted and decide what to do",1,3,2
"R_3KGZH9OLT6wf6Et","Leave ted and enjoy the concert with her other friends",1,3,3
"R_3KGZH9OLT6wf6Et","TDarya can offer to call someone to bring Ted's ticket to the venue",1,3,4
"R_3KGZH9OLT6wf6Et","Buy another ticket if available ",1,3,5
"R_3KGZH9OLT6wf6Et","Offer a ride to the woman",1,5,1
"R_3KGZH9OLT6wf6Et","He could find an alternate way for the woman to reach her destination",1,5,2
"R_3KGZH9OLT6wf6Et","He could drive her halfway",1,5,3
"R_3KGZH9OLT6wf6Et","He has to consider whether the situation feels safe or not",1,5,4
"R_3KGZH9OLT6wf6Et","He could also say no",1,5,5
"R_3KGZH9OLT6wf6Et","He could rush to find a new ring",1,8,1
"R_3KGZH9OLT6wf6Et","Inform someone as to delay the ceremony a bit in order to find the ring",1,8,2
"R_3KGZH9OLT6wf6Et","Call the taxi company",1,8,3
"R_3KGZH9OLT6wf6Et","The couple could proceed with the wedding and later get a ring",1,8,4
"R_3KGZH9OLT6wf6Et","They could just proceed without a ring as they are there to celebrate love and union",1,8,5
"R_5KxvFmEl4eN7DXR","ask for financial assistance from their doctors office",2,1,1
"R_5KxvFmEl4eN7DXR","contact a non profit",2,1,2
"R_5KxvFmEl4eN7DXR","order the medications from Canada",2,1,3
"R_5KxvFmEl4eN7DXR","borrow money",2,1,4
"R_5KxvFmEl4eN7DXR","go without",2,1,5
"R_5KxvFmEl4eN7DXR","Tell the groom immediately",2,8,1
"R_5KxvFmEl4eN7DXR","call the taxi company",2,8,2
"R_5KxvFmEl4eN7DXR","apologize profusely",2,8,3
"R_5KxvFmEl4eN7DXR","find a sunstitution",2,8,4
"R_5KxvFmEl4eN7DXR","offer to replace the ring",2,8,5
"R_5KxvFmEl4eN7DXR","Close the store with a note",2,9,1
"R_5KxvFmEl4eN7DXR","text his boss and let him know",2,9,2
"R_5KxvFmEl4eN7DXR","contact the court appointment",2,9,3
"R_5KxvFmEl4eN7DXR","see if a co worker can cover for him",2,9,4
"R_5KxvFmEl4eN7DXR","miss the appointment",2,9,5
"R_3OZyTC9XvC0OPiw","call the police",2,4,1
"R_3OZyTC9XvC0OPiw","put distance between self and potentially intoxicated driver",2,4,2
"R_3OZyTC9XvC0OPiw","do nothing",2,4,3
"R_3OZyTC9XvC0OPiw","take an alternate route ",2,4,4
"R_3OZyTC9XvC0OPiw","leave the roadway then call 911",2,4,5
"R_3OZyTC9XvC0OPiw","call the police",2,6,1
"R_3OZyTC9XvC0OPiw","tell mall security",2,6,2
"R_3OZyTC9XvC0OPiw","do nothing",2,6,3
"R_3OZyTC9XvC0OPiw","check to see if car is unlocked",2,6,4
"R_3OZyTC9XvC0OPiw","if car is unlocked, open door/try to open window",2,6,5
"R_3OZyTC9XvC0OPiw","leave the line and thrown the knife away",2,7,1
"R_3OZyTC9XvC0OPiw","find out if it can be moved to checked baggage",2,7,2
"R_3OZyTC9XvC0OPiw","do nothing",2,7,3
"R_3OZyTC9XvC0OPiw","tell security what happened",2,7,4
"R_3OZyTC9XvC0OPiw","ask security what his options are",2,7,5
"R_5MR5QvICk3iVxQb","Ask to borrow money from family member or friend",2,1,1
"R_5MR5QvICk3iVxQb","Ask if there is a payment plan that can be set up",2,1,2
"R_5MR5QvICk3iVxQb","Find another insurance that will cover it",2,1,3
"R_5MR5QvICk3iVxQb","See if there are alternative medications",2,1,4
"R_5MR5QvICk3iVxQb","Accept that they cant afford it and find natural remedies",2,1,5
"R_5MR5QvICk3iVxQb","Ask why she needs to go there",2,5,1
"R_5MR5QvICk3iVxQb","Ask her why she is struggling to get there by herself",2,5,2
"R_5MR5QvICk3iVxQb","Explain that he does not feel comfortable in doing so",2,5,3
"R_5MR5QvICk3iVxQb","He is only getting enough gas to get home",2,5,4
"R_5MR5QvICk3iVxQb","Find another way for her to get there",2,5,5
"R_5MR5QvICk3iVxQb","Throw the knife away in a trashcan",2,7,1
"R_5MR5QvICk3iVxQb","Admit to security that he accidentally brought it",2,7,2
"R_5MR5QvICk3iVxQb","If he has time, go back home to drop it off",2,7,3
"R_5MR5QvICk3iVxQb","Ask for assistance on how to best approach the situation",2,7,4
"R_5MR5QvICk3iVxQb","Hide it",2,7,5
"R_72WAzU0jf8bT65J","Seek the advice of medical professionals",1,1,1
"R_72WAzU0jf8bT65J","Go to friends and family",1,1,2
"R_72WAzU0jf8bT65J","Start a Go-Fund-Me",1,1,3
"R_72WAzU0jf8bT65J","Travel to a different country with more affordable healthcare",1,1,4
"R_72WAzU0jf8bT65J","He could ""find"" the medication",1,1,5
"R_72WAzU0jf8bT65J","Say yes",1,5,1
"R_72WAzU0jf8bT65J","Say no",1,5,2
"R_72WAzU0jf8bT65J","Pay for a cab",1,5,3
"R_72WAzU0jf8bT65J","Take her most of the way there",1,5,4
"R_72WAzU0jf8bT65J","Ignore her",1,5,5
"R_72WAzU0jf8bT65J","Lock up and leave",1,9,1
"R_72WAzU0jf8bT65J","Stay",1,9,2
"R_72WAzU0jf8bT65J","Call his boss",1,9,3
"R_72WAzU0jf8bT65J","Wait a little later than usual",1,9,4
"R_72WAzU0jf8bT65J","Call another employee",1,9,5
"R_34t6UZ15RZT05ZD","Abandon his car and call a taxi",1,2,1
"R_34t6UZ15RZT05ZD","Call a friend to pick up his car",1,2,2
"R_34t6UZ15RZT05ZD","Wait for road side assistance to tow him",1,2,3
"R_34t6UZ15RZT05ZD","Get out and try to catch a ride with a stranger",1,2,4
"R_34t6UZ15RZT05ZD","Walk to the airport",1,2,5
"R_34t6UZ15RZT05ZD","Pull over and wait for the driver to get far away",1,4,1
"R_34t6UZ15RZT05ZD","Honk the horn",1,4,2
"R_34t6UZ15RZT05ZD","Pull over and call for the police",1,4,3
"R_34t6UZ15RZT05ZD","Attempt to drive around him",1,4,4
"R_34t6UZ15RZT05ZD","Continue to drive behind the driver",1,4,5
"R_34t6UZ15RZT05ZD","Say no",1,5,1
"R_34t6UZ15RZT05ZD","Offer the ride",1,5,2
"R_34t6UZ15RZT05ZD","Offer to drive part of the way",1,5,3
"R_34t6UZ15RZT05ZD","Drive her there",1,5,4
"R_34t6UZ15RZT05ZD","Call her a taxi",1,5,5
"R_3SoVE4JwjV3oFQl","Switch insurances",1,1,1
"R_3SoVE4JwjV3oFQl","Sell old things",1,1,2
"R_3SoVE4JwjV3oFQl","Ask doctor options",1,1,3
"R_3SoVE4JwjV3oFQl","Look into state benefits for perscriptions",1,1,4
"R_3SoVE4JwjV3oFQl","Go full Walter White",1,1,5
"R_3SoVE4JwjV3oFQl","Wait for the owner to come back",1,6,1
"R_3SoVE4JwjV3oFQl","Call the police",1,6,2
"R_3SoVE4JwjV3oFQl","Break the windows and rescue the dog",1,6,3
"R_3SoVE4JwjV3oFQl","Go into the mall and page the owner",1,6,4
"R_3SoVE4JwjV3oFQl","Ignore the situation",1,6,5
"R_3SoVE4JwjV3oFQl","Discretely let someone know ",1,8,1
"R_3SoVE4JwjV3oFQl","Call the taxi company ",1,8,2
"R_3SoVE4JwjV3oFQl","Apologize",1,8,3
"R_3SoVE4JwjV3oFQl","Ask someone for a placeholder ring so the ceremony isn't disrupted",1,8,4
"R_3SoVE4JwjV3oFQl","Check the rest of his pockets just in case",1,8,5
"R_3S6UjJG08PiCEPp","See if there is a generic version available",2,1,1
"R_3S6UjJG08PiCEPp","start a GoFundMe",2,1,2
"R_3S6UjJG08PiCEPp","Reach out to the drug manufacturer to see if they have rebates or coupons",2,1,3
"R_3S6UjJG08PiCEPp","Call the doctors office to see if they have samples",2,1,4
"R_3S6UjJG08PiCEPp","Ask family to help with money",2,1,5
"R_3S6UjJG08PiCEPp","Go put the knife in his car",2,7,1
"R_3S6UjJG08PiCEPp","Throw the knife away",2,7,2
"R_3S6UjJG08PiCEPp","no other options",2,7,3
"R_3S6UjJG08PiCEPp","no other options",2,7,4
"R_3S6UjJG08PiCEPp","no other options",2,7,5
"R_3S6UjJG08PiCEPp","Call another employee to cover",2,9,1
"R_3S6UjJG08PiCEPp","Call the store manager",2,9,2
"R_3S6UjJG08PiCEPp","Close the store down and leave for his appt",2,9,3
"R_3S6UjJG08PiCEPp","Wait a few minutes longer to see if he shows up",2,9,4
"R_3S6UjJG08PiCEPp","idk",2,9,5
"R_56mvfURuPeCXB6r","Nothing.",2,3,1
"R_56mvfURuPeCXB6r","Go in without Ted and wait for him to return.",2,3,2
"R_56mvfURuPeCXB6r","Give Ted the car keys so he can retrieve his ticket.",2,3,3
"R_56mvfURuPeCXB6r","Ask the gatekeeper to let him in anyway.",2,3,4
"R_56mvfURuPeCXB6r","Ask if Ted would rather buy another ticket.",2,3,5
"R_56mvfURuPeCXB6r","Take her to the next city.",2,5,1
"R_56mvfURuPeCXB6r","Reject her request.",2,5,2
"R_56mvfURuPeCXB6r","Ask nearby people if anyone is going that far in that direction.",2,5,3
"R_56mvfURuPeCXB6r","Ignore her.",2,5,4
"R_56mvfURuPeCXB6r","Ask if taking her partway is acceptable.",2,5,5
"R_56mvfURuPeCXB6r","Call for help from mall security.",2,6,1
"R_56mvfURuPeCXB6r","Break a window to rescue the dog.",2,6,2
"R_56mvfURuPeCXB6r","Ignore the problem.",2,6,3
"R_56mvfURuPeCXB6r","See if she can break into the car without damaging it.",2,6,4
"R_56mvfURuPeCXB6r","Call the emergency animal rescue nearby.",2,6,5
"R_7TYuRV0fo2RuQFb","Check on the status of the flight time",1,2,1
"R_7TYuRV0fo2RuQFb","Call the airline to see if he can make it",1,2,2
"R_7TYuRV0fo2RuQFb","Call the airline to see if there is another flight",1,2,3
"R_7TYuRV0fo2RuQFb","Cry",1,2,4
"R_7TYuRV0fo2RuQFb","Go home",1,2,5
"R_7TYuRV0fo2RuQFb","say no",1,5,1
"R_7TYuRV0fo2RuQFb","give her a paid Uber",1,5,2
"R_7TYuRV0fo2RuQFb","give her a ride",1,5,3
"R_7TYuRV0fo2RuQFb","Give her a paid lyft",1,5,4
"R_7TYuRV0fo2RuQFb","ask to help call her friends",1,5,5
"R_7TYuRV0fo2RuQFb","Call an animal officer",1,6,1
"R_7TYuRV0fo2RuQFb","Take the pet with her to the store",1,6,2
"R_7TYuRV0fo2RuQFb","Park in the shade and leave ice cold water for no longer than 5 minutes",1,6,3
"R_7TYuRV0fo2RuQFb","Don't take your dog shopping and leaving them in the car",1,6,4
"R_7TYuRV0fo2RuQFb","Stop being irresponsible ",1,6,5
"R_6MSVzFHUWrpm50I","he could borrow money from his friends or family",1,1,1
"R_6MSVzFHUWrpm50I","he could find a way to change insurance",1,1,2
"R_6MSVzFHUWrpm50I","he could ask for a second opinion from another doctor",1,1,3
"R_6MSVzFHUWrpm50I","he could take a credit under his name to purchase",1,1,4
"R_6MSVzFHUWrpm50I","he could obtain money illegally to buy the medication",1,1,5
"R_6MSVzFHUWrpm50I","he could agree to give her a ride",1,5,1
"R_6MSVzFHUWrpm50I","he could give her some money to Uber",1,5,2
"R_6MSVzFHUWrpm50I","he could politely tell her that he is in a rush and can't give her a ride",1,5,3
"R_6MSVzFHUWrpm50I","he could tell her how she can get there using public transportation",1,5,4
"R_6MSVzFHUWrpm50I","he could say no without explanation",1,5,5
"R_6MSVzFHUWrpm50I","he could lock the store if he has the keys and leave",1,9,1
"R_6MSVzFHUWrpm50I","he could stay until the boss comes",1,9,2
"R_6MSVzFHUWrpm50I","he could call his attorney and explain the situation/ask to reschedule",1,9,3
"R_6MSVzFHUWrpm50I","he could call his friend or coworker and ask them to cover for the boss",1,9,4
"R_6MSVzFHUWrpm50I","he could try to call the boss' family and inquire about where he is",1,9,5
"R_7JfFwcDJP35Hzln","Call anyone around the area who can help",1,2,1
"R_7JfFwcDJP35Hzln","pick an uber",1,2,2
"R_7JfFwcDJP35Hzln","call the insurance company",1,2,3
"R_7JfFwcDJP35Hzln","Postpone the trip",1,2,4
"R_7JfFwcDJP35Hzln","try fixing the car himself ",1,2,5
"R_7JfFwcDJP35Hzln","blow the horn",1,4,1
"R_7JfFwcDJP35Hzln","wait for the other car to pass",1,4,2
"R_7JfFwcDJP35Hzln","should not drive on the blindspot of the car",1,4,3
"R_7JfFwcDJP35Hzln","warn or signal other cars",1,4,4
"R_7JfFwcDJP35Hzln","pull over if possible ",1,4,5
"R_7JfFwcDJP35Hzln","get a new ring at a near store",1,8,1
"R_7JfFwcDJP35Hzln","take someone's ring and use it in the interim",1,8,2
"R_7JfFwcDJP35Hzln","prolong the wedding to the ring the ring exchange part",1,8,3
"R_7JfFwcDJP35Hzln","try calling the taxi driver if possible",1,8,4
"R_7JfFwcDJP35Hzln","tell the truth",1,8,5
"R_6YbOL8ZdNaZuHmq","call a friend",2,2,1
"R_6YbOL8ZdNaZuHmq","call a cab",2,2,2
"R_6YbOL8ZdNaZuHmq","hitchhike",2,2,3
"R_6YbOL8ZdNaZuHmq","call AAA/insurance for emergency car service",2,2,4
"R_6YbOL8ZdNaZuHmq","rearrange his flight",2,2,5
"R_6YbOL8ZdNaZuHmq","call the taxi company",2,8,1
"R_6YbOL8ZdNaZuHmq","tell his sister immediately",2,8,2
"R_6YbOL8ZdNaZuHmq","provide a temporary alternative",2,8,3
"R_6YbOL8ZdNaZuHmq","ask someone else to track it down",2,8,4
"R_6YbOL8ZdNaZuHmq","stop the wedding",2,8,5
"R_6YbOL8ZdNaZuHmq","leave the store unattended",2,9,1
"R_6YbOL8ZdNaZuHmq","call the police for a welfare check on his boss",2,9,2
"R_6YbOL8ZdNaZuHmq","stay and work until relieved",2,9,3
"R_6YbOL8ZdNaZuHmq","call another employee",2,9,4
"R_6YbOL8ZdNaZuHmq","close the store",2,9,5
"R_5hylUXm07Br8SGU","Take out loans",2,1,1
"R_5hylUXm07Br8SGU","Set up a donation page",2,1,2
"R_5hylUXm07Br8SGU","Try to an insurance that can cover the med",2,1,3
"R_5hylUXm07Br8SGU","Borrow money",2,1,4
"R_5hylUXm07Br8SGU","Heinz can look for a job that pays more",2,1,5
"R_5hylUXm07Br8SGU","Get a taxi and tow the car",2,2,1
"R_5hylUXm07Br8SGU","Cancel the flight and get another ticket for the same day",2,2,2
"R_5hylUXm07Br8SGU","Fix the car himself if possible",2,2,3
"R_5hylUXm07Br8SGU","Call the car company to fix it",2,2,4
"R_5hylUXm07Br8SGU","Cancel the flight and get another ticket for the next day",2,2,5
"R_5hylUXm07Br8SGU","Call other coworkers",2,9,1
"R_5hylUXm07Br8SGU","Write a note, close the store, and just leave",2,9,2
"R_5hylUXm07Br8SGU","Call the boss until the boss answers it",2,9,3
"R_5hylUXm07Br8SGU","Call boss's family members",2,9,4
"R_5hylUXm07Br8SGU","Reschedule the court appointment",2,9,5
"R_1ow0wDgAr4zG6va","Slow down and let the driver get further ahead",1,4,1
"R_1ow0wDgAr4zG6va","Stop for a few minutes to allow the driver to get ahead",1,4,2
"R_1ow0wDgAr4zG6va","Call the police and alert them to the intoxicated driver",1,4,3
"R_1ow0wDgAr4zG6va","Speed up and attempt to pass the driver",1,4,4
"R_1ow0wDgAr4zG6va","Continue driving and monitor the driver ahead",1,4,5
"R_1ow0wDgAr4zG6va","Do nothing and see if it is caught",1,7,1
"R_1ow0wDgAr4zG6va","Alert the security officer when he gets to front of line",1,7,2
"R_1ow0wDgAr4zG6va","Throw the knife away",1,7,3
"R_1ow0wDgAr4zG6va","Give the knife to a friend",1,7,4
"R_1ow0wDgAr4zG6va","Try to hide the knife better so it is not seen",1,7,5
"R_1ow0wDgAr4zG6va","Attempt to call the tax driver to have the ring returned",1,8,1
"R_1ow0wDgAr4zG6va","Alert the groom and sister of the situation",1,8,2
"R_1ow0wDgAr4zG6va","Stop the ceremony and apologize",1,8,3
"R_1ow0wDgAr4zG6va","Do nothing ",1,8,4
"R_1ow0wDgAr4zG6va","Alert someone in the audience and ask them to track down ring",1,8,5
"R_5JFQkbBsye5Z7Q9","Heinz could reach out to family members for their help.",2,1,1
"R_5JFQkbBsye5Z7Q9","He could borrow from the bank.",2,1,2
"R_5JFQkbBsye5Z7Q9","He could create a go-fund-me account and create awareness about his challenge on social media.",2,1,3
"R_5JFQkbBsye5Z7Q9","He could decide to risk her life and do nothing.",2,1,4
"R_5JFQkbBsye5Z7Q9","He could also buy over-the counter drugs and do a self-medication for her.",2,1,5
"R_5JFQkbBsye5Z7Q9","He could politely tell her he is sorry, but he would not be able to drive beyond his destination.",2,5,1
"R_5JFQkbBsye5Z7Q9","He could simply ignore her and focus on refilling his tank.",2,5,2
"R_5JFQkbBsye5Z7Q9","He could book an Uber or other similar ride-hailing service for her.",2,5,3
"R_5JFQkbBsye5Z7Q9","He could as well tell her it is fine and agree to offer her a ride to her destination.",2,5,4
"R_5JFQkbBsye5Z7Q9","He could advise her on any other possible options that could help her get home.",2,5,5
"R_5JFQkbBsye5Z7Q9","He could walk up to the security officials and hand over the large knife to them after explaining how he came about having it in his bag.",2,7,1
"R_5JFQkbBsye5Z7Q9","He could drop the knife in a place at the airport where no one would be able to suspect him as the owner.",2,7,2
"R_5JFQkbBsye5Z7Q9","He could also decide to get out of the venue and dispose the knife.",2,7,3
"R_5JFQkbBsye5Z7Q9","He could also look for someone that could help him get rid of the knife while he remains on the queue. ",2,7,4
"R_5JFQkbBsye5Z7Q9","Carl could also decide against attending the food festival.",2,7,5
"R_6Cgew2l9Qmnsmkz","steal the money",1,1,1
"R_6Cgew2l9Qmnsmkz","pick up a gig job ",1,1,2
"R_6Cgew2l9Qmnsmkz","ask friends to borrow money",1,1,3
"R_6Cgew2l9Qmnsmkz","ask family to borrow money",1,1,4
"R_6Cgew2l9Qmnsmkz","file an appeal with the insurance company",1,1,5
"R_6Cgew2l9Qmnsmkz","call 911",1,4,1
"R_6Cgew2l9Qmnsmkz","follow the person",1,4,2
"R_6Cgew2l9Qmnsmkz","try to get their attention to pull them over and check on them",1,4,3
"R_6Cgew2l9Qmnsmkz","honk at them",1,4,4
"R_6Cgew2l9Qmnsmkz","pull over and wait until they are out of sight then continue on their way",1,4,5
"R_6Cgew2l9Qmnsmkz","ask a guest to borrow one of their rings",1,8,1
"R_6Cgew2l9Qmnsmkz","whisper to the bride and groom an apology",1,8,2
"R_6Cgew2l9Qmnsmkz","cry",1,8,3
"R_6Cgew2l9Qmnsmkz","stop the ceremony to call the taxi company",1,8,4
"R_6Cgew2l9Qmnsmkz","use a flower stem for a temporary ring",1,8,5
"R_1oLsH88LkvnErhT","Ask from assistance from family",1,1,1
"R_1oLsH88LkvnErhT","Ask for assistance from friends",1,1,2
"R_1oLsH88LkvnErhT","Ask if the doctor has any samples",1,1,3
"R_1oLsH88LkvnErhT","Ask if the doctor has any coupons towards discounts",1,1,4
"R_1oLsH88LkvnErhT","Try to negotiate with the insurance company",1,1,5
"R_1oLsH88LkvnErhT","Tell her he can't; it's not safe to let a stranger in the car",1,5,1
"R_1oLsH88LkvnErhT","Offer to take her as far as he's going",1,5,2
"R_1oLsH88LkvnErhT","Take her the entire way",1,5,3
"R_1oLsH88LkvnErhT","Offer to call her an uber",1,5,4
"R_1oLsH88LkvnErhT","Offer to give her bus fare",1,5,5
"R_1oLsH88LkvnErhT","Lock up the store and leave",1,9,1
"R_1oLsH88LkvnErhT","Try to get someone else to come in",1,9,2
"R_1oLsH88LkvnErhT","Try to reschedule his court date",1,9,3
"R_1oLsH88LkvnErhT","Call the corporate office and explain the problem; lock up and leave",1,9,4
"R_1oLsH88LkvnErhT","Wait as long as possible, then lock up and leave",1,9,5
"R_10wtlGJBiUnExNp","Turn around for friends ticket",2,3,1
"R_10wtlGJBiUnExNp","See if someone could bring the ticket",2,3,2
"R_10wtlGJBiUnExNp","Have her friend wait outside",2,3,3
"R_10wtlGJBiUnExNp","See if they can look his ticket up at the concert",2,3,4
"R_10wtlGJBiUnExNp","Buy an additional ticket at the gate",2,3,5
"R_10wtlGJBiUnExNp","Call the cops",2,4,1
"R_10wtlGJBiUnExNp","Keep his distance",2,4,2
"R_10wtlGJBiUnExNp","Choose to take a different route home",2,4,3
"R_10wtlGJBiUnExNp","Follow the drunk driver while talking to the cops",2,4,4
"R_10wtlGJBiUnExNp","Pull over somewhere until the drunk driver is away from you",2,4,5
"R_10wtlGJBiUnExNp","Call the cops",2,6,1
"R_10wtlGJBiUnExNp","Go inside to try and find the owner",2,6,2
"R_10wtlGJBiUnExNp","Break the car window",2,6,3
"R_10wtlGJBiUnExNp","Call animal control",2,6,4
"R_10wtlGJBiUnExNp","Wait for the owner to come out and lecture them about the dangers of leaving the dog inside the car.",2,6,5
"R_64Mlypf2TgMbmz6","disapointed",2,2,1
"R_64Mlypf2TgMbmz6","worried",2,2,2
"R_64Mlypf2TgMbmz6","sad",2,2,3
"R_64Mlypf2TgMbmz6","fixed the car on time ",2,2,4
"R_64Mlypf2TgMbmz6","call mechanics",2,2,5
"R_64Mlypf2TgMbmz6","be patience",2,4,1
"R_64Mlypf2TgMbmz6","drive carefully",2,4,2
"R_64Mlypf2TgMbmz6","be in his lane",2,4,3
"R_64Mlypf2TgMbmz6","report to police",2,4,4
"R_64Mlypf2TgMbmz6","break",2,4,5
"R_64Mlypf2TgMbmz6","fell worried",2,9,1
"R_64Mlypf2TgMbmz6","call",2,9,2
"R_64Mlypf2TgMbmz6","report to work",2,9,3
"R_64Mlypf2TgMbmz6","do his duties",2,9,4
"R_64Mlypf2TgMbmz6","disappointed",2,9,5
"R_5GkopTuQFGmLEt3","Give Ted her ticket because he is much more of a fan.",1,3,1
"R_5GkopTuQFGmLEt3","Go into the concert by herself with her ticket.",1,3,2
"R_5GkopTuQFGmLEt3","Ted would rush home to get the ticket, even though he may miss most of the concert",1,3,3
"R_5GkopTuQFGmLEt3","Darya would not go to the concert, and her and Ted would go to dinner instead.",1,3,4
"R_5GkopTuQFGmLEt3","Ted would try to buy a ticket from a scalper outside the stadium.",1,3,5
"R_5GkopTuQFGmLEt3","Carmeron would decline, saying it is out of the way.",1,5,1
"R_5GkopTuQFGmLEt3","Carmeron would give her money to take a taxi.",1,5,2
"R_5GkopTuQFGmLEt3","Would get your a Uber and pay for it. ",1,5,3
"R_5GkopTuQFGmLEt3","Carmeron would give her a ride part of the way.",1,5,4
"R_5GkopTuQFGmLEt3","Carmeron would give her a ride home.",1,5,5
"R_5GkopTuQFGmLEt3","He could ask to go put it in his check bag.",1,7,1
"R_5GkopTuQFGmLEt3","Carl could choose to surrender the expensive knife.",1,7,2
"R_5GkopTuQFGmLEt3","Carl could choose to surrender the knife and buy a new one in Chicago.",1,7,3
"R_5GkopTuQFGmLEt3","Carl could give it to a friend that drove him to the airport.",1,7,4
"R_5GkopTuQFGmLEt3","Carl could choose to miss the flight, take the knife home. And take the next flight out to Chicago.",1,7,5
"R_7k7O4QRMI4S4I0x","call his wife for a ride",1,2,1
"R_7k7O4QRMI4S4I0x","call Uber or a taxi for a ride",1,2,2
"R_7k7O4QRMI4S4I0x","call a wrecker to move his car",1,2,3
"R_7k7O4QRMI4S4I0x","phone a friend",1,2,4
"R_7k7O4QRMI4S4I0x","take a bus",1,2,5
"R_7k7O4QRMI4S4I0x","nothing",1,3,1
"R_7k7O4QRMI4S4I0x","sell Ted her ticket",1,3,2
"R_7k7O4QRMI4S4I0x","see if there are other tickets for sale",1,3,3
"R_7k7O4QRMI4S4I0x","offer to take Ted home to get his ticket",1,3,4
"R_7k7O4QRMI4S4I0x","sell her ticket and go to a movie with Ted",1,3,5
"R_7k7O4QRMI4S4I0x","call mall security",1,6,1
"R_7k7O4QRMI4S4I0x","call police",1,6,2
"R_7k7O4QRMI4S4I0x","look for owner of car/dog",1,6,3
"R_7k7O4QRMI4S4I0x","break window of car and rescue dog",1,6,4
"R_7k7O4QRMI4S4I0x","nothing",1,6,5
"R_1Ow7wZwM1JpWcyW","Call a friend to come get him and take him to the airport",1,2,1
"R_1Ow7wZwM1JpWcyW","Call a tow truck to take his car back to his house ",1,2,2
"R_1Ow7wZwM1JpWcyW","Take an Uber to the airport after calling a tow truck",1,2,3
"R_1Ow7wZwM1JpWcyW","Take the bus to the airport after having car towed",1,2,4
"R_1Ow7wZwM1JpWcyW","Try to get on a later flight and get the car towed.",1,2,5
"R_1Ow7wZwM1JpWcyW","Darya could offer to give Ted her ticket",1,3,1
"R_1Ow7wZwM1JpWcyW","She cold sell her ticket at the door and skip the concert",1,3,2
"R_1Ow7wZwM1JpWcyW","She could not sell her ticket, but decide the money is not as important as Ted",1,3,3
"R_1Ow7wZwM1JpWcyW","She could take Ted back and get his ticket and catch however much of the concert is left when they get back.",1,3,4
"R_1Ow7wZwM1JpWcyW","She could give her ticket away to someone outside the concert",1,3,5
"R_1Ow7wZwM1JpWcyW","Give the groom a ring off his own finger as a temporary substitute ring to use",1,8,1
"R_1Ow7wZwM1JpWcyW","Whisper to the minister what happened so he can alter the ceremony.",1,8,2
"R_1Ow7wZwM1JpWcyW","Whisper to the guy next to him to let him borrow a ring",1,8,3
"R_1Ow7wZwM1JpWcyW","Make a wedding day memory for everyone, with a classy apology.",1,8,4
"R_1Ow7wZwM1JpWcyW","Pretend to hand the rings, and signal to the bride and groom to fake the ring portion of the ceremony.",1,8,5
"R_1WHyzUjIfj8D3MZ","Ask the doctor for assistance",1,1,1
"R_1WHyzUjIfj8D3MZ","seek financial aid program",1,1,2
"R_1WHyzUjIfj8D3MZ","Apply for a payment plan",1,1,3
"R_1WHyzUjIfj8D3MZ","Crowdfunding",1,1,4
"R_1WHyzUjIfj8D3MZ","Borrow money from family or friends",1,1,5
"R_1WHyzUjIfj8D3MZ","check for digital ticket option",1,3,1
"R_1WHyzUjIfj8D3MZ","speake to the event staff about the issue",1,3,2
"R_1WHyzUjIfj8D3MZ","call someone for help",1,3,3
"R_1WHyzUjIfj8D3MZ","search for a resale option",1,3,4
"R_1WHyzUjIfj8D3MZ","stay with Ted or cordinate a meeting point",1,3,5
"R_1WHyzUjIfj8D3MZ","Assess the situation",1,6,1
"R_1WHyzUjIfj8D3MZ","Look for the car owner",1,6,2
"R_1WHyzUjIfj8D3MZ","Call animal control or the police",1,6,3
"R_1WHyzUjIfj8D3MZ","Document the incident",1,6,4
"R_1WHyzUjIfj8D3MZ","Take emergency action only if necessary",1,6,5
"R_5lPMZUXs2CMWpvf","Ask family and friends for the money",1,1,1
"R_5lPMZUXs2CMWpvf","Pick up extra work to make money to defray the cost",1,1,2
"R_5lPMZUXs2CMWpvf","Get a Loan",1,1,3
"R_5lPMZUXs2CMWpvf","Sign up for a medical prescription program ",1,1,4
"R_5lPMZUXs2CMWpvf","Sign up for Mediacaid program",1,1,5
"R_5lPMZUXs2CMWpvf","Call a family or friend to take him to the airport.",1,2,1
"R_5lPMZUXs2CMWpvf","Call a uber/ taxi to take him to the airport",1,2,2
"R_5lPMZUXs2CMWpvf","Call a tow truck once in the terminal",1,2,3
"R_5lPMZUXs2CMWpvf","Call roadside assistance.",1,2,4
"R_5lPMZUXs2CMWpvf","Walk probably",1,2,5
"R_5lPMZUXs2CMWpvf","call animal control",1,6,1
"R_5lPMZUXs2CMWpvf","call 911",1,6,2
"R_5lPMZUXs2CMWpvf","Let someone know in the front desk Mall",1,6,3
"R_5lPMZUXs2CMWpvf","Wait for someone to come",1,6,4
"R_5lPMZUXs2CMWpvf","Leave the Dog",1,6,5
"R_5aulyey3yG8PXoJ","Darya could buy Ted another ticket.",1,3,1
"R_5aulyey3yG8PXoJ","Darya could go to Teds house with him.",1,3,2
"R_5aulyey3yG8PXoJ","Darya could laugh at Ted.",1,3,3
"R_5aulyey3yG8PXoJ","Darya could ask around for an extra ticket.",1,3,4
"R_5aulyey3yG8PXoJ","Darya could give Ted her ticket and go home.",1,3,5
"R_5aulyey3yG8PXoJ","Erica could leave the dog to suffer.",1,6,1
"R_5aulyey3yG8PXoJ","Erica could leave a note.",1,6,2
"R_5aulyey3yG8PXoJ","Erica could notify somebody in the store.",1,6,3
"R_5aulyey3yG8PXoJ","Erica could break the window and free the dog.",1,6,4
"R_5aulyey3yG8PXoJ","Erica could call the police.",1,6,5
"R_5aulyey3yG8PXoJ","Jeff could close the store, and give his boss the reasons why he did.",1,9,1
"R_5aulyey3yG8PXoJ","Jeff could call the court to let them know of his situation.",1,9,2
"R_5aulyey3yG8PXoJ","Jeff could not call the court but be absent.",1,9,3
"R_5aulyey3yG8PXoJ","Jeff could call his lawyer.",1,9,4
"R_5aulyey3yG8PXoJ","Jeff could leave the store unattended.",1,9,5
"R_7fkOe4dbCqL1JhN","Call a taxi to get the rest of the way and leave the car there",2,2,1
"R_7fkOe4dbCqL1JhN","Call a car repair service and wait for the car to be fixed",2,2,2
"R_7fkOe4dbCqL1JhN","call a friend to drive him the rest of the way and then go back for his car to wait for a service to come",2,2,3
"R_7fkOe4dbCqL1JhN","reschedule the flight and deal with the car",2,2,4
"R_7fkOe4dbCqL1JhN","try to fix the car himself",2,2,5
"R_7fkOe4dbCqL1JhN","Continue on without stopping to check on the dog",2,6,1
"R_7fkOe4dbCqL1JhN","Call 911 to help the dog",2,6,2
"R_7fkOe4dbCqL1JhN","Try to find the owner of the car through the mall intercom system",2,6,3
"R_7fkOe4dbCqL1JhN","Try to open up the car window herself to give the dog some air",2,6,4
"R_7fkOe4dbCqL1JhN","Ask a stranger for help on what to do",2,6,5
"R_7fkOe4dbCqL1JhN","Call another co worker to take over his shift",2,9,1
"R_7fkOe4dbCqL1JhN","Close up the store and let his boss know that he needed to leave for his court appointment",2,9,2
"R_7fkOe4dbCqL1JhN","Miss the court appointment and stay to work",2,9,3
"R_7fkOe4dbCqL1JhN","Leave and assume that the boss will be there soon",2,9,4
"R_7fkOe4dbCqL1JhN","Try to reschedule the court appointment ",2,9,5
"R_6fOekFtDGz6G3Da","call AAA",1,2,1
"R_6fOekFtDGz6G3Da","call anyone whos awake and has a car",1,2,2
"R_6fOekFtDGz6G3Da","Order a lyft/uber",1,2,3
"R_6fOekFtDGz6G3Da","call non emergency number",1,2,4
"R_6fOekFtDGz6G3Da","dont get out of the car",1,2,5
"R_6fOekFtDGz6G3Da","stay behind and away from that car",1,4,1
"R_6fOekFtDGz6G3Da","call non emergency number",1,4,2
"R_6fOekFtDGz6G3Da","try to not panic",1,4,3
"R_6fOekFtDGz6G3Da","put on hazards to alert other drivers so no accident",1,4,4
"R_6fOekFtDGz6G3Da","call 911 if accident happens",1,4,5
"R_6fOekFtDGz6G3Da","call taxi company",1,8,1
"R_6fOekFtDGz6G3Da","call the non emergency number",1,8,2
"R_6fOekFtDGz6G3Da","call your future brother in law",1,8,3
"R_6fOekFtDGz6G3Da","ask a friend for bail money",1,8,4
"R_6fOekFtDGz6G3Da","move to canada",1,8,5
"R_106wNj20KZ6xB0O","Take down the plate number and call police ",2,4,1
"R_106wNj20KZ6xB0O","Ignore the situation and continue driving to the destination ",2,4,2
"R_106wNj20KZ6xB0O","Attempt to get the drivers attention and get them to stop ",2,4,3
"R_106wNj20KZ6xB0O","Pass the driver and do not inform anyone ",2,4,4
"R_106wNj20KZ6xB0O","Honk the horn at the driver and hope they become more aware ",2,4,5
"R_106wNj20KZ6xB0O","Call a friend or famiily member to take the knife. ",2,7,1
"R_106wNj20KZ6xB0O","Inform airport security about the knife",2,7,2
"R_106wNj20KZ6xB0O","Attempt to hide the knife in a secure area and hope it isnt found and taken",2,7,3
"R_106wNj20KZ6xB0O","Abandon the knife entirely ",2,7,4
"R_106wNj20KZ6xB0O","Go through security and hope they dont mention the knife ",2,7,5
"R_106wNj20KZ6xB0O","Continue calling his boss and hope he picks up ",2,9,1
"R_106wNj20KZ6xB0O","Call the court and make them aware of the situation",2,9,2
"R_106wNj20KZ6xB0O","Call another co worker to take over until the boss shows up ",2,9,3
"R_106wNj20KZ6xB0O","Leave and close the store ",2,9,4
"R_106wNj20KZ6xB0O","Do nothing and wait for his boss to show up or call him back ",2,9,5
"R_3dQLVP8lko9epzc","Erica should immediately go back to the mall and ask the staff at the customer service to make an announcement for the car's owner to return to their vehicle.",2,6,1
"R_3dQLVP8lko9epzc","Erica should contact local animal control or the police to report the situation, as leaving a dog in a hot car can be dangerous.",2,6,2
"R_3dQLVP8lko9epzc","Erica should see if anyone nearby has tools or knowledge about how to handle such situations, or if they could help find the owner.",2,6,3
"R_3dQLVP8lko9epzc","Carefully check if any of the car doors are unlocked, as some people might accidentally leave their cars open",2,6,4
"R_3dQLVP8lko9epzc","If the dog's life is clearly in immediate danger and authorities haven't arrived, Erica could break the window carefully to rescue the dog. However, this should only be a last resort, as it may have legal consequences.",2,6,5
"R_3dQLVP8lko9epzc","Carl could let the security officers know about the knife before going through the scanner to avoid misunderstandings.",2,7,1
"R_3dQLVP8lko9epzc","Carl can inquire if the airport has a storage facility where he can temporarily leave the knife and retrieve it later.",2,7,2
"R_3dQLVP8lko9epzc","Carl can contact a friend nearby or available, and ask them to pick up the knife from the airport and hold it until he returns.",2,7,3
"R_3dQLVP8lko9epzc","Arrange for a local delivery service to pick up and deliver the knife to his home or a secure place.",2,7,4
"R_3dQLVP8lko9epzc","Carl can request a police escort that may provide guidance on transporting restricted items, though this would likely involve extra steps or fees.",2,7,5
"R_3dQLVP8lko9epzc","Daniel can quickly inform someone in charge, like the bride or the wedding planner, about the situation to prevent misunderstandings.",2,8,1
"R_3dQLVP8lko9epzc","Ask a family member or friend if they have a temporary ring that could be used for the ceremony.",2,8,2
"R_3dQLVP8lko9epzc","Daniel can apologize to his sister and reassure her that he's actively working to resolve the issue as quickly as possible.",2,8,3
"R_3dQLVP8lko9epzc","Daniel can ask the guest to quickly search the area outside the venue in case the ring was dropped nearby.",2,8,4
"R_3dQLVP8lko9epzc","Daniel can calmly explain the situation to the officiant and ask for a brief pause in the ceremony.",2,8,5
"R_1s7dewV7OhGhLiU","BUST THE WINDOW!!!!",2,6,1
"R_1s7dewV7OhGhLiU","Call the cops",2,6,2
"R_1s7dewV7OhGhLiU","Get the pup some water",2,6,3
"R_1s7dewV7OhGhLiU","Wait on the cops and pay for the window",2,6,4
"R_1s7dewV7OhGhLiU","Keep the pupper",2,6,5
"R_1s7dewV7OhGhLiU","Take the knife back to the car.",2,7,1
"R_1s7dewV7OhGhLiU","Tell security.",2,7,2
"R_1s7dewV7OhGhLiU","Throw it away.",2,7,3
"R_1s7dewV7OhGhLiU","Get a new one shipped to his destination.",2,7,4
"R_1s7dewV7OhGhLiU","Bundle it in clothes?",2,7,5
"R_1s7dewV7OhGhLiU","Tell his sister.",2,8,1
"R_1s7dewV7OhGhLiU","Call the taxi company.",2,8,2
"R_1s7dewV7OhGhLiU","Tell the preacher. ",2,8,3
"R_1s7dewV7OhGhLiU","Bust into tears",2,8,4
"R_1s7dewV7OhGhLiU","Run to his mother.",2,8,5
"R_5hLArf5UT11I013","make a go fund me",1,1,1
"R_5hLArf5UT11I013","get extra job, work more",1,1,2
"R_5hLArf5UT11I013","do nothing",1,1,3
"R_5hLArf5UT11I013","?",1,1,4
"R_5hLArf5UT11I013","?",1,1,5
"R_5hLArf5UT11I013","politely tell the woman no",1,5,1
"R_5hLArf5UT11I013","say yes and take her",1,5,2
"R_5hLArf5UT11I013","offer to order her an uber",1,5,3
"R_5hLArf5UT11I013","ignore her",1,5,4
"R_5hLArf5UT11I013","take her but not all the way",1,5,5
"R_5hLArf5UT11I013","when its his turn tell the agent its for work and not going in checked luggage",1,7,1
"R_5hLArf5UT11I013","?",1,7,2
"R_5hLArf5UT11I013","?",1,7,3
"R_5hLArf5UT11I013","?",1,7,4
"R_5hLArf5UT11I013","?",1,7,5
"R_5DvkV3f3cVc3i13","find herbs to take instead",1,1,1
"R_5DvkV3f3cVc3i13","find prescription discounts",1,1,2
"R_5DvkV3f3cVc3i13","call dr back and find a different medication that it covered by insurance",1,1,3
"R_5DvkV3f3cVc3i13","take over the counter meds instead",1,1,4
"R_5DvkV3f3cVc3i13","do nothing",1,1,5
"R_5DvkV3f3cVc3i13","bring it back to the vehicle",1,7,1
"R_5DvkV3f3cVc3i13","toss it in garbage",1,7,2
"R_5DvkV3f3cVc3i13","bring it back to luggage",1,7,3
"R_5DvkV3f3cVc3i13","mail it from airport back to his home",1,7,4
"R_5DvkV3f3cVc3i13","leave it behind in airport",1,7,5
"R_5DvkV3f3cVc3i13","go back to the taxi",1,8,1
"R_5DvkV3f3cVc3i13","call taxi company and get the ring brought back",1,8,2
"R_5DvkV3f3cVc3i13","tell them you forgot the ring",1,8,3
"R_5DvkV3f3cVc3i13","use a different ring- temporarily",1,8,4
"R_5DvkV3f3cVc3i13","dont show up",1,8,5
"R_6axcFmKIHrxFVfT","just let ted go by himself to get the ticket",2,3,1
"R_6axcFmKIHrxFVfT","give ted theirs so that they can enjoy the concert",2,3,2
"R_6axcFmKIHrxFVfT","go with ted to get their ticket",2,3,3
"R_6axcFmKIHrxFVfT","try to sneak ted in",2,3,4
"R_6axcFmKIHrxFVfT","find something else to do as a group ",2,3,5
"R_6axcFmKIHrxFVfT","try to pass around them when its safe to do so",2,4,1
"R_6axcFmKIHrxFVfT","give the car infront more space incase anything goes wrong",2,4,2
"R_6axcFmKIHrxFVfT","drive a different route as soon as you can to avoid being near that driver",2,4,3
"R_6axcFmKIHrxFVfT","call the police and report the vehicle ",2,4,4
"R_6axcFmKIHrxFVfT","get near them and accidentally"" have them hit you so that you can get paid, theyre drunk so itll most likely be their fault if you play it right",2,4,5
"R_6axcFmKIHrxFVfT","tell her no",2,5,1
"R_6axcFmKIHrxFVfT","tell her yes and give her the ride for free",2,5,2
"R_6axcFmKIHrxFVfT","have her pay him gas money for the ride",2,5,3
"R_6axcFmKIHrxFVfT","pay an uber/lyft for her",2,5,4
"R_6axcFmKIHrxFVfT","take her as far as near his place but not the extra 10 miles",2,5,5
"R_1f7QxkxXe60wB94","Offer to drive her to the nearby city, going out of his way to help",1,5,1
"R_1f7QxkxXe60wB94","Call a taxi/ride-sharing service for her",1,5,2
"R_1f7QxkxXe60wB94","Direct her to public transportation options.",1,5,3
"R_1f7QxkxXe60wB94","Politely decline, citing his original plans.",1,5,4
"R_1f7QxkxXe60wB94","Suggest calling a local friend/family member for assistance",1,5,5
"R_1f7QxkxXe60wB94","Call local animal control",1,6,1
"R_1f7QxkxXe60wB94","Inform the mall security",1,6,2
"R_1f7QxkxXe60wB94","Try and provide water for the dog. Thats if its safe",1,6,3
"R_1f7QxkxXe60wB94","Document vehicle info",1,6,4
"R_1f7QxkxXe60wB94","Try and locate the car owner inside the mall",1,6,5
"R_1f7QxkxXe60wB94","Return to check-in counter: Inform airline staff, check knife in luggage.",1,7,1
"R_1f7QxkxXe60wB94","Check TSA knife policy: Confirm prohibited items, consider alternatives.",1,7,2
"R_1f7QxkxXe60wB94","Use airport mail center: Ship knife to destination or home",1,7,3
"R_1f7QxkxXe60wB94","Leave knife at airport: Surrender to security or airport lost and found.",1,7,4
"R_1f7QxkxXe60wB94","Go back to car/transport: Store knife safely, then return to security.",1,7,5
"R_6dRkFMKKqofDP4z","Borrow money from family",1,1,1
"R_6dRkFMKKqofDP4z","Borrow money from friends",1,1,2
"R_6dRkFMKKqofDP4z","Work an extra job",1,1,3
"R_6dRkFMKKqofDP4z","Sell thing in their house",1,1,4
"R_6dRkFMKKqofDP4z","Ask for government help",1,1,5
"R_6dRkFMKKqofDP4z","Call a family member",1,2,1
"R_6dRkFMKKqofDP4z","Call a friend",1,2,2
"R_6dRkFMKKqofDP4z","Call an uber",1,2,3
"R_6dRkFMKKqofDP4z","Call a taxi",1,2,4
"R_6dRkFMKKqofDP4z","Ask for stranger a ride",1,2,5
"R_6dRkFMKKqofDP4z","call an officer",1,6,1
"R_6dRkFMKKqofDP4z","look for someone in the parking lot",1,6,2
"R_6dRkFMKKqofDP4z","look for someone in the mall",1,6,3
"R_6dRkFMKKqofDP4z","try to open de door of the car",1,6,4
"R_6dRkFMKKqofDP4z","try to break the window of the car",1,6,5
"R_11Gwq1nh41XJk6C","Offer the ride",1,5,1
"R_11Gwq1nh41XJk6C","Politely decline",1,5,2
"R_11Gwq1nh41XJk6C","Suggest an alternative",1,5,3
"R_11Gwq1nh41XJk6C","Assess safety",1,5,4
"R_11Gwq1nh41XJk6C","Ask for more details",1,5,5
"R_11Gwq1nh41XJk6C","Stay with the Dog",1,6,1
"R_11Gwq1nh41XJk6C","Take Photos",1,6,2
"R_11Gwq1nh41XJk6C","Warn Other Passersby",1,6,3
"R_11Gwq1nh41XJk6C","Look for Signs of Heatstroke",1,6,4
"R_11Gwq1nh41XJk6C","Try to Create Ventilation",1,6,5
"R_11Gwq1nh41XJk6C","Ask the Officiant for a Brief Pause",1,8,1
"R_11Gwq1nh41XJk6C","Have a Family Member or Friend Run to Retrieve It",1,8,2
"R_11Gwq1nh41XJk6C","Use a Temporary Placeholder",1,8,3
"R_11Gwq1nh41XJk6C","Use the Mistake as a Teaching Moment",1,8,4
"R_11Gwq1nh41XJk6C","Send a Text or Quick Message",1,8,5
"R_7QSNb7GnKmUekTZ","Contact doctor for recomendation",1,1,1
"R_7QSNb7GnKmUekTZ","Speak with pharmacy re:discount",1,1,2
"R_7QSNb7GnKmUekTZ","Ask a friend for help",1,1,3
"R_7QSNb7GnKmUekTZ","Borrow money",1,1,4
"R_7QSNb7GnKmUekTZ","Sell something",1,1,5
"R_7QSNb7GnKmUekTZ","Tow truck",1,2,1
"R_7QSNb7GnKmUekTZ","Cab",1,2,2
"R_7QSNb7GnKmUekTZ","Call a friend",1,2,3
"R_7QSNb7GnKmUekTZ","Cancel his flight",1,2,4
"R_7QSNb7GnKmUekTZ","Hitchhike to the airport",1,2,5
"R_7QSNb7GnKmUekTZ","Ignore her",1,5,1
"R_7QSNb7GnKmUekTZ","Explain that wife would not approve",1,5,2
"R_7QSNb7GnKmUekTZ","Tell her you're going the other way",1,5,3
"R_7QSNb7GnKmUekTZ","Take her only as far as you're already going",1,5,4
"R_7QSNb7GnKmUekTZ","Drive her to the city",1,5,5
"R_1EVTptN2zfoV1jP","Maintain a safe distance",2,4,1
"R_1EVTptN2zfoV1jP","Call the authorities ",2,4,2
"R_1EVTptN2zfoV1jP","Avoid passing the vehicle",2,4,3
"R_1EVTptN2zfoV1jP","Follow cautiously",2,4,4
"R_1EVTptN2zfoV1jP","Find a safe exit",2,4,5
"R_1EVTptN2zfoV1jP","Call animal control or law enforcement.",2,6,1
"R_1EVTptN2zfoV1jP","Inform mall security or management.",2,6,2
"R_1EVTptN2zfoV1jP","Check for the car owner.",2,6,3
"R_1EVTptN2zfoV1jP","Provide shade and water(if possible)",2,6,4
"R_1EVTptN2zfoV1jP","Take photos/Video as evidence.",2,6,5
"R_1EVTptN2zfoV1jP","inform the wedding officiant or best man.",2,8,1
"R_1EVTptN2zfoV1jP","Send someone to retrieve the ring.",2,8,2
"R_1EVTptN2zfoV1jP","Borrow a temoorary ring.",2,8,3
"R_1EVTptN2zfoV1jP","Stall or delay the ceremony.",2,8,4
"R_1EVTptN2zfoV1jP","Inform his sister and the groom.",2,8,5
"R_5DoGtkVU2Jjwc54","Seek a loan to buy the medication",1,1,1
"R_5DoGtkVU2Jjwc54","Sell possessions to raise the money",1,1,2
"R_5DoGtkVU2Jjwc54","Seek help from social services",1,1,3
"R_5DoGtkVU2Jjwc54","Seek help from clergy",1,1,4
"R_5DoGtkVU2Jjwc54","Steal the money",1,1,5
"R_5DoGtkVU2Jjwc54","Contact the police",1,6,1
"R_5DoGtkVU2Jjwc54","Report it to the mall security",1,6,2
"R_5DoGtkVU2Jjwc54","Bring it to the attention of passersby and let someone else decide what to do",1,6,3
"R_5DoGtkVU2Jjwc54","See if the car is unlocked and try to lower a window to allow air into the car",1,6,4
"R_5DoGtkVU2Jjwc54","Break a window to let in air",1,6,5
"R_5DoGtkVU2Jjwc54","Store the knife in a bag to go into the underbelly of the plane",1,7,1
"R_5DoGtkVU2Jjwc54","Throw the knife away",1,7,2
"R_5DoGtkVU2Jjwc54","Show the knife to TSA and explain the situation",1,7,3
"R_5DoGtkVU2Jjwc54","Try to sell or give it to someone in the airport",1,7,4
"R_5DoGtkVU2Jjwc54","Try to smuggle it onboard",1,7,5
"R_3GpL7t91IX7KJyU","Try to set up a different flight",2,2,1
"R_3GpL7t91IX7KJyU","take care of his car",2,2,2
"R_3GpL7t91IX7KJyU","Call a friend to take him to the airport and deal with his car",2,2,3
"R_3GpL7t91IX7KJyU","Leave the car and call a taxi",2,2,4
"R_3GpL7t91IX7KJyU","Call a road service and hope for the best",2,2,5
"R_3GpL7t91IX7KJyU","He could deny the ride",2,5,1
"R_3GpL7t91IX7KJyU","He could ask for gas money",2,5,2
"R_3GpL7t91IX7KJyU","He could lie and say he is experiencing car problems",2,5,3
"R_3GpL7t91IX7KJyU","He could cheerfully oblige",2,5,4
"R_3GpL7t91IX7KJyU","He could tell her that he just wants to  get home, but he could take her that far",2,5,5
"R_3GpL7t91IX7KJyU","Make an immediate call to the taxi service",2,8,1
"R_3GpL7t91IX7KJyU","Tell sister he is doing everything possible to locate the ring",2,8,2
"R_3GpL7t91IX7KJyU","Buy a look alike ring as a temporary measure",2,8,3
"R_3GpL7t91IX7KJyU","panic",2,8,4
"R_3GpL7t91IX7KJyU","Ask his mother what he should do",2,8,5
"R_3PHqwmQkOjQPc2t","She could get mad at her friend for doing that.",1,3,1
"R_3PHqwmQkOjQPc2t","She could request a refund with Ted.",1,3,2
"R_3PHqwmQkOjQPc2t","She could help ted get the tickets back.",1,3,3
"R_3PHqwmQkOjQPc2t","She could ask Ted to get new tickets.",1,3,4
"R_3PHqwmQkOjQPc2t","She could offer Ted to do something else",1,3,5
"R_3PHqwmQkOjQPc2t","He could excuse himself for a few minutes to look for it.",1,8,1
"R_3PHqwmQkOjQPc2t","He maybe try to call the taxi driver to see if he could save it",1,8,2
"R_3PHqwmQkOjQPc2t","He could apologize and leave.",1,8,3
"R_3PHqwmQkOjQPc2t","He could quickly excuse himself to make some ring off of scratch somehow.",1,8,4
"R_3PHqwmQkOjQPc2t","He could quickly run to buy a new ring and then explain what happened to his siter and apologize.",1,8,5
"R_3PHqwmQkOjQPc2t","He could try to call him again.",1,9,1
"R_3PHqwmQkOjQPc2t","He could get mad at his boss.",1,9,2
"R_3PHqwmQkOjQPc2t","He could try to look if his boss is okay.",1,9,3
"R_3PHqwmQkOjQPc2t","He could try to close the store to go to the court.",1,9,4
"R_3PHqwmQkOjQPc2t","He could no go to court and wait for his boss to come back",1,9,5
"R_5gzLTn0JQtz61wE"," call a friend",2,2,1
"R_5gzLTn0JQtz61wE","call an Uber .",2,2,2
"R_5gzLTn0JQtz61wE","call a taxi ",2,2,3
"R_5gzLTn0JQtz61wE","Take a later flight.",2,2,4
"R_5gzLTn0JQtz61wE","Call his insurance roadside assistance.",2,2,5
"R_5gzLTn0JQtz61wE","Decline the ride.",2,5,1
"R_5gzLTn0JQtz61wE"," ask for gas money",2,5,2
"R_5gzLTn0JQtz61wE","Agree to take them.",2,5,3
"R_5gzLTn0JQtz61wE","Decline the ride. Give them some money.",2,5,4
"R_5gzLTn0JQtz61wE","Agree to take them. Give them some money.",2,5,5
"R_5gzLTn0JQtz61wE","Call the taxi company.",2,8,1
"R_5gzLTn0JQtz61wE","Go to the taxi company.",2,8,2
"R_5gzLTn0JQtz61wE","email the taxi company.",2,8,3
"R_5gzLTn0JQtz61wE","text the taxi company.",2,8,4
"R_5gzLTn0JQtz61wE","message the taxi company.",2,8,5
"R_15XSR3ecjZ7ATur","call AAA for a tow",1,2,1
"R_15XSR3ecjZ7ATur","call the airline & reschedule the flight",1,2,2
"R_15XSR3ecjZ7ATur","call a friend who could take him to airport to make the flight",1,2,3
"R_15XSR3ecjZ7ATur","just sit there and fume at potential outcome of missing flight",1,2,4
"R_15XSR3ecjZ7ATur","do nothing to see if the police would come ",1,2,5
"R_15XSR3ecjZ7ATur","tell someone quickly",1,8,1
"R_15XSR3ecjZ7ATur","not tell anyone and see what happens",1,8,2
"R_15XSR3ecjZ7ATur","have someone else call the taxi company",1,8,3
"R_15XSR3ecjZ7ATur","borrow a ring from someone just for the ceremony",1,8,4
"R_15XSR3ecjZ7ATur","do nothing",1,8,5
"R_15XSR3ecjZ7ATur","call someone at the court & explain the situation",1,9,1
"R_15XSR3ecjZ7ATur","fume & be mad at this boss",1,9,2
"R_15XSR3ecjZ7ATur","lock the door and leave anyways",1,9,3
"R_15XSR3ecjZ7ATur","call another employee to see if they could take over",1,9,4
"R_15XSR3ecjZ7ATur","keep waiting no matter what & miss court appointment",1,9,5
"R_54i4YC3HUUp89BR","Call a wrecker have them drop you off at the airport and take car to a mechanic",2,2,1
"R_54i4YC3HUUp89BR","hitch hike",2,2,2
"R_54i4YC3HUUp89BR","call taxi",2,2,3
"R_54i4YC3HUUp89BR","run fast",2,2,4
"R_54i4YC3HUUp89BR","walk to store beg ride forget car",2,2,5
"R_54i4YC3HUUp89BR","call police",2,6,1
"R_54i4YC3HUUp89BR","break window",2,6,2
"R_54i4YC3HUUp89BR","ask for help",2,6,3
"R_54i4YC3HUUp89BR","go to store have them page",2,6,4
"R_54i4YC3HUUp89BR","yell out",2,6,5
"R_54i4YC3HUUp89BR","Give it away",2,7,1
"R_54i4YC3HUUp89BR","throw it away",2,7,2
"R_54i4YC3HUUp89BR","take it back to car",2,7,3
"R_54i4YC3HUUp89BR","put in a locker",2,7,4
"R_54i4YC3HUUp89BR","sell it",2,7,5
"R_3Cy3l9xy7qdsin6","ask someone to bring the ticket from home.",2,3,1
"R_3Cy3l9xy7qdsin6","Head home to get ticket.",2,3,2
"R_3Cy3l9xy7qdsin6","Forget about concert and go to a nearby bar instead",2,3,3
"R_3Cy3l9xy7qdsin6","buy a new ticket if available",2,3,4
"R_3Cy3l9xy7qdsin6","try to smooth talk to the person taking tickets to go in",2,3,5
"R_3Cy3l9xy7qdsin6","give her a ride.",2,5,1
"R_3Cy3l9xy7qdsin6","suggest calling a taxi for her.",2,5,2
"R_3Cy3l9xy7qdsin6","suggest her getting an uber or lyft for herself.",2,5,3
"R_3Cy3l9xy7qdsin6","Talk about why it is dangerous to approach random men for rides.",2,5,4
"R_3Cy3l9xy7qdsin6","Point her to the nearest bus pickup",2,5,5
"R_3Cy3l9xy7qdsin6","Give it to security.",2,7,1
"R_3Cy3l9xy7qdsin6","ask friend to pick it up",2,7,2
"R_3Cy3l9xy7qdsin6","dump it in trash before going through security",2,7,3
"R_3Cy3l9xy7qdsin6","try to sneak it in",2,7,4
"R_3Cy3l9xy7qdsin6","be honest about forgetting and let it get taken",2,7,5
"R_1dYsdWEsjj4TCRX","try to buy new tickets there",1,3,1
"R_1dYsdWEsjj4TCRX","buy someone's ticket",1,3,2
"R_1dYsdWEsjj4TCRX","forget about it",1,3,3
"R_1dYsdWEsjj4TCRX","go home",1,3,4
"R_1dYsdWEsjj4TCRX","drink water",1,3,5
"R_1dYsdWEsjj4TCRX","check if the doors are locked ",1,6,1
"R_1dYsdWEsjj4TCRX","look around for the owners ",1,6,2
"R_1dYsdWEsjj4TCRX","break the window",1,6,3
"R_1dYsdWEsjj4TCRX","walk back into the mall and have them make an announcement",1,6,4
"R_1dYsdWEsjj4TCRX","call firefighters",1,6,5
"R_1dYsdWEsjj4TCRX","close up and leave",1,9,1
"R_1dYsdWEsjj4TCRX","have a friend cover",1,9,2
"R_1dYsdWEsjj4TCRX","call his wife",1,9,3
"R_1dYsdWEsjj4TCRX","miss the court appointment",1,9,4
"R_1dYsdWEsjj4TCRX","have another employee cover",1,9,5
"R_5G9pPAWQ0rKuL5f","Keep a long distance with this car.",2,4,1
"R_5G9pPAWQ0rKuL5f","wait patiently until safe to pass over",2,4,2
"R_5G9pPAWQ0rKuL5f","call police if the drive seam to cause accident",2,4,3
"R_5G9pPAWQ0rKuL5f","pass over when safe",2,4,4
"R_5G9pPAWQ0rKuL5f","Avoid aggressive behavior",2,4,5
"R_5G9pPAWQ0rKuL5f","Politely decline the request because it is not safe to give ride to strangers",2,5,1
"R_5G9pPAWQ0rKuL5f","offer an alternative transportation option, like public transport..",2,5,2
"R_5G9pPAWQ0rKuL5f","if he feels unsafe, let another person know about it",2,5,3
"R_5G9pPAWQ0rKuL5f","stay in the car",2,5,4
"R_5G9pPAWQ0rKuL5f","just leave. ",2,5,5
"R_5G9pPAWQ0rKuL5f","try finding the owner of the car",2,6,1
"R_5G9pPAWQ0rKuL5f","call for help",2,6,2
"R_5G9pPAWQ0rKuL5f","call for police",2,6,3
"R_5G9pPAWQ0rKuL5f","stay around to monitor the situation",2,6,4
"R_5G9pPAWQ0rKuL5f","break the window to save the dog",2,6,5
"R_2eM4lcuYu5tfunU","Call a Road side assistance",2,2,1
"R_2eM4lcuYu5tfunU","Order a Ride",2,2,2
"R_2eM4lcuYu5tfunU","Request a Taxi",2,2,3
"R_2eM4lcuYu5tfunU","Notify the airline",2,2,4
"R_2eM4lcuYu5tfunU","Fix the car temporarily",2,2,5
"R_2eM4lcuYu5tfunU","Look for the car owner",2,6,1
"R_2eM4lcuYu5tfunU","Call mall security",2,6,2
"R_2eM4lcuYu5tfunU","stay with the dog",2,6,3
"R_2eM4lcuYu5tfunU","find out the dog condition",2,6,4
"R_2eM4lcuYu5tfunU","call animal control",2,6,5
"R_2eM4lcuYu5tfunU","Call the boss and leave a message",2,9,1
"R_2eM4lcuYu5tfunU","Notify a Co-worker",2,9,2
"R_2eM4lcuYu5tfunU","Alerting the store securityy",2,9,3
"R_2eM4lcuYu5tfunU","Closing the store temporarily",2,9,4
"R_2eM4lcuYu5tfunU","Document the situation",2,9,5
"R_3AYfE1sOrSAcGk1","Source for money from family",1,1,1
"R_3AYfE1sOrSAcGk1","Source for money from friends",1,1,2
"R_3AYfE1sOrSAcGk1","Sell some valuable assets",1,1,3
"R_3AYfE1sOrSAcGk1","Use credit card",1,1,4
"R_3AYfE1sOrSAcGk1","Fund raising",1,1,5
"R_3AYfE1sOrSAcGk1","Call home to bring another car",1,2,1
"R_3AYfE1sOrSAcGk1","Call a friend",1,2,2
"R_3AYfE1sOrSAcGk1","Search google map for a public metro nearby",1,2,3
"R_3AYfE1sOrSAcGk1","Book a ride",1,2,4
"R_3AYfE1sOrSAcGk1","Call a mechanic",1,2,5
"R_3AYfE1sOrSAcGk1","Help her with cash to enter cab",1,5,1
"R_3AYfE1sOrSAcGk1","Carry her and drop her half way ",1,5,2
"R_3AYfE1sOrSAcGk1","Give her the ride",1,5,3
"R_3AYfE1sOrSAcGk1","Reject to help her",1,5,4
"R_3AYfE1sOrSAcGk1","Help her with some cash to enter cab but not the complete payment for the ride",1,5,5
"R_7PiTrt6sUtipXwT","Hold back and drive behind him",2,4,1
"R_7PiTrt6sUtipXwT","Call 9-1-1 to alert them of a possible drunk driver",2,4,2
"R_7PiTrt6sUtipXwT","Pull off to the side of the road",2,4,3
"R_7PiTrt6sUtipXwT","Honk at the driver to get their attention",2,4,4
"R_7PiTrt6sUtipXwT","Turn off at the next exit",2,4,5
"R_7PiTrt6sUtipXwT","Apologize to everyone",2,8,1
"R_7PiTrt6sUtipXwT","Run to get his phone to call the taxi",2,8,2
"R_7PiTrt6sUtipXwT","Talk to the minister about the situation",2,8,3
"R_7PiTrt6sUtipXwT","Walk back down the aisle ",2,8,4
"R_7PiTrt6sUtipXwT","Pull the groom aside and let them know what happened",2,8,5
"R_7PiTrt6sUtipXwT","Call his boss's boss",2,9,1
"R_7PiTrt6sUtipXwT","Call his co-workers to see if they can cover for him",2,9,2
"R_7PiTrt6sUtipXwT","Lock the store up so he can go to court on time",2,9,3
"R_7PiTrt6sUtipXwT","Quit on the spot",2,9,4
"R_7PiTrt6sUtipXwT","Put a sign on the door saying the store is closed",2,9,5
"R_6zBHPyYPpZHrSA9","Offer to buy her friend another ticket",1,3,1
"R_6zBHPyYPpZHrSA9","Call and see if someone can meet Tad there with his ticket",1,3,2
"R_6zBHPyYPpZHrSA9","Drive back and miss part of the concert",1,3,3
"R_6zBHPyYPpZHrSA9","Apologize but say there’s nothing she can do",1,3,4
"R_6zBHPyYPpZHrSA9","Call the venue and see if they have a record of the ticket",1,3,5
"R_6zBHPyYPpZHrSA9","Apologize but say he can’t do it",1,5,1
"R_6zBHPyYPpZHrSA9","Explain it’s too far and decline",1,5,2
"R_6zBHPyYPpZHrSA9","Ask for money for gas",1,5,3
"R_6zBHPyYPpZHrSA9","Drive her",1,5,4
"R_6zBHPyYPpZHrSA9","Drive her only part of the way",1,5,5
"R_6zBHPyYPpZHrSA9","Call coworkers and ask if they could cover the store until the boss arrives",1,9,1
"R_6zBHPyYPpZHrSA9","Lock the store with a note saying will reopen shortly",1,9,2
"R_6zBHPyYPpZHrSA9","Contact the court or lawyer to say you might need more time",1,9,3
"R_6zBHPyYPpZHrSA9","Call to see if he can reschedule",1,9,4
"R_6zBHPyYPpZHrSA9","Wait for good boss and arrive late",1,9,5
"R_1QmIdypXuN6APyV","Shopping",2,6,1
"R_1QmIdypXuN6APyV","Drive ",2,6,2
"R_1QmIdypXuN6APyV","Observant",2,6,3
"R_1QmIdypXuN6APyV","Pity",2,6,4
"R_1QmIdypXuN6APyV","Careful",2,6,5
"R_1QmIdypXuN6APyV","Cook",2,7,1
"R_1QmIdypXuN6APyV","support",2,7,2
"R_1QmIdypXuN6APyV","kill",2,7,3
"R_1QmIdypXuN6APyV","stab",2,7,4
"R_1QmIdypXuN6APyV","Lie",2,7,5
"R_1QmIdypXuN6APyV","Call the Taxi",2,8,1
"R_1QmIdypXuN6APyV","Get another ring",2,8,2
"R_1QmIdypXuN6APyV","Tell the truth",2,8,3
"R_1QmIdypXuN6APyV","Delay the event",2,8,4
"R_1QmIdypXuN6APyV","Use any available ring",2,8,5
"R_6g0Hs6TEwcmmwBT","pull over and call the police ",1,4,1
"R_6g0Hs6TEwcmmwBT","keep following the car but at a distance ",1,4,2
"R_6g0Hs6TEwcmmwBT","take a different way home ",1,4,3
"R_6g0Hs6TEwcmmwBT","try to get past the intoxicated driver ",1,4,4
"R_6g0Hs6TEwcmmwBT","call family or a friend and ask them to contact the police ",1,4,5
"R_6g0Hs6TEwcmmwBT","Say no ",1,5,1
"R_6g0Hs6TEwcmmwBT","Expain that he could only take her so far ",1,5,2
"R_6g0Hs6TEwcmmwBT","Go the extra 10 miles ",1,5,3
"R_6g0Hs6TEwcmmwBT","Ask her to see if she could get someone else to give her the ride",1,5,4
"R_6g0Hs6TEwcmmwBT","Ask for payment for the extra mileage ",1,5,5
"R_6g0Hs6TEwcmmwBT","Find out if there is a transportation delay ",1,9,1
"R_6g0Hs6TEwcmmwBT","Contact other people who work for the store and ask if they can step in ",1,9,2
"R_6g0Hs6TEwcmmwBT","Close the store and leave a note ",1,9,3
"R_6g0Hs6TEwcmmwBT","Contact convenience store headquarters and ask for help ",1,9,4
"R_6g0Hs6TEwcmmwBT","Ask a trusted relative or friend to step in ",1,9,5
"R_6azDKUzNwPbXPA6","Tell Ted sorry, but you are welcome to wait in my car.",2,3,1
"R_6azDKUzNwPbXPA6","You can try and buy a black market ticket, Ted.",2,3,2
"R_6azDKUzNwPbXPA6","I see a Denny's, you can wait for us there.",2,3,3
"R_6azDKUzNwPbXPA6","I can call you an Uber to pick up the ticket if someone is at your house.",2,3,4
"R_6azDKUzNwPbXPA6","I can call you an Uber to take you home.",2,3,5
"R_6azDKUzNwPbXPA6","In my state it is legal to break the window. ",2,6,1
"R_6azDKUzNwPbXPA6","Break the window and call the cops.",2,6,2
"R_6azDKUzNwPbXPA6","Break the window and wait for the owner and then punch them in the face.",2,6,3
"R_6azDKUzNwPbXPA6","Record yourself breaking the window and taking the dog.",2,6,4
"R_6azDKUzNwPbXPA6","Break the window and drive away so at least the dog can breathe or escape on its own.",2,6,5
"R_6azDKUzNwPbXPA6","Run away and never come back.",2,8,1
"R_6azDKUzNwPbXPA6","Apologize.",2,8,2
"R_6azDKUzNwPbXPA6","Shrug.",2,8,3
"R_6azDKUzNwPbXPA6","Blame someone else.",2,8,4
"R_6azDKUzNwPbXPA6","Claim it was stolen.",2,8,5
"R_7NnYslnXUagUp2N","Reach out to charities",2,1,1
"R_7NnYslnXUagUp2N","Apply for financial assistance programs",2,1,2
"R_7NnYslnXUagUp2N","Negotiate with the pharmacy ",2,1,3
"R_7NnYslnXUagUp2N","Community support",2,1,4
"R_7NnYslnXUagUp2N","Explore alternative treatments",2,1,5
"R_7NnYslnXUagUp2N","Maintain a safe distance",2,4,1
"R_7NnYslnXUagUp2N","Call the authorities",2,4,2
"R_7NnYslnXUagUp2N","Signal other drivers ",2,4,3
"R_7NnYslnXUagUp2N","Prepare to stop if needed",2,4,4
"R_7NnYslnXUagUp2N","Avoid distracted driving",2,4,5
"R_7NnYslnXUagUp2N","Contact another employee",2,9,1
"R_7NnYslnXUagUp2N","Leave a notice ",2,9,2
"R_7NnYslnXUagUp2N","Reach out to emergency contacts",2,9,3
"R_7NnYslnXUagUp2N","Contact the court",2,9,4
"R_7NnYslnXUagUp2N","Stay until he absolutely has to leave",2,9,5
"R_3WBTnwI8QDPKK3U","contact the venue for solution",1,3,1
"R_3WBTnwI8QDPKK3U","Ask if the venue will allow a ticket transfer",1,3,2
"R_3WBTnwI8QDPKK3U","Offer to go with Ted to his house quickly",1,3,3
"R_3WBTnwI8QDPKK3U","Help Ted look for a nearby Ticket outlet",1,3,4
"R_3WBTnwI8QDPKK3U","Look for a ticket resale option",1,3,5
"R_3WBTnwI8QDPKK3U","Offer to call a friend or a family member",1,5,1
"R_3WBTnwI8QDPKK3U","Assess the safety of the situation",1,5,2
"R_3WBTnwI8QDPKK3U","Politely decline the request",1,5,3
"R_3WBTnwI8QDPKK3U","Offer to help in a different way",1,5,4
"R_3WBTnwI8QDPKK3U","Offer a public transport option",1,5,5
"R_3WBTnwI8QDPKK3U","Dispose the knife",1,7,1
"R_3WBTnwI8QDPKK3U","Give the knife to security",1,7,2
"R_3WBTnwI8QDPKK3U","Contact the airline for assistance",1,7,3
"R_3WBTnwI8QDPKK3U","Mail the knife to the festival location",1,7,4
"R_3WBTnwI8QDPKK3U","Ask to speak to a supervisor",1,7,5
"R_1VBGtWflhw8qKXv","see if there is any programs that may cover it",1,1,1
"R_1VBGtWflhw8qKXv","contact local churches to see if they can help",1,1,2
"R_1VBGtWflhw8qKXv","ask friends and family",1,1,3
"R_1VBGtWflhw8qKXv","sell or pawn something",1,1,4
"R_1VBGtWflhw8qKXv","take out a payday loan",1,1,5
"R_1VBGtWflhw8qKXv","Call AAA",1,2,1
"R_1VBGtWflhw8qKXv","Have car towed to a garage",1,2,2
"R_1VBGtWflhw8qKXv","explain the situation to the garage ",1,2,3
"R_1VBGtWflhw8qKXv","make payment arrangements",1,2,4
"R_1VBGtWflhw8qKXv","call an uber to get to the airport",1,2,5
"R_1VBGtWflhw8qKXv","give the driver plenty of space",1,4,1
"R_1VBGtWflhw8qKXv","call law enforcement",1,4,2
"R_1VBGtWflhw8qKXv","honk blink headlights to warn other drivers",1,4,3
"R_1VBGtWflhw8qKXv","pull over",1,4,4
"R_1VBGtWflhw8qKXv","get off the road",1,4,5
"R_32JhhdK2roDb2ks","Get out the car an walk for help",1,2,1
"R_32JhhdK2roDb2ks","call uber /lyft",1,2,2
"R_32JhhdK2roDb2ks","call roadside",1,2,3
"R_32JhhdK2roDb2ks","call a friend",1,2,4
"R_32JhhdK2roDb2ks","try to fix car himself",1,2,5
"R_32JhhdK2roDb2ks","Eamon do nothing",1,4,1
"R_32JhhdK2roDb2ks","Eamon keeps going",1,4,2
"R_32JhhdK2roDb2ks","Eamon calls for help",1,4,3
"R_32JhhdK2roDb2ks","Eamon follows",1,4,4
"R_32JhhdK2roDb2ks","Eamon make sure he gets home safely",1,4,5
"R_32JhhdK2roDb2ks","Cameron would bring the lady home",1,5,1
"R_32JhhdK2roDb2ks","Cameron would let the lady know he unable to take her home",1,5,2
"R_32JhhdK2roDb2ks","Cameron would give her money to help her",1,5,3
"R_32JhhdK2roDb2ks","Cameron would tell her tocall uber or lyft",1,5,4
"R_32JhhdK2roDb2ks","Cameron would just ignore her",1,5,5
"R_1wJMzTjIO3wuPvj","Could have called a ride share for the woman",2,5,1
"R_1wJMzTjIO3wuPvj","Agreed to give her a ride",2,5,2
"R_1wJMzTjIO3wuPvj","Gave money for the bus /train",2,5,3
"R_1wJMzTjIO3wuPvj","Call the police for assistance",2,5,4
"R_1wJMzTjIO3wuPvj","Call an organization",2,5,5
"R_1wJMzTjIO3wuPvj","Call the police",2,6,1
"R_1wJMzTjIO3wuPvj","Call the Aspca",2,6,2
"R_1wJMzTjIO3wuPvj","Go to mall security and have them look for the owner",2,6,3
"R_1wJMzTjIO3wuPvj","Put it on social media for help",2,6,4
"R_1wJMzTjIO3wuPvj","Call the local news ",2,6,5
"R_1wJMzTjIO3wuPvj","He can leave it with security and go on the plane",2,7,1
"R_1wJMzTjIO3wuPvj","If he has time maybe someone and come and pick it up",2,7,2
"R_1wJMzTjIO3wuPvj","Return home and dont go",2,7,3
"R_1wJMzTjIO3wuPvj","Return home and reschedule the flight",2,7,4
"R_1wJMzTjIO3wuPvj","stay clam don't be nervous",2,7,5
"R_3R7Ee9ri1xKBpff","Check for Digital Options",1,3,1
"R_3R7Ee9ri1xKBpff","Speak with Venue Staff",1,3,2
"R_3R7Ee9ri1xKBpff","Look for Resale Options",1,3,3
"R_3R7Ee9ri1xKBpff","Coordinate a Delivery",1,3,4
"R_3R7Ee9ri1xKBpff","Plan to Meet After the Concert",1,3,5
"R_3R7Ee9ri1xKBpff","Notify the Bride and Groom Immediately",1,8,1
"R_3R7Ee9ri1xKBpff","Ask for a Temporary Replacement",1,8,2
"R_3R7Ee9ri1xKBpff","Contact the Taxi Company",1,8,3
"R_3R7Ee9ri1xKBpff","Ask Someone to Retrieve the Ring",1,8,4
"R_3R7Ee9ri1xKBpff","Proceed Without the Ring Momentarily",1,8,5
"R_3R7Ee9ri1xKBpff","Contact a Co-worker or Backup",1,9,1
"R_3R7Ee9ri1xKBpff","Leave a Note for the Boss",1,9,2
"R_3R7Ee9ri1xKBpff","Contact the Police for Non-Emergency Assistance",1,9,3
"R_3R7Ee9ri1xKBpff","Try Alternative Methods to Reach the Boss",1,9,4
"R_3R7Ee9ri1xKBpff","Call the Court",1,9,5
"R_3agAyEXqHxnMecc","If available, contact roadside assistance.",2,2,1
"R_3agAyEXqHxnMecc","Contact law enforcement (Police) for assistance.",2,2,2
"R_3agAyEXqHxnMecc","Make a plan for possible travel arrangements in the situation.",2,2,3
"R_3agAyEXqHxnMecc","Turn on hazards to alert vehicles around.",2,2,4
"R_3agAyEXqHxnMecc","Contact a friend, or family member for ride assistance.",2,2,5
"R_3agAyEXqHxnMecc","Pull over and contact law enforcement.",2,4,1
"R_3agAyEXqHxnMecc","Keep a safe distance from the vehicle ahead.",2,4,2
"R_3agAyEXqHxnMecc","Avoid engaging with this vehicle.",2,4,3
"R_3agAyEXqHxnMecc","Turn on hazard lights to possibly alert the driver ahead.",2,4,4
"R_3agAyEXqHxnMecc","Avoid trying to pass or going around the vehicle ahead.",2,4,5
"R_3agAyEXqHxnMecc","Discreetly signal a family member or friend.",2,8,1
"R_3agAyEXqHxnMecc","Ask someone you know to retrieve the the ring.",2,8,2
"R_3agAyEXqHxnMecc","Remain calm and improvise.",2,8,3
"R_3agAyEXqHxnMecc","Use a stand-in ring if possible.",2,8,4
"R_3agAyEXqHxnMecc","Alert the Bride and Groom discreetly.",2,8,5
"R_7k0W3Cz8z59clz9","Sell personal property",1,1,1
"R_7k0W3Cz8z59clz9","Have a yard sale",1,1,2
"R_7k0W3Cz8z59clz9","Start a Gofundme ",1,1,3
"R_7k0W3Cz8z59clz9","Apply for state assistance",1,1,4
"R_7k0W3Cz8z59clz9","Ask family for a loan",1,1,5
"R_7k0W3Cz8z59clz9","Call a friend",1,2,1
"R_7k0W3Cz8z59clz9","Call AAA",1,2,2
"R_7k0W3Cz8z59clz9","Reschedule flight",1,2,3
"R_7k0W3Cz8z59clz9","Cancel trip",1,2,4
"R_7k0W3Cz8z59clz9","Call a taxi",1,2,5
"R_7k0W3Cz8z59clz9","Carl should immediately notify security ",1,7,1
"R_7k0W3Cz8z59clz9","Carl should dispose of his knife",1,7,2
"R_7k0W3Cz8z59clz9","Carl should give it away to a random adult",1,7,3
"R_7k0W3Cz8z59clz9","Carl should call a friend to pick up his knife",1,7,4
"R_7k0W3Cz8z59clz9","Carl should hand the knife over to security",1,7,5
"R_1UlRtlMFtVvMV6F","call 911",1,4,1
"R_1UlRtlMFtVvMV6F","slow down",1,4,2
"R_1UlRtlMFtVvMV6F","honk horn",1,4,3
"R_1UlRtlMFtVvMV6F","pull over",1,4,4
"R_1UlRtlMFtVvMV6F","do nothing",1,4,5
"R_1UlRtlMFtVvMV6F","do nothing",1,7,1
"R_1UlRtlMFtVvMV6F","take it out",1,7,2
"R_1UlRtlMFtVvMV6F","call someone to come get it",1,7,3
"R_1UlRtlMFtVvMV6F","tell someone",1,7,4
"R_1UlRtlMFtVvMV6F","rent a locker",1,7,5
"R_1UlRtlMFtVvMV6F","get someone to cover for him",1,9,1
"R_1UlRtlMFtVvMV6F","lock the store and leave",1,9,2
"R_1UlRtlMFtVvMV6F","secure all cash",1,9,3
"R_1UlRtlMFtVvMV6F","try to call his boss again",1,9,4
"R_1UlRtlMFtVvMV6F","stay and miss court",1,9,5
"R_5Vy8E2IsOpaOyS2","Not move so close ",1,4,1
"R_5Vy8E2IsOpaOyS2","make sure he's concentration ",1,4,2
"R_5Vy8E2IsOpaOyS2","drive slowely ",1,4,3
"R_5Vy8E2IsOpaOyS2","not try to overtake ",1,4,4
"R_5Vy8E2IsOpaOyS2","And dont frighten the intoxicated driver ",1,4,5
"R_5Vy8E2IsOpaOyS2","Try to get the owner of the car ",1,6,1
"R_5Vy8E2IsOpaOyS2","call peoples attention ",1,6,2
"R_5Vy8E2IsOpaOyS2","look for help ",1,6,3
"R_5Vy8E2IsOpaOyS2","Try to see if the dog breathes",1,6,4
"R_5Vy8E2IsOpaOyS2","Mind your business ",1,6,5
"R_5Vy8E2IsOpaOyS2","If he could still get a hold of the taxi ",1,8,1
"R_5Vy8E2IsOpaOyS2","try to contact his sister and tell about the situation ",1,8,2
"R_5Vy8E2IsOpaOyS2","try to get a new one immediately if possible  ",1,8,3
"R_5Vy8E2IsOpaOyS2","be apologetic so they can understand ",1,8,4
"R_5Vy8E2IsOpaOyS2","try to not their moods ",1,8,5
"R_5fwalBO7F218CTD","refuse to help politely",2,5,1
"R_5fwalBO7F218CTD","alight her at his junction for the lady to continue",2,5,2
"R_5fwalBO7F218CTD","dont pick her",2,5,3
"R_5fwalBO7F218CTD","set boundaries",2,5,4
"R_5fwalBO7F218CTD","assess the situation",2,5,5
"R_5fwalBO7F218CTD","return the knife to the car",2,7,1
"R_5fwalBO7F218CTD","alert the security",2,7,2
"R_5fwalBO7F218CTD","ask of a storage room an place the knife there",2,7,3
"R_5fwalBO7F218CTD","return the journey",2,7,4
"R_5fwalBO7F218CTD","call someone to come for it",2,7,5
"R_5fwalBO7F218CTD","call a friend to check for you",2,8,1
"R_5fwalBO7F218CTD","call friends if they can bring you some",2,8,2
"R_5fwalBO7F218CTD","try and see if you will see the car",2,8,3
"R_5fwalBO7F218CTD","improvisation",2,8,4
"R_5fwalBO7F218CTD","stay calm",2,8,5
"R_1f1SXLeK9VIXIMG","She could buy a new ticket for Ted",1,3,1
"R_1f1SXLeK9VIXIMG","She could ask around from other friends for a spare ticket",1,3,2
"R_1f1SXLeK9VIXIMG","She could escort Ted back to his house for the ticket",1,3,3
"R_1f1SXLeK9VIXIMG","She could stay and wait for Ted to go back for his ticket",1,3,4
"R_1f1SXLeK9VIXIMG","She could forfeit the concert altogether and go home",1,3,5
"R_1f1SXLeK9VIXIMG","He should alert one of the officials to see the best action",1,7,1
"R_1f1SXLeK9VIXIMG","He could call a friend to come for the knife",1,7,2
"R_1f1SXLeK9VIXIMG","He could wait till it gets to his turn and explain to the staff",1,7,3
"R_1f1SXLeK9VIXIMG","He can rush back and drop off the knife at home",1,7,4
"R_1f1SXLeK9VIXIMG","He could dispose off the knife",1,7,5
"R_1f1SXLeK9VIXIMG","He could call someone to cover up for him",1,9,1
"R_1f1SXLeK9VIXIMG","He could try reaching his boss's friend or relative",1,9,2
"R_1f1SXLeK9VIXIMG","He could lock up the store and leave a note at the entrance",1,9,3
"R_1f1SXLeK9VIXIMG","He could forfeit his appointment and wait for his boss",1,9,4
"R_1f1SXLeK9VIXIMG","He could rush to the court and then rush back to check the store",1,9,5
"R_3Vkpcf3f3aqTzgZ","He could call a family member or friend to come get him",2,2,1
"R_3Vkpcf3f3aqTzgZ","He could call an uber",2,2,2
"R_3Vkpcf3f3aqTzgZ","He could look to alternative flight departure times",2,2,3
"R_3Vkpcf3f3aqTzgZ","He could cancel his flight.",2,2,4
"R_3Vkpcf3f3aqTzgZ","He could call a tow truck or the non emergency line.",2,2,5
"R_3Vkpcf3f3aqTzgZ","Ask what happened to her car.",2,5,1
"R_3Vkpcf3f3aqTzgZ","Offer to call a friend or family member.",2,5,2
"R_3Vkpcf3f3aqTzgZ","Offer to get the woman an uber.",2,5,3
"R_3Vkpcf3f3aqTzgZ","Say no to the woman.",2,5,4
"R_3Vkpcf3f3aqTzgZ","Offer to take her if she gives him gas money.",2,5,5
"R_3Vkpcf3f3aqTzgZ","He could check his bag with the knife in it.",2,7,1
"R_3Vkpcf3f3aqTzgZ","He could get a locker and pick the knife up from the locker on his return home",2,7,2
"R_3Vkpcf3f3aqTzgZ","He could ask security what should He do in case He needs to bring the knife with him. ",2,7,3
"R_3Vkpcf3f3aqTzgZ","He could call a friend or family member to pick the knife up before he goes through security.",2,7,4
"R_3Vkpcf3f3aqTzgZ","He could throw the knife away and take the loss.",2,7,5
"R_3QWOpnso93EfdZj","Put it on a credit card and pay off over time",1,1,1
"R_3QWOpnso93EfdZj","Ask the Pharmacist for discounted programs",1,1,2
"R_3QWOpnso93EfdZj","Set up a go-fund-me page ",1,1,3
"R_3QWOpnso93EfdZj","Ask the Doctor for a generic alternative",1,1,4
"R_3QWOpnso93EfdZj","Go without",1,1,5
"R_3QWOpnso93EfdZj","Call 911",1,6,1
"R_3QWOpnso93EfdZj","Find mall security",1,6,2
"R_3QWOpnso93EfdZj","Try to open the car door",1,6,3
"R_3QWOpnso93EfdZj","Break the car window",1,6,4
"R_3QWOpnso93EfdZj","Get in your car and go home",1,6,5
"R_3QWOpnso93EfdZj","Return to his car and leave the knife there",1,7,1
"R_3QWOpnso93EfdZj","Rent a locker and put the knife in it",1,7,2
"R_3QWOpnso93EfdZj","Throw it away",1,7,3
"R_3QWOpnso93EfdZj","Ask airport personnel for help with the situation",1,7,4
"R_3QWOpnso93EfdZj","Give it up to security",1,7,5
"R_511rbeex9qAL56S","Heinz could sell some of their personal belongings to make ends meet.",2,1,1
"R_511rbeex9qAL56S","Heinz could ask to borrow money from trusted friends and family.",2,1,2
"R_511rbeex9qAL56S","Heinz could inquire about a cheaper generic equivalent to the medicine.",2,1,3
"R_511rbeex9qAL56S","Heinz could look into alternative treatments for whatever is ailing his wife.",2,1,4
"R_511rbeex9qAL56S","Heinz could ask his wife if she has any ideas about raising the money they need.",2,1,5
"R_511rbeex9qAL56S","Darya could offer to buy a ticket for Ted now and have him reimburse her later.",2,3,1
"R_511rbeex9qAL56S","Darya could ask Ted to check his email and/ or text to see if a backup eticket was provided.",2,3,2
"R_511rbeex9qAL56S","Darya could suggest that they postpone their plans until they both can enjoy the concert together.",2,3,3
"R_511rbeex9qAL56S","Darya could suggest something else for them to do instead of the concert if need be.",2,3,4
"R_511rbeex9qAL56S","Darya could ask Ted if he has any plan B's in mind.",2,3,5
"R_511rbeex9qAL56S","Tell the lady no, he can't help her.",2,5,1
"R_511rbeex9qAL56S","Tell the lady he will consider it if she reimburses him for gas. ",2,5,2
"R_511rbeex9qAL56S","Tell the lady he will take her halfway and she can figure out the rest.",2,5,3
"R_511rbeex9qAL56S","Tell the lady he will take her the whole way free of charge.",2,5,4
"R_511rbeex9qAL56S","Ask the lady for the best way to get there since he's willing but unfamiliar with the area.",2,5,5
"R_79bryPGTSPpyX16","sell some things",1,1,1
"R_79bryPGTSPpyX16","ask for money from some friends",1,1,2
"R_79bryPGTSPpyX16","ask for money from family",1,1,3
"R_79bryPGTSPpyX16","try to get a loan",1,1,4
"R_79bryPGTSPpyX16","talk to the insurance company",1,1,5
"R_79bryPGTSPpyX16","put the car aside",1,4,1
"R_79bryPGTSPpyX16","call the police",1,4,2
"R_79bryPGTSPpyX16","make sure the driver is ok",1,4,3
"R_79bryPGTSPpyX16","honk to make sure he is ok",1,4,4
"R_79bryPGTSPpyX16","call 911",1,4,5
"R_79bryPGTSPpyX16","say no",1,5,1
"R_79bryPGTSPpyX16","say no",1,5,2
"R_79bryPGTSPpyX16","say no",1,5,3
"R_79bryPGTSPpyX16","say no",1,5,4
"R_79bryPGTSPpyX16","say yes and get murdered",1,5,5
"R_3NfHYUYzWPJFF3b","call a tow truck to bring car somewhere until he gets back",2,2,1
"R_3NfHYUYzWPJFF3b","call cab to get to airport",2,2,2
"R_3NfHYUYzWPJFF3b","hitchhike to get to airport",2,2,3
"R_3NfHYUYzWPJFF3b","cancel his plans",2,2,4
"R_3NfHYUYzWPJFF3b","call a friend to help",2,2,5
"R_3NfHYUYzWPJFF3b","attempt to find the owner",2,6,1
"R_3NfHYUYzWPJFF3b","see if the mall can announce a plate number to find the owner",2,6,2
"R_3NfHYUYzWPJFF3b","call the police or 911",2,6,3
"R_3NfHYUYzWPJFF3b","ask help services what to do, (don't break car without permission unless extremely serious)",2,6,4
"R_3NfHYUYzWPJFF3b","see if the door is unlocked, if it is, let dog out and provide water",2,6,5
"R_3NfHYUYzWPJFF3b","call the court, let them know he's trying to come in",2,9,1
"R_3NfHYUYzWPJFF3b","leave message explaining situation on boss phone",2,9,2
"R_3NfHYUYzWPJFF3b","wait an extra five minutes",2,9,3
"R_3NfHYUYzWPJFF3b","call in another worker if possible",2,9,4
"R_3NfHYUYzWPJFF3b","boss doesn't show or call within five minutes, close up shop",2,9,5
"R_5Ttm6GBL7wtSai9","he could offer to help the woman",2,5,1
"R_5Ttm6GBL7wtSai9","he could drop the woman off at where he was heading",2,5,2
"R_5Ttm6GBL7wtSai9","he could decide not help ",2,5,3
"R_5Ttm6GBL7wtSai9","n/a",2,5,4
"R_5Ttm6GBL7wtSai9","n/a",2,5,5
"R_5Ttm6GBL7wtSai9","Erica would try opening the windows",2,6,1
"R_5Ttm6GBL7wtSai9","Erica can also ask for help",2,6,2
"R_5Ttm6GBL7wtSai9","she can announce it at the mall",2,6,3
"R_5Ttm6GBL7wtSai9","she can also decide to break the windows to free the dog",2,6,4
"R_5Ttm6GBL7wtSai9","she can decide not to engage",2,6,5
"R_5Ttm6GBL7wtSai9","He could explain his situation",2,7,1
"R_5Ttm6GBL7wtSai9","he could say that they take the knife away from him",2,7,2
"R_5Ttm6GBL7wtSai9","he can quickly excuse himself and drop the knife somewhere safe",2,7,3
"R_5Ttm6GBL7wtSai9","he could turn back get it sorted and later join another flight",2,7,4
"R_5Ttm6GBL7wtSai9","Carl forgo the festival in all",2,7,5
"R_5FnDIvEjRPhM6LE","ignore the woman",1,5,1
"R_5FnDIvEjRPhM6LE","explain the inconvenience to the woman",1,5,2
"R_5FnDIvEjRPhM6LE","drive the woman",1,5,3
"R_5FnDIvEjRPhM6LE","apologize and decline the woman",1,5,4
"R_5FnDIvEjRPhM6LE","drive the woman part of the way",1,5,5
"R_5FnDIvEjRPhM6LE","ask a clerk for help",1,6,1
"R_5FnDIvEjRPhM6LE","call the police",1,6,2
"R_5FnDIvEjRPhM6LE","call the humane society",1,6,3
"R_5FnDIvEjRPhM6LE","smash a window",1,6,4
"R_5FnDIvEjRPhM6LE","wait outside car",1,6,5
"R_5FnDIvEjRPhM6LE","Carl could check the knife at an airport locker",1,7,1
"R_5FnDIvEjRPhM6LE","Carl could check the knife as part of checked luggage",1,7,2
"R_5FnDIvEjRPhM6LE","Carl could throw the knife away",1,7,3
"R_5FnDIvEjRPhM6LE","Carl could give the knife to a friend to take it home",1,7,4
"R_5FnDIvEjRPhM6LE","Carl could explain his situation to the airline to see if they could help",1,7,5
"R_1OAFF5UcOWR7RaQ","Empathize with Ted, say, ""Man, that's terrible"", and then... proceed to go to the concert without him anyway because, well, just because he's having a bad time doesn't mean she has to too.",2,3,1
"R_1OAFF5UcOWR7RaQ","Give Ted her ticket.",2,3,2
"R_1OAFF5UcOWR7RaQ","Offer to buy Ted a new ticket.",2,3,3
"R_1OAFF5UcOWR7RaQ","Try to sneak Ted into the concert justifying it by saying that he DID buy a ticket, he just doesn't have it on him.",2,3,4
"R_1OAFF5UcOWR7RaQ","Try to explain the situation to the admission staff and see if they won't let him in.",2,3,5
"R_1OAFF5UcOWR7RaQ","Just keep driving normally and hope nothing bad happens.",2,4,1
"R_1OAFF5UcOWR7RaQ","Phone in a report of a possibly intoxicated driver on the road.",2,4,2
"R_1OAFF5UcOWR7RaQ","Try to get off the road as soon as he can and find a different route home.",2,4,3
"R_1OAFF5UcOWR7RaQ","Pull over to the side of the road and give the other driver time to move away from him.",2,4,4
"R_1OAFF5UcOWR7RaQ","Try to find an opening to pull ahead of the drunk driver and then speed away from him.",2,4,5
"R_1OAFF5UcOWR7RaQ","Call the taxi company and ask them if they can't give him the location of the taxi.",2,8,1
"R_1OAFF5UcOWR7RaQ","Try to track down the taxi's probable location himself using educated guesses of where it might go.",2,8,2
"R_1OAFF5UcOWR7RaQ","Just own up to what he did and say ""Sorry, Sis, I lost your ring, my bad.""",2,8,3
"R_1OAFF5UcOWR7RaQ","Try to get the wedding called off so no one ever has to know what happened.",2,8,4
"R_1OAFF5UcOWR7RaQ","Casually swipe a ring off the finger of someone married in the crowd and substitute that.",2,8,5
"R_6IjdYRuK4t5JRDd","Heinz could try to secure a loan from a bank, a family member, or a friend in order to afford the medication. This could help immediately, but might create long-term financial strain.",2,1,1
"R_6IjdYRuK4t5JRDd","Heinz could research patient assistance programs, nonprofit organizations, or charities that offer help to individuals who can't afford life-saving medication. Some pharmaceutical companies also have assistance programs for people in financial need.",2,1,2
"R_6IjdYRuK4t5JRDd","Heinz could contact the pharmacy or manufacturer of the medication to see if there are any discounts, payment plans, or generic alternatives available that would make the medication more affordable.",2,1,3
"R_6IjdYRuK4t5JRDd","If Heinz owns valuable assets (such as a car, jewelry, or property), he might consider selling or pawning them to gather the necessary funds.",2,1,4
"R_6IjdYRuK4t5JRDd"," Heinz could look into alternative medications or treatments that may be more affordable, though he would have to weigh the risks involved in choosing an unapproved or less proven option.",2,1,5
"R_6IjdYRuK4t5JRDd"," If Darya has a car and time, she could offer to go back to Ted’s house to get the ticket for him. This might cause her to miss part of the concert, but it could allow Ted to enjoy the full experience.",2,3,1
"R_6IjdYRuK4t5JRDd","Darya could help Ted contact someone at his house (like a family member or roommate) to scan or take a picture of the ticket and send it to him digitally. Some venues accept digital tickets, so this might solve the problem quickly.",2,3,2
"R_6IjdYRuK4t5JRDd"," Darya could check with the concert venue to see if extra tickets are available for purchase or if they can issue a replacement ticket in cases of forgetfulness. Some venues might have a ""will call"" option or be understanding of such situations.",2,3,3
"R_6IjdYRuK4t5JRDd","Darya could call the concert venue's customer service or box office to explain the situation and ask if there is any way Ted could still get in, like verifying his identity or issuing a new ticket under special circumstances.",2,3,4
"R_6IjdYRuK4t5JRDd","If none of the other options work out, Darya could encourage Ted to enjoy the concert with the group in other ways, like finding a nearby spot to watch the event (if it's an outdoor concert) or making the best of the evening together, even if Ted can’t fully experience the concert.",2,3,5
"R_6IjdYRuK4t5JRDd","Erica could immediately call animal control or the local non-emergency police line to report the situation. They would be able to respond quickly and take appropriate action to save the dog.",2,6,1
"R_6IjdYRuK4t5JRDd","Erica could try to find the owner of the car by checking for any nearby stores or asking people in the parking lot if they know who the car belongs to. If the owner can be located, they can address the dog's distress without further escalation.",2,6,2
"R_6IjdYRuK4t5JRDd","If Erica can't locate the owner and the situation seems urgent, she could write down the license plate number and call the authorities with that information, allowing them to track down the owner.",2,6,3
"R_6IjdYRuK4t5JRDd"," If the dog is showing signs of heatstroke or is in immediate danger, Erica might decide to break the car window (if she can do so safely) to free the animal. In some states, laws protect individuals who break a car window to rescue a pet in distress.",2,6,4
"R_6IjdYRuK4t5JRDd"," If Erica is unsure about what to do or the situation doesn’t seem immediately life-threatening, she could stay nearby and monitor the dog’s condition, while continuing to try to find the car owner or waiting for authorities to arrive.",2,6,5
"R_1LwBEfudDZdSksl","Continue to stay behind the person",2,4,1
"R_1LwBEfudDZdSksl","Wait for an opportunity and pass the person",2,4,2
"R_1LwBEfudDZdSksl","Get off at the next exit and take a different route",2,4,3
"R_1LwBEfudDZdSksl","Honk your horn at them",2,4,4
"R_1LwBEfudDZdSksl","Flash your bright lights at them and hope they move over",2,4,5
"R_1LwBEfudDZdSksl","Go ahead and give the lady a ride.",2,5,1
"R_1LwBEfudDZdSksl","Apologize and say you aren't quite fully going in the direction",2,5,2
"R_1LwBEfudDZdSksl","Mention you have plans and cannot help out. ",2,5,3
"R_1LwBEfudDZdSksl","Offer to give her some money for a cab.",2,5,4
"R_1LwBEfudDZdSksl","Offer to drop her off a little closer to her destination, but not all the way.",2,5,5
"R_1LwBEfudDZdSksl","Go back into the mall and find security to contact the owner",2,6,1
"R_1LwBEfudDZdSksl","Wait in her car for a little while to see if someone comes out soon",2,6,2
"R_1LwBEfudDZdSksl","Bust out the window if she really thinks the dog is in trouble",2,6,3
"R_1LwBEfudDZdSksl","Mention it to other people",2,6,4
"R_1LwBEfudDZdSksl","Check to see if the door is open on the car",2,6,5
"R_1OI30P0hw3o2XBv","try and call taxi",2,2,1
"R_1OI30P0hw3o2XBv","call  a friend",2,2,2
"R_1OI30P0hw3o2XBv","stop a car",2,2,3
"R_1OI30P0hw3o2XBv","call the airline",2,2,4
"R_1OI30P0hw3o2XBv","call a toll truck ",2,2,5
"R_1OI30P0hw3o2XBv","report to security",2,7,1
"R_1OI30P0hw3o2XBv","call for a friend to come for it",2,7,2
"R_1OI30P0hw3o2XBv","leave it with security",2,7,3
"R_1OI30P0hw3o2XBv","hide it",2,7,4
"R_1OI30P0hw3o2XBv","throw it away",2,7,5
"R_1OI30P0hw3o2XBv","stall",2,8,1
"R_1OI30P0hw3o2XBv","inform the bride and groom",2,8,2
"R_1OI30P0hw3o2XBv","call the taxi",2,8,3
"R_1OI30P0hw3o2XBv","use a fake ring",2,8,4
"R_1OI30P0hw3o2XBv","disappear",2,8,5
"R_52HHUcflPbAFLFf","He could take on more work",2,1,1
"R_52HHUcflPbAFLFf","He could sell some things that he owns ",2,1,2
"R_52HHUcflPbAFLFf","He could start a fundraiser",2,1,3
"R_52HHUcflPbAFLFf","He could apply for a loan at a bank",2,1,4
"R_52HHUcflPbAFLFf","He could turn to family for the money",2,1,5
"R_52HHUcflPbAFLFf","Leave the line and in hopes to keep the knife with him, find a security officer to explain what happened",2,7,1
"R_52HHUcflPbAFLFf","Leave the line and in hopes to keep the knife with him, go to customer service and see if he can declare it as a package to be sent separately",2,7,2
"R_52HHUcflPbAFLFf","Leave the line and take it back to leave in his car.",2,7,3
"R_52HHUcflPbAFLFf","Leave the line and see if the airport has storage lockers.",2,7,4
"R_52HHUcflPbAFLFf","Leave the line and take it back home.",2,7,5
"R_52HHUcflPbAFLFf","Call another employee and see if they can come in on emergency to cover for him",2,9,1
"R_52HHUcflPbAFLFf","Call his boss to see what the hold up might be and wait if it is not too long",2,9,2
"R_52HHUcflPbAFLFf","Call his boss to see what the hold up might be and lock up the store if the wait is too long",2,9,3
"R_52HHUcflPbAFLFf","Contact his lawyer and see if a continuance is possible",2,9,4
"R_52HHUcflPbAFLFf","Miss his court appointment",2,9,5
"R_32zpM5ZsKLVkFEy","Darya could go to the concert without Ted",2,3,1
"R_32zpM5ZsKLVkFEy","Darya could not go to the concert and do something else with Ted",2,3,2
"R_32zpM5ZsKLVkFEy","Darya could see if another ticket could be purchase at the concert",2,3,3
"R_32zpM5ZsKLVkFEy","Darya could take Ted home to get his ticket and miss most of the concert",2,3,4
"R_32zpM5ZsKLVkFEy","Darya could see if someone outside the concert had an extra ticket to sell",2,3,5
"R_32zpM5ZsKLVkFEy","He could call the police if he had a cellphone with him",2,4,1
"R_32zpM5ZsKLVkFEy","He could pull over and let the driver get further ahead of him",2,4,2
"R_32zpM5ZsKLVkFEy","He could turn off the road onto another road and take an alternate route",2,4,3
"R_32zpM5ZsKLVkFEy","He could honk the horn to possible get the drivers attention to get him to pull over",2,4,4
"R_32zpM5ZsKLVkFEy","He could do nothing",2,4,5
"R_32zpM5ZsKLVkFEy","Not say anything ",2,7,1
"R_32zpM5ZsKLVkFEy","If he drove himself to the airport he could take it back to his car",2,7,2
"R_32zpM5ZsKLVkFEy","He could tell security that it is in there",2,7,3
"R_32zpM5ZsKLVkFEy","If someone drove him to the airport he could give it to them to keep while he was gone",2,7,4
"R_32zpM5ZsKLVkFEy","He could see if he could have his bag put in the cargo bay and not as a carry on",2,7,5
"R_3wCWQztEFMuESAx","Josh should book a uber or lyft to airport",2,2,1
"R_3wCWQztEFMuESAx","Josh should have taken public transport to airport",2,2,2
"R_3wCWQztEFMuESAx","Josh should have called his friend to drop at airport",2,2,3
"R_3wCWQztEFMuESAx","Josh should have pulled his car aside.",2,2,4
"R_3wCWQztEFMuESAx","Josh should taken a cab to airport",2,2,5
"R_3wCWQztEFMuESAx","Eamon should report this to police",2,4,1
"R_3wCWQztEFMuESAx","Eamon should slow down",2,4,2
"R_3wCWQztEFMuESAx","Eamon should cross the driver ahead with caution",2,4,3
"R_3wCWQztEFMuESAx","Eamon should have taken another road",2,4,4
"R_3wCWQztEFMuESAx","Eamon should have stop the car and wait for sometime.",2,4,5
"R_3wCWQztEFMuESAx","Jeff stay patient and postpone his appointment",2,9,1
"R_3wCWQztEFMuESAx","Jeff should listen to his boss",2,9,2
"R_3wCWQztEFMuESAx","Jeff should contact his boss little bit earlier",2,9,3
"R_3wCWQztEFMuESAx","Jeff should stay patient and ask his boss why he is not picking calls",2,9,4
"R_3wCWQztEFMuESAx","Jeff should stay patient.",2,9,5
"R_17vAnhd7IcM0K3v","Flag down another driver to help get his car started",2,2,1
"R_17vAnhd7IcM0K3v","Stop another driver and offer to pay them to take him to the airport",2,2,2
"R_17vAnhd7IcM0K3v","Call a shareride",2,2,3
"R_17vAnhd7IcM0K3v","Miss the flight altogether",2,2,4
"R_17vAnhd7IcM0K3v","Call the airline to see if he can change get on a later flight",2,2,5
"R_17vAnhd7IcM0K3v","She could offer to purchase a ticket for Ted",2,3,1
"R_17vAnhd7IcM0K3v","She could wait for him to go home and get his ticket so they'll both miss most of the concert",2,3,2
"R_17vAnhd7IcM0K3v","She could find out if Ted could call someone to get into his house and bring him the ticket",2,3,3
"R_17vAnhd7IcM0K3v","She could go into the concert without Ted",2,3,4
"R_17vAnhd7IcM0K3v","She could choose to miss the concert, and they can both choose to do something else",2,3,5
"R_17vAnhd7IcM0K3v","Call Jeff to find out what time he'll arrive",2,9,1
"R_17vAnhd7IcM0K3v","Give Jeff a few minutes to see if he'll arrive soon",2,9,2
"R_17vAnhd7IcM0K3v","Leave a note for Jeff and lock up",2,9,3
"R_17vAnhd7IcM0K3v","Call his lawyer to let him know he's going to be late",2,9,4
"R_17vAnhd7IcM0K3v","Call his lawyer, notify him of his situation and see if he might be able to reschedule ",2,9,5
"R_3IPID3OvJ1BNufp","They should make a whatsapp group for fund raising ",2,1,1
"R_3IPID3OvJ1BNufp","They should raise the issue on social media platforms ",2,1,2
"R_3IPID3OvJ1BNufp","They should cut their expenses ",2,1,3
"R_3IPID3OvJ1BNufp","Increase savings ",2,1,4
"R_3IPID3OvJ1BNufp","Pray to God ",2,1,5
"R_3IPID3OvJ1BNufp","nothing ",2,2,1
"R_3IPID3OvJ1BNufp","wait ",2,2,2
"R_3IPID3OvJ1BNufp","watch movie",2,2,3
"R_3IPID3OvJ1BNufp","take rest ",2,2,4
"R_3IPID3OvJ1BNufp","get some coffee ",2,2,5
"R_3IPID3OvJ1BNufp","Slow the car ",2,4,1
"R_3IPID3OvJ1BNufp","Put on double Indicator ",2,4,2
"R_3IPID3OvJ1BNufp","Activelyexamine the his driving ",2,4,3
"R_3IPID3OvJ1BNufp","blow the horn ",2,4,4
"R_3IPID3OvJ1BNufp","Do not Ignore ",2,4,5
"R_72sGEqTvQKyRicF","Keep a safe distance",1,4,1
"R_72sGEqTvQKyRicF","Avoid passing in dangerous areas",1,4,2
"R_72sGEqTvQKyRicF","Call 911",1,4,3
"R_72sGEqTvQKyRicF","Signal intentions clearly:",1,4,4
"R_72sGEqTvQKyRicF","Stay alert for erratic behaviour",1,4,5
"R_72sGEqTvQKyRicF","Politely decline ",1,5,1
"R_72sGEqTvQKyRicF","Call a rider service",1,5,2
"R_72sGEqTvQKyRicF","Agree to give a ride",1,5,3
"R_72sGEqTvQKyRicF","Offer a shortest ride as an alternative ",1,5,4
"R_72sGEqTvQKyRicF","Ask for more information",1,5,5
"R_72sGEqTvQKyRicF","Alert the wedding planner ",1,8,1
"R_72sGEqTvQKyRicF","Send someone to retrieve the ring",1,8,2
"R_72sGEqTvQKyRicF","Use a backup ring",1,8,3
"R_72sGEqTvQKyRicF","Continue the ceremony without ring",1,8,4
"R_72sGEqTvQKyRicF","Remain calm ",1,8,5
"R_3TZbSUK6pjoBxp2","Ditch the line and call in a bomb threat, and leave the knife at home.",1,7,1
"R_3TZbSUK6pjoBxp2","Miss the flight and pay for another, if the knife costs more or is irreplaceable",1,7,2
"R_3TZbSUK6pjoBxp2","Payoff the TSA guy to ship it to your home or ignore it",1,7,3
"R_3TZbSUK6pjoBxp2","try to hide the knife in his bag somehow",1,7,4
"R_3TZbSUK6pjoBxp2","Give up the knife and chalk it up to his stupidity, maybe watch for it on ebay",1,7,5
"R_3TZbSUK6pjoBxp2","Call the cab company",1,8,1
"R_3TZbSUK6pjoBxp2","Call police and get a report started, let cab co know ur doing this. ",1,8,2
"R_3TZbSUK6pjoBxp2","Find some gold tinfoil and make some kind of ring for the ceremony",1,8,3
"R_3TZbSUK6pjoBxp2","Tell the bride & groom what happened & what you did so to remedy",1,8,4
"R_3TZbSUK6pjoBxp2","Offer to replace the ring at some later date if not found. ",1,8,5
"R_3TZbSUK6pjoBxp2","Court never starts at 8am, and nobody answers the phone before 8am, but I guess he should call the court and get an adjournment if possible",1,9,1
"R_3TZbSUK6pjoBxp2","Offer to do a screen time call or some kind of telepresence",1,9,2
"R_3TZbSUK6pjoBxp2","Call his attorney, if he has one and explain.",1,9,3
"R_3TZbSUK6pjoBxp2","I don't know if it's criminal or civil, if criminal, just skip court and explain later",1,9,4
"R_3TZbSUK6pjoBxp2","If civil he needs to weigh against his job, if it's civil for high settlement he should just lock the store and go. ",1,9,5
"R_3PyEZ8tqeoRu3J2","they could try a different drug store",2,1,1
"R_3PyEZ8tqeoRu3J2","they could ask for a generic brand if it did the same",2,1,2
"R_3PyEZ8tqeoRu3J2","they could ask around",2,1,3
"R_3PyEZ8tqeoRu3J2","they could talk to their doctor explaining they cannot afford it",2,1,4
"R_3PyEZ8tqeoRu3J2","they could ask to borrow money",2,1,5
"R_3PyEZ8tqeoRu3J2","he could maybe say, he is in a hurry and sorry he cannot take her",2,5,1
"R_3PyEZ8tqeoRu3J2","he could look at her and access the area to see if he's comfortable with giving her a ride ",2,5,2
"R_3PyEZ8tqeoRu3J2","he could offer her some spare cash to call a ride share ",2,5,3
"R_3PyEZ8tqeoRu3J2","he could direct her to a nearby bus stop ",2,5,4
"R_3PyEZ8tqeoRu3J2","trust his instincts ",2,5,5
"R_3PyEZ8tqeoRu3J2","she could look at the dog a little closer to see if it's okay",2,6,1
"R_3PyEZ8tqeoRu3J2","if the dog doesn't look good, she can report it",2,6,2
"R_3PyEZ8tqeoRu3J2","she could try to locate the owner ",2,6,3
"R_3PyEZ8tqeoRu3J2","look for security to maybe help locate owner ",2,6,4
"R_3PyEZ8tqeoRu3J2","she could stay with the dog until the owner returns ",2,6,5
"R_6CI5mU6EdnnCFpM","safety first, move to a safe location away from traffic",1,2,1
"R_6CI5mU6EdnnCFpM","call for roadside assistance",1,2,2
"R_6CI5mU6EdnnCFpM","use public transportation if nearby",1,2,3
"R_6CI5mU6EdnnCFpM","ask passerby for a ride ",1,2,4
"R_6CI5mU6EdnnCFpM","notify the airline and inform them about the situation and potential delay",1,2,5
"R_6CI5mU6EdnnCFpM","Inform the security personnel.",1,7,1
"R_6CI5mU6EdnnCFpM","Remove the knife and hand it over to the security.",1,7,2
"R_6CI5mU6EdnnCFpM","show chef credentials.",1,7,3
"R_6CI5mU6EdnnCFpM","dispose the knife.",1,7,4
"R_6CI5mU6EdnnCFpM","give to someone like giving it to airport staff to hold.",1,7,5
"R_6CI5mU6EdnnCFpM","Discreetly inform the best man or a trusted family member.",1,8,1
"R_6CI5mU6EdnnCFpM","Quickly assess if someone can retrieve the ring or send some to retrieve the ring.",1,8,2
"R_6CI5mU6EdnnCFpM","Use a substitute ring or placeholder.",1,8,3
"R_6CI5mU6EdnnCFpM","Delay the ceremony temporarily.",1,8,4
"R_6CI5mU6EdnnCFpM","Inform the wedding officiant. ",1,8,5
"R_3p51sIe0DUaY2zt","say no",2,5,1
"R_3p51sIe0DUaY2zt","give her money to get a taxi",2,5,2
"R_3p51sIe0DUaY2zt","ask a friend to ride along",2,5,3
"R_3p51sIe0DUaY2zt","say he will take her to the city he lives in",2,5,4
"R_3p51sIe0DUaY2zt","call an uber",2,5,5
"R_3p51sIe0DUaY2zt","open the door",2,6,1
"R_3p51sIe0DUaY2zt","roll down the window",2,6,2
"R_3p51sIe0DUaY2zt","look for the owner",2,6,3
"R_3p51sIe0DUaY2zt","call the police",2,6,4
"R_3p51sIe0DUaY2zt","break the window",2,6,5
"R_3p51sIe0DUaY2zt","find the taxi",2,8,1
"R_3p51sIe0DUaY2zt","tell the couple",2,8,2
"R_3p51sIe0DUaY2zt","delay the ceremony",2,8,3
"R_3p51sIe0DUaY2zt","have someone to find the taxi",2,8,4
"R_3p51sIe0DUaY2zt","tell the groom",2,8,5
"R_61GiVxUTAexRwSF","Heinz could contact the pharmacy or the drug manufacturer to ask for discounts, payment plans, or access to a patient assistance program.",2,1,1
"R_61GiVxUTAexRwSF","Heinz could reach out to loved ones to borrow money or request financial support for the medication.",2,1,2
"R_61GiVxUTAexRwSF","Heinz could look into nonprofit organizations, charities, or community programs that provide financial aid for medical expenses.",2,1,3
"R_61GiVxUTAexRwSF","Heinz could start an online crowdfunding campaign to raise money for the medication by sharing his story with a larger audience.",2,1,4
"R_61GiVxUTAexRwSF","Heinz could discuss the situation with his wife’s doctor to see if there are alternative treatments, generic versions, or samples that could be provided temporarily.",2,1,5
"R_61GiVxUTAexRwSF","Josh could contact a towing service to get his car towed to a nearby repair shop or the airport, depending on the urgency of the situation.",2,2,1
"R_61GiVxUTAexRwSF","Josh could use his phone to order a taxi or ride-sharing service (e.g., Uber or Lyft) to take him to the airport quickly.",2,2,2
"R_61GiVxUTAexRwSF","Josh could call the airline to inform them about his situation and see if they can hold his flight or accommodate him on a later one if he is delayed.",2,2,3
"R_61GiVxUTAexRwSF","Josh could ask nearby drivers for assistance, such as using their phone to call a taxi or offering a lift to the airport.",2,2,4
"R_61GiVxUTAexRwSF","If Josh has a roadside assistance service like AAA, he could call them for help, whether it's fixing the car temporarily or arranging for a ride to the airport.",2,2,5
"R_61GiVxUTAexRwSF","Erica could go back into the mall and ask mall security or store employees to make an announcement over the loudspeaker to locate the car owner.",2,6,1
"R_61GiVxUTAexRwSF","Erica could contact animal control or the non-emergency police line to report the situation and request assistance.",2,6,2
"R_61GiVxUTAexRwSF","Erica could stay by the car to monitor the dog and wait for the owner or authorities to arrive.",2,6,3
"R_61GiVxUTAexRwSF","Erica could use a piece of clothing, a shopping bag, or another object to shield the dog from direct sunlight while waiting for help.",2,6,4
"R_61GiVxUTAexRwSF","If the dog appears to be in immediate danger of overheating and no help is arriving, Erica could break the car window to rescue the dog, but only if it is legal in her jurisdiction and she is prepared to explain her actions.",2,6,5
"R_3wdw3gEcVFqSsI7","Josh can contact a tow truck or roadside assistance",1,2,1
"R_3wdw3gEcVFqSsI7","Josh could use a ridesharing app",1,2,2
"R_3wdw3gEcVFqSsI7","Ask for help from a passerby",1,2,3
"R_3wdw3gEcVFqSsI7"," Josh should inform the airline about the situation to see if there are options to rebook or adjust his flight if he suspects he’ll miss it.",1,2,4
"R_3wdw3gEcVFqSsI7","Josh could explore nearby buses, shuttles, or other forms of public transportation to reach the airport.",1,2,5
"R_3wdw3gEcVFqSsI7","Assess the severity",1,6,1
"R_3wdw3gEcVFqSsI7","Locate the owner",1,6,2
"R_3wdw3gEcVFqSsI7","Call for help",1,6,3
"R_3wdw3gEcVFqSsI7"," Take photos or videos of the car, the license plate, and the dog’s condition as evidence in case intervention is needed or legal action arises.",1,6,4
"R_3wdw3gEcVFqSsI7","If the dog appears to be in immediate danger and no help is forthcoming, Erica might consider taking action, such as finding a way to provide ventilation or water.",1,6,5
"R_3wdw3gEcVFqSsI7","Daniel could quietly inform the bride's or groom's family member",1,8,1
"R_3wdw3gEcVFqSsI7","He could quickly check his surrounding.",1,8,2
"R_3wdw3gEcVFqSsI7","He could ask someone to retrieve the ring.",1,8,3
"R_3wdw3gEcVFqSsI7","If the ring cannot be retrieved in time, Daniel or someone else could suggest using a substitute ring",1,8,4
"R_3wdw3gEcVFqSsI7","He could focus on the ceremony and resolve it later.",1,8,5
"R_3fqVV7nKwu7T06u","Might decide to give up her ticket",2,3,1
"R_3fqVV7nKwu7T06u","She might decide that they both go home ",2,3,2
"R_3fqVV7nKwu7T06u","She might decide to take the lead while her friend goes for her ticket",2,3,3
"R_3fqVV7nKwu7T06u","She might try to see if they can purchase an extra ticket at the gate",2,3,4
"R_3fqVV7nKwu7T06u","She will try to see if they can get someone who will give up his ticket for a higher amount ",2,3,5
"R_3fqVV7nKwu7T06u","He might honk at him a several times",2,4,1
"R_3fqVV7nKwu7T06u","He will decide to get out of his car help him",2,4,2
"R_3fqVV7nKwu7T06u","he will call to come and help",2,4,3
"R_3fqVV7nKwu7T06u","he might be angry at the driver",2,4,4
"R_3fqVV7nKwu7T06u","Probably call the cops",2,4,5
"R_3fqVV7nKwu7T06u","Cameron might decide not to give the ride",2,5,1
"R_3fqVV7nKwu7T06u","Cameron might decide to give her the ride",2,5,2
"R_3fqVV7nKwu7T06u","Cameron will ask some questions ",2,5,3
"R_3fqVV7nKwu7T06u","Cameron will think through it",2,5,4
"R_3fqVV7nKwu7T06u","Cameron will check if he actually knows where the woman is going",2,5,5
"R_6k66YXQ58YnUgwc","Call for roadside assistance",2,2,1
"R_6k66YXQ58YnUgwc","Call the airport and airline and inform them about his situation",2,2,2
"R_6k66YXQ58YnUgwc","Use public transportation if available",2,2,3
"R_6k66YXQ58YnUgwc","Call a friend or family member for help",2,2,4
"R_6k66YXQ58YnUgwc","Consider a taxi or shuttle service if available",2,2,5
"R_6k66YXQ58YnUgwc","Inform the security immediately",2,7,1
"R_6k66YXQ58YnUgwc","Check if there's a designated area for knives",2,7,2
"R_6k66YXQ58YnUgwc","Consider checking if the bag in his luggage is accepted by the airline",2,7,3
"R_6k66YXQ58YnUgwc","Prepare to surrender the knife if it is deemed prohibited by the airline",2,7,4
"R_6k66YXQ58YnUgwc","Call his colleagues for assistance",2,7,5
"R_6k66YXQ58YnUgwc","Panic and inform the wedding party",2,8,1
"R_6k66YXQ58YnUgwc","Send someone to retrieve the ring",2,8,2
"R_6k66YXQ58YnUgwc","Improvise with a temporary ring",2,8,3
"R_6k66YXQ58YnUgwc","Delay the ceremony",2,8,4
"R_6k66YXQ58YnUgwc","Making use of a ring that belongs to another family for the main time.",2,8,5
"R_325oPaz7SElRR4t","he could call a tow truck",2,2,1
"R_325oPaz7SElRR4t","he could call an uber",2,2,2
"R_325oPaz7SElRR4t","he could call a friend ",2,2,3
"R_325oPaz7SElRR4t","he could call the airport to try for another flight",2,2,4
"R_325oPaz7SElRR4t","He could give up the trip altogether",2,2,5
"R_325oPaz7SElRR4t","Call the mall security",2,6,1
"R_325oPaz7SElRR4t","Call the police",2,6,2
"R_325oPaz7SElRR4t","break the window",2,6,3
"R_325oPaz7SElRR4t","do nothing",2,6,4
"R_325oPaz7SElRR4t","open the door and give water",2,6,5
"R_325oPaz7SElRR4t","Call the taxi company",2,8,1
"R_325oPaz7SElRR4t","go buy a replacement ring",2,8,2
"R_325oPaz7SElRR4t","send someone to go get the ring",2,8,3
"R_325oPaz7SElRR4t","use someone eles ring",2,8,4
"R_325oPaz7SElRR4t","possibly continue without the ring",2,8,5
"R_316ZRMJghIPfHCG","Get a taxi",1,2,1
"R_316ZRMJghIPfHCG","Find an auto mechanics",1,2,2
"R_316ZRMJghIPfHCG","Walk to catch his flight",1,2,3
"R_316ZRMJghIPfHCG","Also fix it himself if he only can",1,2,4
"R_316ZRMJghIPfHCG","Restart the car to identify the trouble",1,2,5
"R_316ZRMJghIPfHCG","Leave it in a dustbin",1,7,1
"R_316ZRMJghIPfHCG","Throw it away and get a new one",1,7,2
"R_316ZRMJghIPfHCG","Hide it in a secret clothes ",1,7,3
"R_316ZRMJghIPfHCG","Tell them you are a chef so you must need it",1,7,4
"R_316ZRMJghIPfHCG","Convince them",1,7,5
"R_316ZRMJghIPfHCG","Give him a text message",1,9,1
"R_316ZRMJghIPfHCG","Leave him a voice note ",1,9,2
"R_316ZRMJghIPfHCG","Call a trustworthy friend to look after the store",1,9,3
"R_316ZRMJghIPfHCG","Close the store and also leave a message for him",1,9,4
"R_316ZRMJghIPfHCG","Get one of your siblings to watch the store",1,9,5
"R_52JBySUdttrVTi0","Contact the pharmaceutical company for patient assistance programs",1,1,1
"R_52JBySUdttrVTi0","Look into crowdfunding or fundraising",1,1,2
"R_52JBySUdttrVTi0","Ask the doctor for alternative medications or solutions",1,1,3
"R_52JBySUdttrVTi0","Seek financial assistance from charities or nonprofit organizations",1,1,4
"R_52JBySUdttrVTi0","Negotiate with the pharmacy or explore payment plans",1,1,5
"R_52JBySUdttrVTi0","Check if the venue offers ticket reprints or digital access ",1,3,1
"R_52JBySUdttrVTi0","Look for a ticket resale option ",1,3,2
"R_52JBySUdttrVTi0","Contact the event organizers for help",1,3,3
"R_52JBySUdttrVTi0","Suggest he stay and enjoy part of the concert ",1,3,4
"R_52JBySUdttrVTi0","Check if Ted can get in with ID or a name on the ticket ",1,3,5
"R_52JBySUdttrVTi0","Assess Safety and Trustworthiness",1,5,1
"R_52JBySUdttrVTi0","Offer to Help in Other Ways (e.g., Call a Ride Service)",1,5,2
"R_52JBySUdttrVTi0","Ask for More Details about Her Situation",1,5,3
"R_52JBySUdttrVTi0","Offer to Drive Partway or Suggest a Different Meeting Spot",1,5,4
"R_52JBySUdttrVTi0","Decline Politely and Stick to His Plans",1,5,5
"R_1JlXAFjunLfNJ1T","Flash Lights to driver ",1,4,1
"R_1JlXAFjunLfNJ1T","Blow horn",1,4,2
"R_1JlXAFjunLfNJ1T","Signal driver to pull over",1,4,3
"R_1JlXAFjunLfNJ1T","Contact Police",1,4,4
"R_1JlXAFjunLfNJ1T","Speed up to Avoid Driver",1,4,5
"R_1JlXAFjunLfNJ1T","Check if the car doors are unlocked",1,6,1
"R_1JlXAFjunLfNJ1T","Try and locate the dogs owner",1,6,2
"R_1JlXAFjunLfNJ1T","Call police",1,6,3
"R_1JlXAFjunLfNJ1T","Break Car window",1,6,4
"R_1JlXAFjunLfNJ1T","Mind her own business",1,6,5
"R_1JlXAFjunLfNJ1T","Try to see if anyone else that works at the store is available.",1,9,1
"R_1JlXAFjunLfNJ1T","Try to contact person he has appointment with to reschedule",1,9,2
"R_1JlXAFjunLfNJ1T","Temporarily Close the store",1,9,3
"R_1JlXAFjunLfNJ1T","Leave message on Boss phone with issue and his solution",1,9,4
"R_1JlXAFjunLfNJ1T","Come back to store after appointment",1,9,5
"R_3plErBG0o99AMKZ","Buy a ticket for him at the concert ticket window",1,3,1
"R_3plErBG0o99AMKZ","Buy a ticket for him from a scalper",1,3,2
"R_3plErBG0o99AMKZ","Tells Ted she'll go in alone",1,3,3
"R_3plErBG0o99AMKZ","Both leave and miss the concert",1,3,4
"R_3plErBG0o99AMKZ","Ted sneaks in through the fire exit",1,3,5
"R_3plErBG0o99AMKZ","Look for the owner",1,6,1
"R_3plErBG0o99AMKZ","Call the police",1,6,2
"R_3plErBG0o99AMKZ","Call the SPCA",1,6,3
"R_3plErBG0o99AMKZ","Try and open the door",1,6,4
"R_3plErBG0o99AMKZ","Break a car window to save the dog",1,6,5
"R_3plErBG0o99AMKZ","Keep calling his boss",1,9,1
"R_3plErBG0o99AMKZ","Change the court appointment",1,9,2
"R_3plErBG0o99AMKZ","Call the boss's wife and tell her the problem",1,9,3
"R_3plErBG0o99AMKZ","Lock up the store and attend court",1,9,4
"R_3plErBG0o99AMKZ","Wait and see if the boss shows up",1,9,5
"R_5K2uhJmpmm5NO58","Call family or friend to pick him up to take him to the airport who will then have his car towed",2,2,1
"R_5K2uhJmpmm5NO58","Call a tow truck to have his car taken to a garage. Then call for an uber or cab.",2,2,2
"R_5K2uhJmpmm5NO58","Call the airline and try to have his flight changed while waiting for his car to get towed..",2,2,3
"R_5K2uhJmpmm5NO58","Cancel his flight plans and have his car taken to the garage.",2,2,4
"R_5K2uhJmpmm5NO58","Abandon his car and find transportation to the airport.",2,2,5
"R_5K2uhJmpmm5NO58","Attempt to locate the owner and have them rectify the issue.",2,6,1
"R_5K2uhJmpmm5NO58","Call the police and alert them to the matter.",2,6,2
"R_5K2uhJmpmm5NO58","Call mall security and have them deal with the problem.",2,6,3
"R_5K2uhJmpmm5NO58","Try to find ways to block the sunlight from falling directly onto the car.",2,6,4
"R_5K2uhJmpmm5NO58","Check if one of the doors are unlocked and try to manually roll down a window depending on the car.",2,6,5
"R_5K2uhJmpmm5NO58","Throw away the knife in a designated waste basket.",2,7,1
"R_5K2uhJmpmm5NO58","Go back to check-in and see if it's possible to check-in the knife with his luggage.",2,7,2
"R_5K2uhJmpmm5NO58","Check with staff for advice as to how to handle the matter.",2,7,3
"R_5K2uhJmpmm5NO58","Leave the line, call a friend and have them hold onto the knife until he returns from the festival.",2,7,4
"R_5K2uhJmpmm5NO58","See if the airport has a way to mail his knife to either his home or to Chicago.",2,7,5
"R_53V45FDrHSBpukV","Pawn items in order to pay for meds",2,1,1
"R_53V45FDrHSBpukV","Ask to borrow money from a friend",2,1,2
"R_53V45FDrHSBpukV","apply for a credit card",2,1,3
"R_53V45FDrHSBpukV","apply for a small loan",2,1,4
"R_53V45FDrHSBpukV","seek out black market for the meds",2,1,5
"R_53V45FDrHSBpukV","Slow down to put more space between the vehicles",2,4,1
"R_53V45FDrHSBpukV","Pull over to the shoulder for a bit",2,4,2
"R_53V45FDrHSBpukV","After pulling over, call the police to report the driver",2,4,3
"R_53V45FDrHSBpukV","Take a different route home (turn off this road)",2,4,4
"R_53V45FDrHSBpukV","Accelerate to pass the vehicle (bad idea!!)",2,4,5
"R_53V45FDrHSBpukV","Fess up immediately",2,8,1
"R_53V45FDrHSBpukV","Apologize profusely",2,8,2
"R_53V45FDrHSBpukV","If he has a ring of his own, offer to have them use it to finish the ceremony",2,8,3
"R_53V45FDrHSBpukV","If he doesn't have a ring of his own to loan, find someone who does",2,8,4
"R_53V45FDrHSBpukV","Run out and call the cab company",2,8,5
"R_5Cd0igekmrN0cG5","Call roadside assistance.",2,2,1
"R_5Cd0igekmrN0cG5","Use a ride-sharing app.",2,2,2
"R_5Cd0igekmrN0cG5","Contact the airline.",2,2,3
"R_5Cd0igekmrN0cG5","Hail a taxi.",2,2,4
"R_5Cd0igekmrN0cG5","Seek help from passing motorists.",2,2,5
"R_5Cd0igekmrN0cG5","Reschedule the Concert",2,3,1
"R_5Cd0igekmrN0cG5","Try to Enter Without a Ticket",2,3,2
"R_5Cd0igekmrN0cG5","Use Social Media",2,3,3
"R_5Cd0igekmrN0cG5","Contact the Venue",2,3,4
"R_5Cd0igekmrN0cG5","Explore Online Ticket Resal",2,3,5
"R_5Cd0igekmrN0cG5","Inform the Wedding Planner.",2,8,1
"R_5Cd0igekmrN0cG5","Contact the Taxi Service.",2,8,2
"R_5Cd0igekmrN0cG5","Search the Venue.",2,8,3
"R_5Cd0igekmrN0cG5","Borrow a Ring.",2,8,4
"R_5Cd0igekmrN0cG5","Purchase a Replacement Ring.",2,8,5
"R_7hcCmfBjloGjeY9","call 911 to take care of it",1,4,1
"R_7hcCmfBjloGjeY9","call 911 but follow driver closely until 911 takes care of it",1,4,2
"R_7hcCmfBjloGjeY9","avoid car by taking a different route",1,4,3
"R_7hcCmfBjloGjeY9","pull in front of car to stop it",1,4,4
"R_7hcCmfBjloGjeY9","beep at car to stop it",1,4,5
"R_7hcCmfBjloGjeY9","give the woman a ride",1,5,1
"R_7hcCmfBjloGjeY9","order the woman an uber/lyft/ride-sharing service",1,5,2
"R_7hcCmfBjloGjeY9","help the woman order an uber/lyft/ride-sharing service",1,5,3
"R_7hcCmfBjloGjeY9","give the woman a ride to a public transportation station",1,5,4
"R_7hcCmfBjloGjeY9","not help the woman at all",1,5,5
"R_7hcCmfBjloGjeY9","not say anything and risk security finding it",1,7,1
"R_7hcCmfBjloGjeY9","explain to security his mistake",1,7,2
"R_7hcCmfBjloGjeY9","better hide it so that it is not discovered by security",1,7,3
"R_7hcCmfBjloGjeY9","call a friend to come pick it up",1,7,4
"R_7hcCmfBjloGjeY9","plant it in someone else's bag for discovery then steal it back",1,7,5
"R_7y4gmVfTEK1zk6l","Call Uber/ taxi ",1,2,1
"R_7y4gmVfTEK1zk6l","hitchhike",1,2,2
"R_7y4gmVfTEK1zk6l","cancel ticket",1,2,3
"R_7y4gmVfTEK1zk6l","Try to quickly repair vehicle",1,2,4
"R_7y4gmVfTEK1zk6l","Ask nearby friend/ family for a ride",1,2,5
"R_7y4gmVfTEK1zk6l","Pull over",1,4,1
"R_7y4gmVfTEK1zk6l","Chill out on the side of the road",1,4,2
"R_7y4gmVfTEK1zk6l","Call the police",1,4,3
"R_7y4gmVfTEK1zk6l","call ambulance for help",1,4,4
"R_7y4gmVfTEK1zk6l","Call family memebr",1,4,5
"R_7y4gmVfTEK1zk6l","Decline",1,5,1
"R_7y4gmVfTEK1zk6l","Give her a ride",1,5,2
"R_7y4gmVfTEK1zk6l","Refer her to the nearest bus station",1,5,3
"R_7y4gmVfTEK1zk6l","Call her an uber",1,5,4
"R_7y4gmVfTEK1zk6l","Suggest that she ask someone else",1,5,5
"R_11u8lFJDCIDjOHx","borrow money from friends and relatives",1,1,1
"R_11u8lFJDCIDjOHx","ask for a loan",1,1,2
"R_11u8lFJDCIDjOHx","look for alternative",1,1,3
"R_11u8lFJDCIDjOHx","ask for assistance",1,1,4
"R_11u8lFJDCIDjOHx","buy the ones he can",1,1,5
"R_11u8lFJDCIDjOHx","call for help",1,2,1
"R_11u8lFJDCIDjOHx","change the flight time",1,2,2
"R_11u8lFJDCIDjOHx","look onto the problem",1,2,3
"R_11u8lFJDCIDjOHx","look for alternative",1,2,4
"R_11u8lFJDCIDjOHx","postphone",1,2,5
"R_11u8lFJDCIDjOHx","Ask her quetions",1,5,1
"R_11u8lFJDCIDjOHx","greet the lady",1,5,2
"R_11u8lFJDCIDjOHx","have a talk",1,5,3
"R_11u8lFJDCIDjOHx","examine her by looking her keenly",1,5,4
"R_11u8lFJDCIDjOHx","drive her to the city",1,5,5
"R_6EaRLOS4p3QbXs6","Reach out to the pharmaceutical company that manufactures the medication to see if they offer any financial assistance programs or discounts.",1,1,1
"R_6EaRLOS4p3QbXs6"," Contact local non-profit organizations or charities that provide financial assistance for medical expenses to see if they can provide any help.",1,1,2
"R_6EaRLOS4p3QbXs6","Set up a crowdfunding campaign to raise money from friends, family, and community members to help cover the cost of the medication.",1,1,3
"R_6EaRLOS4p3QbXs6","Negotiate with the hospital or pharmacy to see if they can offer a payment plan or temporary financial assistance.",1,1,4
"R_6EaRLOS4p3QbXs6","Look into government programs or public assistance options that may be available to help cover the cost of the medication.",1,1,5
"R_6EaRLOS4p3QbXs6","He could call a taxi to take him to the airport.",1,2,1
"R_6EaRLOS4p3QbXs6","He could call the airline to inform them of the situation and ask for assistance.",1,2,2
"R_6EaRLOS4p3QbXs6","Try to flag down a pedestrian to ask for help or a ride.",1,2,3
"R_6EaRLOS4p3QbXs6","He could call a tow truck to take his car to a nearby repair shop, and then find alternative transportation to the airport.",1,2,4
"R_6EaRLOS4p3QbXs6","Call a friend or family member to see if they can give him a ride to the airport.",1,2,5
"R_6EaRLOS4p3QbXs6","Discreetly inform the wedding officiant or the best man about the missing ring.",1,8,1
"R_6EaRLOS4p3QbXs6","Try to find a way to communicate with the taxi company to see if the ring has been found.",1,8,2
"R_6EaRLOS4p3QbXs6","Offer to temporarily delay the ceremony.",1,8,3
"R_6EaRLOS4p3QbXs6","Find an alternative way to retrieve the ring.",1,8,4
"R_6EaRLOS4p3QbXs6","Suggest using a substitute ring or a placeholder for the ceremony, and then exchange the actual rings later.",1,8,5
"R_6rDIPY1kPprneQi","Loan Ted the money for a new ticket.",1,3,1
"R_6rDIPY1kPprneQi","Let off the other friends at the concert and take Ted back home.",1,3,2
"R_6rDIPY1kPprneQi","Call and have someone bring Ted's ticket to him.",1,3,3
"R_6rDIPY1kPprneQi","Miss the concert and stay with Ted.",1,3,4
"R_6rDIPY1kPprneQi","Go to dinner with Ted instead of the concert.",1,3,5
"R_6rDIPY1kPprneQi","Call police.",1,6,1
"R_6rDIPY1kPprneQi","Get help from the mall.",1,6,2
"R_6rDIPY1kPprneQi","Get someone to unlock the door.",1,6,3
"R_6rDIPY1kPprneQi","Break a window so she could get the dog out.",1,6,4
"R_6rDIPY1kPprneQi","Summon the mall guard.",1,6,5
"R_6rDIPY1kPprneQi","Lock the store and go to the court appointment.",1,9,1
"R_6rDIPY1kPprneQi","Call someone else to take his place at the store until the boss comes.",1,9,2
"R_6rDIPY1kPprneQi","Try to call someone at the court.",1,9,3
"R_6rDIPY1kPprneQi","Postpone his appointment if he can.",1,9,4
"R_6rDIPY1kPprneQi","Miss the appointment and hope nothing bad happens.",1,9,5
"R_2I3GLk4ENruE9Vg","Politely decline the request.",1,5,1
"R_2I3GLk4ENruE9Vg","Offer to help in another way.",1,5,2
"R_2I3GLk4ENruE9Vg","Assess the situation and trust his instincts.",1,5,3
"R_2I3GLk4ENruE9Vg","Offer a short ride to a nearby location.",1,5,4
"R_2I3GLk4ENruE9Vg","Check for a public or shared ride option.",1,5,5
"R_2I3GLk4ENruE9Vg"," Signal to a trusted person for help.",1,8,1
"R_2I3GLk4ENruE9Vg","Contact the taxi driver.",1,8,2
"R_2I3GLk4ENruE9Vg","Stay calm and conceal the situation.",1,8,3
"R_2I3GLk4ENruE9Vg","Ask for a backup ring.",1,8,4
"R_2I3GLk4ENruE9Vg","Delegate someone to handle the situation quietly.",1,8,5
"R_2I3GLk4ENruE9Vg","Call the boss again and leave a message.",1,9,1
"R_2I3GLk4ENruE9Vg"," Call a co-worker for help.",1,9,2
"R_2I3GLk4ENruE9Vg","Contact the owner’s emergency contact.",1,9,3
"R_2I3GLk4ENruE9Vg","Lock the store and leave a note.",1,9,4
"R_2I3GLk4ENruE9Vg","Inform the customers and seek assistance from neighbors",1,9,5
"R_5dmajywumMb7QnU","Sell any of his valuable properties ",1,1,1
"R_5dmajywumMb7QnU","Beg friends for assistance ",1,1,2
"R_5dmajywumMb7QnU","Plead with family for assistance ",1,1,3
"R_5dmajywumMb7QnU","Beg church people for donation ",1,1,4
"R_5dmajywumMb7QnU","Plead for fundraising ",1,1,5
"R_5dmajywumMb7QnU","Book an uber",1,2,1
"R_5dmajywumMb7QnU","Look for a ride",1,2,2
"R_5dmajywumMb7QnU","Call a mechanic",1,2,3
"R_5dmajywumMb7QnU","Look for any available bus",1,2,4
"R_5dmajywumMb7QnU","Beg any available car for a ride",1,2,5
"R_5dmajywumMb7QnU","Put it in his bag",1,7,1
"R_5dmajywumMb7QnU","Do not bring it out",1,7,2
"R_5dmajywumMb7QnU","Look for where to get knife",1,7,3
"R_5dmajywumMb7QnU","Check nearest shop",1,7,4
"R_5dmajywumMb7QnU","Look for who has knife",1,7,5
"R_5qIbmcmlSBbB56x","Stay Calm and Avoid Provoking the Driver",1,4,1
"R_5qIbmcmlSBbB56x","Call 911 or Local Authorities",1,4,2
"R_5qIbmcmlSBbB56x","Avoid Overtaking Until Safe",1,4,3
"R_5qIbmcmlSBbB56x","Maintain a Safe Distance",1,4,4
"R_5qIbmcmlSBbB56x","Look for a Safe Place to Pull Over (If Needed)",1,4,5
"R_5qIbmcmlSBbB56x","Ask Someone to Retrieve the Ring",1,8,1
"R_5qIbmcmlSBbB56x","Notify the Officiant or Wedding Planner",1,8,2
"R_5qIbmcmlSBbB56x","Contact the Taxi Driver",1,8,3
"R_5qIbmcmlSBbB56x","Stay Calm and Discreet",1,8,4
"R_5qIbmcmlSBbB56x","Use a Substitute Ring or Object for the Ceremony",1,8,5
"R_5qIbmcmlSBbB56x","Call or Text the Boss Multiple Times",1,9,1
"R_5qIbmcmlSBbB56x","Contact a Co-worker or Backup",1,9,2
"R_5qIbmcmlSBbB56x","Inform Customers of the Delay",1,9,3
"R_5qIbmcmlSBbB56x","Close the Store Temporarily (If Possible)",1,9,4
"R_5qIbmcmlSBbB56x","Alert a Family Member or Friend",1,9,5
"R_2JL3TNOcc14UDXz","Call an uber",2,2,1
"R_2JL3TNOcc14UDXz","Ask for help from a passerby ",2,2,2
"R_2JL3TNOcc14UDXz","Call a friend to pick him up",2,2,3
"R_2JL3TNOcc14UDXz","Reschedule the flight",2,2,4
"R_2JL3TNOcc14UDXz","Loose the flight and not travel again",2,2,5
"R_2JL3TNOcc14UDXz","Call 911",2,4,1
"R_2JL3TNOcc14UDXz","Protect himself",2,4,2
"R_2JL3TNOcc14UDXz","Stop his own car",2,4,3
"R_2JL3TNOcc14UDXz","Drive at the other lane",2,4,4
"R_2JL3TNOcc14UDXz","Ignore the incident",2,4,5
"R_2JL3TNOcc14UDXz","Help the woman",2,5,1
"R_2JL3TNOcc14UDXz","Lie about his direction",2,5,2
"R_2JL3TNOcc14UDXz","Tell the woman he can not help her",2,5,3
"R_2JL3TNOcc14UDXz","Act dumb",2,5,4
"R_2JL3TNOcc14UDXz","Ignore the woman",2,5,5
"R_3pBhiBfoQjMZ2V3","Use electronic method",1,3,1
"R_3pBhiBfoQjMZ2V3"," Sneak in",1,3,2
"R_3pBhiBfoQjMZ2V3","Quickly befriend the band and get on the guest list",1,3,3
"R_3pBhiBfoQjMZ2V3","Leave the concert and do something else",1,3,4
"R_3pBhiBfoQjMZ2V3","Go back for the tickets",1,3,5
"R_3pBhiBfoQjMZ2V3","Take her the whole way",1,5,1
"R_3pBhiBfoQjMZ2V3","Take her part of the way",1,5,2
"R_3pBhiBfoQjMZ2V3","Tell her he can't do it",1,5,3
"R_3pBhiBfoQjMZ2V3","Pay for an uber",1,5,4
"R_3pBhiBfoQjMZ2V3","Give her a bike",1,5,5
"R_3pBhiBfoQjMZ2V3","Keep phoning his boss",1,9,1
"R_3pBhiBfoQjMZ2V3","Call a coworker",1,9,2
"R_3pBhiBfoQjMZ2V3","Shut down the store and leave",1,9,3
"R_3pBhiBfoQjMZ2V3","Call his lawyer",1,9,4
"R_3pBhiBfoQjMZ2V3","Quit his job",1,9,5
"R_3WI3O9L8FKzGeo9","Check for Ticket Solutions at the Venue",2,3,1
"R_3WI3O9L8FKzGeo9","Offer to Go Back for the Ticket",2,3,2
"R_3WI3O9L8FKzGeo9","Look for an Online Ticket Option",2,3,3
"R_3WI3O9L8FKzGeo9","See If Ted Can Buy a New Ticket",2,3,4
"R_3WI3O9L8FKzGeo9","Make the Best of the Situation",2,3,5
"R_3WI3O9L8FKzGeo9","Avoid Overtaking in an Unsafe Way",2,4,1
"R_3WI3O9L8FKzGeo9","Alert Authorities",2,4,2
"R_3WI3O9L8FKzGeo9","Stay Calm and Observant",2,4,3
"R_3WI3O9L8FKzGeo9","Pull Over and Wait:",2,4,4
"R_3WI3O9L8FKzGeo9","Maintain a Safe Distance",2,4,5
"R_3WI3O9L8FKzGeo9","Politely Decline",2,5,1
"R_3WI3O9L8FKzGeo9","Offer Alternative Help",2,5,2
"R_3WI3O9L8FKzGeo9","Assess the Situation",2,5,3
"R_3WI3O9L8FKzGeo9","Offer to Call a Rideshare",2,5,4
"R_3WI3O9L8FKzGeo9","Trust His Gut",2,5,5
"R_5Cye5rvDuqKReQJ","Call a friend",1,2,1
"R_5Cye5rvDuqKReQJ","cry",1,2,2
"R_5Cye5rvDuqKReQJ","fix it himself",1,2,3
"R_5Cye5rvDuqKReQJ","call a tow truck",1,2,4
"R_5Cye5rvDuqKReQJ","flag down a motorist for help",1,2,5
"R_5Cye5rvDuqKReQJ","help her",1,5,1
"R_5Cye5rvDuqKReQJ","answer her question",1,5,2
"R_5Cye5rvDuqKReQJ","ignore her",1,5,3
"R_5Cye5rvDuqKReQJ","be nice",1,5,4
"R_5Cye5rvDuqKReQJ","offer her to follow him",1,5,5
"R_5Cye5rvDuqKReQJ","get mad",1,9,1
"R_5Cye5rvDuqKReQJ","quit",1,9,2
"R_5Cye5rvDuqKReQJ","scream at his boss",1,9,3
"R_5Cye5rvDuqKReQJ","be calm",1,9,4
"R_5Cye5rvDuqKReQJ","relax",1,9,5
"R_1gRsz8apkxehTES","borrow money",2,1,1
"R_1gRsz8apkxehTES","steal money",2,1,2
"R_1gRsz8apkxehTES","pawn valuables",2,1,3
"R_1gRsz8apkxehTES","mortgage the house",2,1,4
"R_1gRsz8apkxehTES","setup a go fund me",2,1,5
"R_1gRsz8apkxehTES","Offer to buy him a ticket",2,3,1
"R_1gRsz8apkxehTES","give the keys to Ted and risk it",2,3,2
"R_1gRsz8apkxehTES","not go to the concert to be with Ted",2,3,3
"R_1gRsz8apkxehTES","Go to the concert anyway",2,3,4
"R_1gRsz8apkxehTES","sell your ticket and skip the concert with Ted",2,3,5
"R_1gRsz8apkxehTES","give her a ride",2,5,1
"R_1gRsz8apkxehTES","decline ",2,5,2
"R_1gRsz8apkxehTES","decline and say you are going the other way",2,5,3
"R_1gRsz8apkxehTES","decline you have lunch plans with coworker",2,5,4
"R_1gRsz8apkxehTES","decline and say you are running late",2,5,5
"R_5Ldu5Sj0J03MiIu","Calling his car's insurance",1,2,1
"R_5Ldu5Sj0J03MiIu","Securing his car",1,2,2
"R_5Ldu5Sj0J03MiIu","Calling someone for his/her help ",1,2,3
"R_5Ldu5Sj0J03MiIu","Checking his luggage ",1,2,4
"R_5Ldu5Sj0J03MiIu","Taking a taxi",1,2,5
"R_5Ldu5Sj0J03MiIu","Asking him if he would like to buy another ticket",1,3,1
"R_5Ldu5Sj0J03MiIu","Telling him that a little is more than nothing if he would return to his house for his ticket",1,3,2
"R_5Ldu5Sj0J03MiIu","Telling him about this concert later ",1,3,3
"R_5Ldu5Sj0J03MiIu","Taking another concert with him ",1,3,4
"R_5Ldu5Sj0J03MiIu","Remind him about his mistake ",1,3,5
"R_5Ldu5Sj0J03MiIu","Texting his boss about what he will do and its reason",1,9,1
"R_5Ldu5Sj0J03MiIu","Securing the store",1,9,2
"R_5Ldu5Sj0J03MiIu","Taking his appointment on time",1,9,3
"R_5Ldu5Sj0J03MiIu","Coming back the store as soon as possible ",1,9,4
"R_5Ldu5Sj0J03MiIu","Helping his boss something else later",1,9,5
"R_3jTHlloF0CcCinm","say he will do it but ask for gas money",1,5,1
"R_3jTHlloF0CcCinm","decline",1,5,2
"R_3jTHlloF0CcCinm","call someone who is going that way",1,5,3
"R_3jTHlloF0CcCinm","get an uber",1,5,4
"R_3jTHlloF0CcCinm","drive until his destination and drop her off so she can hitch a ride",1,5,5
"R_3jTHlloF0CcCinm","call security of the mall",1,6,1
"R_3jTHlloF0CcCinm","call animal control",1,6,2
"R_3jTHlloF0CcCinm","call the police",1,6,3
"R_3jTHlloF0CcCinm","leave the doggie",1,6,4
"R_3jTHlloF0CcCinm","break the window",1,6,5
"R_3jTHlloF0CcCinm","tell someone as soon as possible",1,8,1
"R_3jTHlloF0CcCinm","call the taxi company",1,8,2
"R_3jTHlloF0CcCinm","go outside to see if the taxi came back",1,8,3
"R_3jTHlloF0CcCinm","cry",1,8,4
"R_3jTHlloF0CcCinm","apologize",1,8,5
"R_3yeGLkSRIO8FnVq","Keep a safe distance from the car and avoid getting too close.",1,4,1
"R_3yeGLkSRIO8FnVq","Try to safely pass the car if there’s a clear opportunity to do so.",1,4,2
"R_3yeGLkSRIO8FnVq","Call 911 to report the suspected intoxicated driver.",1,4,3
"R_3yeGLkSRIO8FnVq","Keep an eye on the car’s movements and provide the dispatcher with details, like location and license plate number.",1,4,4
"R_3yeGLkSRIO8FnVq","Stay calm and avoid confronting the driver directly, as it could escalate the situation.",1,4,5
"R_3yeGLkSRIO8FnVq","Ask around the parking lot or have the mall announce the owner’s car information over the PA system.",1,6,1
"R_3yeGLkSRIO8FnVq","They can intervene if the situation seems dangerous for the dog.",1,6,2
"R_3yeGLkSRIO8FnVq","Keep an eye on the dog until help arrives, ensuring it doesn’t get worse.",1,6,3
"R_3yeGLkSRIO8FnVq","Take a photo of the car and license plate",1,6,4
"R_3yeGLkSRIO8FnVq","Break the window",1,6,5
"R_3yeGLkSRIO8FnVq","Inform the security staff immediately and explain the situation before they find the knife.",1,7,1
"R_3yeGLkSRIO8FnVq","Offer to check the knife in with the airline if that’s allowed.",1,7,2
"R_3yeGLkSRIO8FnVq","If possible, return to a designated area outside security and dispose of or store the knife temporarily.",1,7,3
"R_3yeGLkSRIO8FnVq","Ask if there’s a way to safely mail the knife back home or to the food festival location.",1,7,4
"R_3yeGLkSRIO8FnVq","stay calm and polite, explaining that it was an honest mistake and that it’s important for his work.",1,7,5
"R_3Ffkd8rLgczTTnw","fix the car",2,2,1
"R_3Ffkd8rLgczTTnw","call a friend for a ride",2,2,2
"R_3Ffkd8rLgczTTnw","catch another flight",2,2,3
"R_3Ffkd8rLgczTTnw","get an uber",2,2,4
"R_3Ffkd8rLgczTTnw","ask a stranger for help",2,2,5
"R_3Ffkd8rLgczTTnw","stay behind at a distance ",2,4,1
"R_3Ffkd8rLgczTTnw","call the police",2,4,2
"R_3Ffkd8rLgczTTnw","go around",2,4,3
"R_3Ffkd8rLgczTTnw","take another route",2,4,4
"R_3Ffkd8rLgczTTnw","catch up and help person",2,4,5
"R_3Ffkd8rLgczTTnw","call the taxi",2,8,1
"R_3Ffkd8rLgczTTnw","buy another ring",2,8,2
"R_3Ffkd8rLgczTTnw","borrow one for the moment",2,8,3
"R_3Ffkd8rLgczTTnw","tell the groom",2,8,4
"R_3Ffkd8rLgczTTnw","try to find the taxi",2,8,5
"R_3PyR670oZA2M5st","find out if there is an agency that could help to cover the cost",2,1,1
"R_3PyR670oZA2M5st","see if there is a generic version",2,1,2
"R_3PyR670oZA2M5st","talk to her doctor",2,1,3
"R_3PyR670oZA2M5st","talk to their insurance provider",2,1,4
"R_3PyR670oZA2M5st","go online and see if there are any viable solutions",2,1,5
"R_3PyR670oZA2M5st","Call an uber",2,5,1
"R_3PyR670oZA2M5st","tell her 'no'",2,5,2
"R_3PyR670oZA2M5st","give her the number for a taxi",2,5,3
"R_3PyR670oZA2M5st","look up the bus route",2,5,4
"R_3PyR670oZA2M5st","give her the fare",2,5,5
"R_3PyR670oZA2M5st","call mall security",2,6,1
"R_3PyR670oZA2M5st","visit mall security",2,6,2
"R_3PyR670oZA2M5st","call 911",2,6,3
"R_3PyR670oZA2M5st","call the Animal Control Center",2,6,4
"R_3PyR670oZA2M5st","Leave a message on the car window",2,6,5
"R_1FnUUW3HgevYzZd","He could start a go fund me campaign. ",1,1,1
"R_1FnUUW3HgevYzZd","He could see if their is a way to get a discount from the drug company.",1,1,2
"R_1FnUUW3HgevYzZd","He could rob a store or a bank.",1,1,3
"R_1FnUUW3HgevYzZd","He could borrow money from a loved one.  ",1,1,4
"R_1FnUUW3HgevYzZd","He could steal money from a loved one. ",1,1,5
"R_1FnUUW3HgevYzZd","She could yell at Ted and leave him there.",1,3,1
"R_1FnUUW3HgevYzZd","She could be understanding and go with Ted to retrieve the tickets.",1,3,2
"R_1FnUUW3HgevYzZd","She could suggest Ted call a friend/family member with a key to his house to bring the tickets to them.",1,3,3
"R_1FnUUW3HgevYzZd","She could get upset and demand Ted go get the tickets.",1,3,4
"R_1FnUUW3HgevYzZd","She could buy more tickets at the gate. ",1,3,5
"R_1FnUUW3HgevYzZd","He could return to the counter and try to put the knife in his checked luggage.",1,7,1
"R_1FnUUW3HgevYzZd","He could rent a locker at the airport and store it there.",1,7,2
"R_1FnUUW3HgevYzZd","He could call a friend to meet him at the airport to take the knife.",1,7,3
"R_1FnUUW3HgevYzZd","He could cancel his trip and return home.",1,7,4
"R_1FnUUW3HgevYzZd","He could see it as a loss and just toss it. ",1,7,5
"R_6eVJD9NA6X9ZM1U","Take out a loan.",2,1,1
"R_6eVJD9NA6X9ZM1U","Start a gofund me.",2,1,2
"R_6eVJD9NA6X9ZM1U","Ask friends and family for help.",2,1,3
"R_6eVJD9NA6X9ZM1U","Look into other insurances.",2,1,4
"R_6eVJD9NA6X9ZM1U","Gamble to try and win money to pay for it.",2,1,5
"R_6eVJD9NA6X9ZM1U","Don't take her",2,5,1
"R_6eVJD9NA6X9ZM1U","Take her",2,5,2
"R_6eVJD9NA6X9ZM1U","Yell at her and tell her to go away",2,5,3
"R_6eVJD9NA6X9ZM1U","Cry and say gas prices are too high. Sorry",2,5,4
"R_6eVJD9NA6X9ZM1U","Ignore her completely",2,5,5
"R_6eVJD9NA6X9ZM1U","Do nothing.",2,6,1
"R_6eVJD9NA6X9ZM1U","Break the window and get the dog out",2,6,2
"R_6eVJD9NA6X9ZM1U","Call 911",2,6,3
"R_6eVJD9NA6X9ZM1U","Report the car to mall security",2,6,4
"R_6eVJD9NA6X9ZM1U","Wait until the owner comes back and yell at them.",2,6,5
"R_6IAeyh3yCz7vUGM","Josh can walk to a bus stop and take a bus",1,2,1
"R_6IAeyh3yCz7vUGM","Josh can call his wife",1,2,2
"R_6IAeyh3yCz7vUGM","josh can start walking and hope to get a ride",1,2,3
"R_6IAeyh3yCz7vUGM","josh can call a wrecker ",1,2,4
"R_6IAeyh3yCz7vUGM","Josh should call a taxi",1,2,5
"R_6IAeyh3yCz7vUGM","eamon could call the police",1,4,1
"R_6IAeyh3yCz7vUGM","eamon could follow the driver",1,4,2
"R_6IAeyh3yCz7vUGM","Eamon could ignore the driver",1,4,3
"R_6IAeyh3yCz7vUGM","eamon could pass him up and t ry to stop him",1,4,4
"R_6IAeyh3yCz7vUGM","eamon could blink his lights to make the driver aware",1,4,5
"R_6IAeyh3yCz7vUGM","Jeff should call a co worker to work for him",1,9,1
"R_6IAeyh3yCz7vUGM","Jeff should close the store and go to court",1,9,2
"R_6IAeyh3yCz7vUGM","jeff could call court to explain",1,9,3
"R_6IAeyh3yCz7vUGM","jeff could ask court to reschedule",1,9,4
"R_6IAeyh3yCz7vUGM","Jeff could quit his job",1,9,5
"R_6LIRgvTCPrQONe8","Purchase a new ticket for Ted at the venue",2,3,1
"R_6LIRgvTCPrQONe8","Sneak Ted into the concert all the same",2,3,2
"R_6LIRgvTCPrQONe8","Try to explain to whoever is screening attendees, hopefully showing them an online copy of the ticket or purchase receipt.",2,3,3
"R_6LIRgvTCPrQONe8","Forgo the concert completely and go do something else together",2,3,4
"R_6LIRgvTCPrQONe8","Go in without Ted. Sucks, but what can she do?",2,3,5
"R_6LIRgvTCPrQONe8","Step out of the line and dispose of the knife",2,7,1
"R_6LIRgvTCPrQONe8","Step out of the line and find somewhere to save it so he picks it up when he comes back.",2,7,2
"R_6LIRgvTCPrQONe8","Move forward and hope he doesn't get caught",2,7,3
"R_6LIRgvTCPrQONe8","Step out of the line and explain his predicament to a security officer",2,7,4
"R_6LIRgvTCPrQONe8","Cancel his flight so he can go drop off his ""expensive"" knife at home",2,7,5
"R_6LIRgvTCPrQONe8","Lock the shop",2,9,1
"R_6LIRgvTCPrQONe8","Forgo his court appointment",2,9,2
"R_6LIRgvTCPrQONe8","Wait until his boss arrives and then try to make the appointment",2,9,3
"R_6LIRgvTCPrQONe8","Call a trusted person or colleague else to come cover for him",2,9,4
"R_6LIRgvTCPrQONe8","Set fire to the shop. I am running out of options here.",2,9,5
"R_71d2fLSYJMHxME9"," Maintain a safe distance",1,4,1
"R_71d2fLSYJMHxME9","Pull over and wait for assistance",1,4,2
"R_71d2fLSYJMHxME9"," Follow at a safe distance",1,4,3
"R_71d2fLSYJMHxME9","Avoid engaging with the driver",1,4,4
"R_71d2fLSYJMHxME9"," Call the authorities",1,4,5
"R_71d2fLSYJMHxME9","call for help",1,6,1
"R_71d2fLSYJMHxME9","stay with the dog",1,6,2
"R_71d2fLSYJMHxME9","provide water",1,6,3
"R_71d2fLSYJMHxME9","locate the owner",1,6,4
"R_71d2fLSYJMHxME9","block the direct sunligth",1,6,5
"R_71d2fLSYJMHxME9"," Prioritize his court appointment",1,9,1
"R_71d2fLSYJMHxME9","Document everything",1,9,2
"R_71d2fLSYJMHxME9","Call the police or authorities",1,9,3
"R_71d2fLSYJMHxME9","Leave a note and lock up",1,9,4
"R_71d2fLSYJMHxME9","Call a colleague or backup contact",1,9,5
"R_5zFrEqcd0vP8HCx","call an uber",1,2,1
"R_5zFrEqcd0vP8HCx","reschedule his flight",1,2,2
"R_5zFrEqcd0vP8HCx","call a friend for a ride",1,2,3
"R_5zFrEqcd0vP8HCx","miss the flight and cancel the trip",1,2,4
"R_5zFrEqcd0vP8HCx","try to hitch a ride",1,2,5
"R_5zFrEqcd0vP8HCx","Tell Ted to run back to his house",1,3,1
"R_5zFrEqcd0vP8HCx","Offer to go back with Ted so he won't be alone",1,3,2
"R_5zFrEqcd0vP8HCx","Check the box office to see if they have any more tickets",1,3,3
"R_5zFrEqcd0vP8HCx","Try to distract the ushers so Ted can sneak in",1,3,4
"R_5zFrEqcd0vP8HCx","Convince e veryone to scalp their tickets and take the money and go out that night",1,3,5
"R_5zFrEqcd0vP8HCx","try to sneak the knife past security",1,7,1
"R_5zFrEqcd0vP8HCx","cancel his flight and apologize to his friends",1,7,2
"R_5zFrEqcd0vP8HCx","step out of line and try to find some place to mail the knife back to his house",1,7,3
"R_5zFrEqcd0vP8HCx","turn the knife over to security and lose it forever",1,7,4
"R_5zFrEqcd0vP8HCx","reschedule his flight and deal with the knife and fly in later",1,7,5
"R_1Hozj5hB2tr9ELj","ask a family member for money",1,1,1
"R_1Hozj5hB2tr9ELj","ask a friend for money",1,1,2
"R_1Hozj5hB2tr9ELj","ask the pharmacy for discounts",1,1,3
"R_1Hozj5hB2tr9ELj","start a go fund me",1,1,4
"R_1Hozj5hB2tr9ELj","not buy it",1,1,5
"R_1Hozj5hB2tr9ELj","say yes and give her a ride",1,5,1
"R_1Hozj5hB2tr9ELj","say no because it is too far and she is a stranger",1,5,2
"R_1Hozj5hB2tr9ELj","offer her money for a cab",1,5,3
"R_1Hozj5hB2tr9ELj","give her a ride to his destination only",1,5,4
"R_1Hozj5hB2tr9ELj","ask why she needs the ride",1,5,5
"R_1Hozj5hB2tr9ELj","tell his sister that he lost the ring",1,8,1
"R_1Hozj5hB2tr9ELj","pretend he has it and then not have it at the last minute when asked",1,8,2
"R_1Hozj5hB2tr9ELj","deny he ever had it",1,8,3
"R_1Hozj5hB2tr9ELj","leave and call the taxi company lost and found",1,8,4
"R_1Hozj5hB2tr9ELj","tell his sister he was robbed for the ring",1,8,5
"R_3BXe3MkPaYAHQyu","Get it towed and call a rideshare.",2,2,1
"R_3BXe3MkPaYAHQyu","Leave it and just go.",2,2,2
"R_3BXe3MkPaYAHQyu","Call a buddy to come deal with the tow.",2,2,3
"R_3BXe3MkPaYAHQyu","Push it to the side of the road.",2,2,4
"R_3BXe3MkPaYAHQyu","Involve the police and hope they help.",2,2,5
"R_3BXe3MkPaYAHQyu","Sell her ticket and she and Ted do something else.",2,3,1
"R_3BXe3MkPaYAHQyu","Go with Ted and miss some of the concert herself.",2,3,2
"R_3BXe3MkPaYAHQyu","Go to the concert and see Ted inside later.",2,3,3
"R_3BXe3MkPaYAHQyu","Wait for Ted outside for him to return.",2,3,4
"R_3BXe3MkPaYAHQyu","Buy another ticket assuming it's general admission.",2,3,5
"R_3BXe3MkPaYAHQyu","Lock up the shop and go to court.",2,9,1
"R_3BXe3MkPaYAHQyu","Wat a little longer for the owner.",2,9,2
"R_3BXe3MkPaYAHQyu","Skip the court appointment.",2,9,3
"R_3BXe3MkPaYAHQyu","Call the court and explain.",2,9,4
"R_3BXe3MkPaYAHQyu","Reschedule the appointment.",2,9,5
"R_3pX5TXj5EJ2NFWo","Call 911 or the police and report the driver",1,4,1
"R_3pX5TXj5EJ2NFWo","Continue following the driver in case they crash",1,4,2
"R_3pX5TXj5EJ2NFWo","Do nothing and continue on your way",1,4,3
"R_3pX5TXj5EJ2NFWo","Pull in front of the driver and slow down in hopes they stop",1,4,4
"R_3pX5TXj5EJ2NFWo","Flag down a police officer if nearby to ask for help",1,4,5
"R_3pX5TXj5EJ2NFWo","Politely say no",1,5,1
"R_3pX5TXj5EJ2NFWo","Suggest she call for a taxi or Uber",1,5,2
"R_3pX5TXj5EJ2NFWo","Give her a ride to where you are going",1,5,3
"R_3pX5TXj5EJ2NFWo","Give her a ride all the way to where she wants to go",1,5,4
"R_3pX5TXj5EJ2NFWo","Ignore her",1,5,5
"R_3pX5TXj5EJ2NFWo","Ask someone to call the taxi company to find the ring",1,8,1
"R_3pX5TXj5EJ2NFWo","Do nothing and hope it works out",1,8,2
"R_3pX5TXj5EJ2NFWo","Stop the wedding and explain your mistake",1,8,3
"R_3pX5TXj5EJ2NFWo","Leave and go find the taxi",1,8,4
"R_3pX5TXj5EJ2NFWo","Leave and never come back",1,8,5
"R_6SdvCWDMX9RPjsB","Contact the Doctor or Pharmacist for Alternatives",2,1,1
"R_6SdvCWDMX9RPjsB","Explore Patient Assistance Programs",2,1,2
"R_6SdvCWDMX9RPjsB","Negotiate with the Pharmacy",2,1,3
"R_6SdvCWDMX9RPjsB","Crowdfunding or Community Support",2,1,4
"R_6SdvCWDMX9RPjsB","Look Into Non-Profit Organizations or Charities",2,1,5
"R_6SdvCWDMX9RPjsB","Check for Ticket Reprints",2,3,1
"R_6SdvCWDMX9RPjsB","See If Extra Tickets Are Available",2,3,2
"R_6SdvCWDMX9RPjsB","Look for a Last-Minute Ticket Swap or Sale",2,3,3
"R_6SdvCWDMX9RPjsB","See if Ted Can Meet Darya Inside Later",2,3,4
"R_6SdvCWDMX9RPjsB","Offer to Help Ted Get Back to His House",2,3,5
"R_6SdvCWDMX9RPjsB","Maintain a Safe Distance",2,4,1
"R_6SdvCWDMX9RPjsB","Stay Alert",2,4,2
"R_6SdvCWDMX9RPjsB","Avoid Passing Unnecessarily",2,4,3
"R_6SdvCWDMX9RPjsB","Call 911",2,4,4
"R_6SdvCWDMX9RPjsB","Pull Over and Wait for Law Enforcement",2,4,5
"R_5XpUEq4GIuQvetv","cancels his trip because he cant leave his car right in the middle of the road",1,2,1
"R_5XpUEq4GIuQvetv","calls the towing van to come get the car out of the way and pay them to tow the car to his car technician",1,2,2
"R_5XpUEq4GIuQvetv","calls his car repair technician to come get the car and deliver it to his house when the repair is over",1,2,3
"R_5XpUEq4GIuQvetv","calls his friends or family to come help with how to get the car out of way till a car technician shows up",1,2,4
"R_5XpUEq4GIuQvetv","gets a uber ride and abandon his car there",1,2,5
"R_5XpUEq4GIuQvetv","beg them for him to take it along because of the food festival",1,7,1
"R_5XpUEq4GIuQvetv","tell the to keep it save in a locker till he gets back",1,7,2
"R_5XpUEq4GIuQvetv","Go back home to keep it safe",1,7,3
"R_5XpUEq4GIuQvetv","call one of his friend or family member to come get it",1,7,4
"R_5XpUEq4GIuQvetv","get a dispatch rider to come get it and deliver it to his house",1,7,5
"R_5XpUEq4GIuQvetv","stay back till the boss comes",1,9,1
"R_5XpUEq4GIuQvetv","locks the store and keep the key in a safe place for him to come get it",1,9,2
"R_5XpUEq4GIuQvetv","Goes to check the boss at home ",1,9,3
"R_5XpUEq4GIuQvetv","calls any friend or family that might know his whereabout",1,9,4
"R_5XpUEq4GIuQvetv","leave he convenience store and go to his appointment carelessly",1,9,5
"R_7TWTP8RLp9qJ8CZ","Seek Financial Assistance Programs",2,1,1
"R_7TWTP8RLp9qJ8CZ","Crowdfunding",2,1,2
"R_7TWTP8RLp9qJ8CZ","Negotiate with the Doctor or Pharmacy",2,1,3
"R_7TWTP8RLp9qJ8CZ","Borrow Money",2,1,4
"R_7TWTP8RLp9qJ8CZ","Explore Community or Government Aid",2,1,5
"R_7h4LcjPDpIK7LRo","offer to go with him",1,3,1
"R_7h4LcjPDpIK7LRo","buy another ticket",1,3,2
"R_7h4LcjPDpIK7LRo","say if you hurry you can make it",1,3,3
"R_7h4LcjPDpIK7LRo","see if there is anything the venue can do",1,3,4
"R_7h4LcjPDpIK7LRo","skip the concert",1,3,5
"R_7h4LcjPDpIK7LRo","call the taxi company",1,8,1
"R_7h4LcjPDpIK7LRo","alert the wedding planner",1,8,2
"R_7h4LcjPDpIK7LRo","dont panic",1,8,3
"R_7h4LcjPDpIK7LRo","try and remember what the driver looked like",1,8,4
"R_7h4LcjPDpIK7LRo","wait to tell my sister",1,8,5
"R_1KwX4aJlFHBndGV","Say No ",1,5,1
"R_1KwX4aJlFHBndGV","Say Yes",1,5,2
"R_1KwX4aJlFHBndGV","Offer to Call her a cab",1,5,3
"R_1KwX4aJlFHBndGV","point her to the bus stop",1,5,4
"R_1KwX4aJlFHBndGV","ignore her",1,5,5
"R_5UEstXgXyKAUHFT","They can open a gofundme for her",2,1,1
"R_5UEstXgXyKAUHFT","Heinz can ask the hospital if they can get a less expensive drug that can perform same results",2,1,2
"R_5UEstXgXyKAUHFT","Heinz can ask friends for help",2,1,3
"R_5UEstXgXyKAUHFT","Heinz can sell some stuff he has to raise the money",2,1,4
"R_5UEstXgXyKAUHFT","Heinz can consult the insurance company to revise the policy",2,1,5
"R_5UEstXgXyKAUHFT","Buy a new ticket",2,3,1
"R_5UEstXgXyKAUHFT","Find someone at home to meet him somewhere with the ticket",2,3,2
"R_5UEstXgXyKAUHFT","Find someone at home to find a dispatch to deliver it",2,3,3
"R_5UEstXgXyKAUHFT","Find someone at home to take a picture of the ticket",2,3,4
"R_5UEstXgXyKAUHFT","Go home and bring the ticket",2,3,5
"R_5UEstXgXyKAUHFT","Close up the shop and go",2,9,1
"R_5UEstXgXyKAUHFT","Close the store and go to the boss' house",2,9,2
"R_5UEstXgXyKAUHFT","Send a note to the court that he will be late",2,9,3
"R_5UEstXgXyKAUHFT","stay at the store till his boss comes",2,9,4
"R_5UEstXgXyKAUHFT","Refuse to sell to anyone",2,9,5
"R_1iBZgffUBpQdqlZ","call a friend to pick him up and handle getting his car towed",2,2,1
"R_1iBZgffUBpQdqlZ","cancel the trip",2,2,2
"R_1iBZgffUBpQdqlZ","call airline to see if he can catch a later flight",2,2,3
"R_1iBZgffUBpQdqlZ","try and wait for tow truck",2,2,4
"R_1iBZgffUBpQdqlZ","leave his car and call an uber",2,2,5
"R_1iBZgffUBpQdqlZ","say no",2,5,1
"R_1iBZgffUBpQdqlZ","offer her an uber",2,5,2
"R_1iBZgffUBpQdqlZ","allow her to use his phone to call someone else",2,5,3
"R_1iBZgffUBpQdqlZ","give her a ride",2,5,4
"R_1iBZgffUBpQdqlZ","show her where public transportation is",2,5,5
"R_1iBZgffUBpQdqlZ","walk away",2,6,1
"R_1iBZgffUBpQdqlZ","call the police",2,6,2
"R_1iBZgffUBpQdqlZ","see if the doors are unlocked",2,6,3
"R_1iBZgffUBpQdqlZ","contact mall management",2,6,4
"R_1iBZgffUBpQdqlZ","break a window",2,6,5
"R_1dMHTTPBS7ebelo","Order an Uber or Lyft",1,2,1
"R_1dMHTTPBS7ebelo","Call a nearby friend or family member",1,2,2
"R_1dMHTTPBS7ebelo","Call roadside assistance",1,2,3
"R_1dMHTTPBS7ebelo","Hitchhike",1,2,4
"R_1dMHTTPBS7ebelo","Call emergency services",1,2,5
"R_1dMHTTPBS7ebelo","Call the police",1,6,1
"R_1dMHTTPBS7ebelo","Wait by the car for the owner",1,6,2
"R_1dMHTTPBS7ebelo","Call the mall office",1,6,3
"R_1dMHTTPBS7ebelo","Break the car windows, if allowed by law",1,6,4
"R_1dMHTTPBS7ebelo","Record the dog and car for video evidence",1,6,5
"R_1dMHTTPBS7ebelo","Call a coworker",1,9,1
"R_1dMHTTPBS7ebelo","Call his boss' boss",1,9,2
"R_1dMHTTPBS7ebelo","Call the person in charge at the court",1,9,3
"R_1dMHTTPBS7ebelo","Close shop and go to court",1,9,4
"R_1dMHTTPBS7ebelo","Miss court",1,9,5
"R_1K8yzhA7DBacMiY","Call the taxi company",2,8,1
"R_1K8yzhA7DBacMiY","Explain to the groom what happened",2,8,2
"R_1K8yzhA7DBacMiY","Yell and be angry",2,8,3
"R_1K8yzhA7DBacMiY","Run away ",2,8,4
"R_1K8yzhA7DBacMiY","Use a temporary ring for the ceremony",2,8,5
"R_7RgtKNwB4sFbjoS","Call the taxi company.",2,8,1
"R_7RgtKNwB4sFbjoS","Ask one of the guests for a temp ring replacement.",2,8,2
"R_7RgtKNwB4sFbjoS","Pause the wedding until they can buy a new ring.",2,8,3
"R_7RgtKNwB4sFbjoS","Use a piece of string as a ring substitution.",2,8,4
"R_7RgtKNwB4sFbjoS","Ask the bride to get married without the ring.",2,8,5
"R_3iETHngP2xWuNGh","Break the window",1,6,1
"R_3iETHngP2xWuNGh","Call the police",1,6,2
"R_3iETHngP2xWuNGh","Try to find owner ",1,6,3
"R_3iETHngP2xWuNGh","call fire company",1,6,4
"R_3iETHngP2xWuNGh","Call animal control ",1,6,5
"R_3iETHngP2xWuNGh","Throw away the knife",1,7,1
"R_3iETHngP2xWuNGh","Give to security",1,7,2
"R_3iETHngP2xWuNGh","try to hide in bag",1,7,3
"R_3iETHngP2xWuNGh","Put in someone elses bag",1,7,4
"R_3iETHngP2xWuNGh","Try to move in another bag",1,7,5
"R_3NEbUVhjZ9VuIPM","follow him",1,4,1
"R_3NEbUVhjZ9VuIPM","call police",1,4,2
"R_3NEbUVhjZ9VuIPM","make him pull over",1,4,3
"R_3NEbUVhjZ9VuIPM","get tag number",1,4,4
"R_3NEbUVhjZ9VuIPM","just go around him",1,4,5
"R_3NEbUVhjZ9VuIPM","call the cops",1,6,1
"R_3NEbUVhjZ9VuIPM","break the window",1,6,2
"R_3NEbUVhjZ9VuIPM","call security",1,6,3
"R_3NEbUVhjZ9VuIPM","wait until they return",1,6,4
"R_3NEbUVhjZ9VuIPM","go to the stores and have them ask",1,6,5
"R_7RWZAFS8RAkbZRv","Josh could call a friend.",1,2,1
"R_7RWZAFS8RAkbZRv","Josh could cancel his flight. ",1,2,2
"R_7RWZAFS8RAkbZRv","Josh could call an uber to the airport.",1,2,3
"R_7RWZAFS8RAkbZRv","Josh could call his car insurance company for assistance.",1,2,4
"R_7RWZAFS8RAkbZRv","Josh could wave to other cars for help.",1,2,5
"R_3ClO8HXw735AwKB","Call his lawyer see if he can change court appt",1,9,1
"R_3ClO8HXw735AwKB","Call a coworker to wait for the boss to show up",1,9,2
"R_3ClO8HXw735AwKB","Close the store if the appt cannot be changed",1,9,3
"R_3ClO8HXw735AwKB","Have a friend go to boss's house ",1,9,4
"R_3ClO8HXw735AwKB","Cry",1,9,5
"R_7ZW6aWsDMZcXZIJ","have a passenger call 911",2,4,1
"R_7ZW6aWsDMZcXZIJ","honk horn to get the drivers attention",2,4,2
"R_7ZW6aWsDMZcXZIJ","try to stop the drivcer",2,4,3
"R_7ZW6aWsDMZcXZIJ","//",2,4,4
"R_7ZW6aWsDMZcXZIJ","//",2,4,5
"R_1rBphvdw3otUTwT","Call the police.",1,6,1
"R_1rBphvdw3otUTwT","Call mall security.",1,6,2
"R_1rBphvdw3otUTwT","Look for the owner.",1,6,3
"R_1rBphvdw3otUTwT","Break out the window.",1,6,4
"R_1rBphvdw3otUTwT","Yell for help.",1,6,5
"R_1rBphvdw3otUTwT","Lock the door of the store and go to his appointment.",1,9,1
"R_1rBphvdw3otUTwT","Call another coworker to come in.",1,9,2
"R_1rBphvdw3otUTwT","Call corporate to see what he can do.",1,9,3
"R_1rBphvdw3otUTwT","Call the court and see if he can be a little late.",1,9,4
"R_1rBphvdw3otUTwT","Miss his court appointment. ",1,9,5
"R_35QLVlHPdqDuAq1","Erica will shout.",2,6,1
"R_35QLVlHPdqDuAq1","Erica will call for help",2,6,2
"R_35QLVlHPdqDuAq1","Erica will hit the dog with an object",2,6,3
"R_35QLVlHPdqDuAq1","Erica will open the door",2,6,4
"R_35QLVlHPdqDuAq1","Erica will run away.",2,6,5
"R_3iL1UtysTZKhStX","Stop until the car passes.",1,4,1
"R_3iL1UtysTZKhStX","Drive slowly and carefully.",1,4,2
"R_3iL1UtysTZKhStX","Attempt to stop the car.",1,4,3
"R_3iL1UtysTZKhStX","Notify the police.",1,4,4
"R_3iL1UtysTZKhStX","Accelerate until he pass the car.",1,4,5
"R_1FOx5fZ5R68200x","Return to his house for the ticket",2,3,1
"R_1FOx5fZ5R68200x","Buy a new ticket",2,3,2
"R_1FOx5fZ5R68200x","Buy from someone who is not willing to go",2,3,3
"R_1FOx5fZ5R68200x","Ask for someone to bring it",2,3,4
"R_1FOx5fZ5R68200x","Explain himself to those checking the tickets",2,3,5
"R_1FOx5fZ5R68200x","Call 911",2,6,1
"R_1FOx5fZ5R68200x","Go back into the mall, go to the receptionist to make an announcement about the dog ",2,6,2
"R_1FOx5fZ5R68200x","break the window of the car",2,6,3
"R_1FOx5fZ5R68200x","Call for help around",2,6,4
"R_1FOx5fZ5R68200x","stay with the dog",2,6,5
"R_6dW9vHpmI7WoPKe","Call the Taxi Company.",2,8,1
"R_6dW9vHpmI7WoPKe","Do whatever he can to find it.",2,8,2
"R_6dW9vHpmI7WoPKe","Have people help  him locate it.",2,8,3
"R_6dW9vHpmI7WoPKe","Tell his Sister.",2,8,4
"R_6dW9vHpmI7WoPKe","Don't panick!",2,8,5
"R_66aacwer5aClvAB","Buy new tickets",2,3,1
"R_66aacwer5aClvAB","Call someone to drive the tickets to him",2,3,2
"R_66aacwer5aClvAB","Leave and not go to concert",2,3,3
"R_66aacwer5aClvAB","Show proof of purchase on his phone",2,3,4
"R_66aacwer5aClvAB","Ask friends to pay for ticket",2,3,5
"R_66aacwer5aClvAB","Hide the knife",2,7,1
"R_66aacwer5aClvAB","Drop the knife",2,7,2
"R_66aacwer5aClvAB","Give the knife to security",2,7,3
"R_66aacwer5aClvAB","Ask if he could put it in luggage ",2,7,4
"R_66aacwer5aClvAB","Go back and rent a storage unit in airport and put it in.",2,7,5
"R_66aacwer5aClvAB","Call the taxi company",2,8,1
"R_66aacwer5aClvAB","Go to the taxi company",2,8,2
"R_66aacwer5aClvAB","Tell sister you left ring in taxi",2,8,3
"R_66aacwer5aClvAB","Find a replacement ring",2,8,4
"R_66aacwer5aClvAB","Faint",2,8,5
