response_id,response,condition,scenario
R_37Wf6KQrV9KLE3L,"#Call a taxi or use a ride-sharing app like Uber or Lyft to continue the journey to the airport.<br><br>#Contact a roadside assistance service to repair or tow his car.<br><br>#Ask a friend or family member to pick him up and drive him to the airport.<br><br>#Check if there's a bus or train station nearby that could provide transportation to the airport.<br><br>#Use a bike-rental or scooter-rental service, if available and feasible, to quickly get to the airport.",3,2
R_37Wf6KQrV9KLE3L,"#Immediately call the local animal control or non-emergency police number to report a dog left in a hot car.<br><br>#Gather information about the car like make, model, color, and license plate number to relay to the authorities.<br><br>#Check surrounding areas for the dog’s owner by going back to the mall's main entrance and ask for an announcement to be made about the situation.<br><br>#Stay near the vehicle (at a safe distance not to cause more distress to the dog) to monitor the dog's condition and wait for authorities to arrive.<br><br>#If the situation worsens and it is legally acceptable in the jurisdiction to break a car window to save an animal, she should locate a big enough and safe object to break the window that is furthest from the dog.",3,6
R_37Wf6KQrV9KLE3L,"#Begin by calmly explaining the situation to the wedding officiant in a way that causes minimal disruption to the ceremony.<br><br>#Contact the taxi company immediately, providing all necessary details, to try and retrieve the ring.<br><br>#Ask if there is any spare ring or similar object available at the wedding venue that can be used as a temporary ring for the ceremony.<br><br>#Apologize to his sister and her partner, and assure them that every effort is being made to recover the ring.<br><br>#Make arrangements for a replacement ring, if necessary, and compensate for the lost ring at his own expense as a last resort option.",3,8
R_61jBy3DV30jcs9C,"#Call a tow truck to get the car off the highway.<br><br>#Contact a taxi or a ridesharing service to get to the airport quickly.<br><br>#Reach out to a friend or a family member nearby for immediate assistance.<br><br>#Notify the airline about the situation and explore options for a later flight if necessary.<br><br>#Once at the airport, check if any travel insurance or credit card perks could cover unexpected expenses like the car repair or a rebooked flight.",4,2
R_61jBy3DV30jcs9C,"#Maintain a safe distance from the erratic vehicle, ensuring that he is not too close in case the vehicle makes an unexpected move.<br><br>#Draw attention to the vehicle's erratic driving by using vehicle lights or horns to alert other drivers on the road.<br><br>#Note down the vehicle's plate number, make, model, and color, as this information could be useful to police authorities.<br><br>#Call local police or highway patrol to report the suspected intoxicated driver. He should provide details about the vehicle's location, direction, and driving behavior.<br><br>#Find a safe location to pull over after making the call, so as not to engage with the erratic driver directly and risk personal safety.",4,4
R_3EgmqsLMkGuq4Ab,"#Offer to lend Ted her phone so that he can try to retrieve his ticket digitally.<br><br>#Reach out to the concert organizers to explain the situation and inquire if there's a way to validate Ted's purchase at the ticket booth.<br><br>#Suggest Ted call a family member or a roommate that could possibly retrieve the ticket and bring it to him.<br><br>#Explore options for buying a new ticket for Ted at a cheaper price or at least make sure he could join later.<br><br>#Propose the group waits for Ted, if the opening act is not of high importance to them.",4,3
R_3EgmqsLMkGuq4Ab,#Politely inquire more about the woman's situation to understand her need for a ride.<br><br>#Consider the amount of fuel needed for the additional distance to the nearby city and refill accordingly.<br><br>#Confirm the exact location where she needs to be dropped off to calculate the exact detour required.<br><br>#Ensure that his schedule allows for the additional time it would take to drive 10 miles further.<br><br>#Inform a trusted person about giving a ride to an unknown individual for safety reasons.,4,5
R_3EgmqsLMkGuq4Ab,"#Immediately remove himself from the line to minimize causing delay for other passengers.<br><br>#Find a nearby airport customer service desk and explain his situation, hoping they might offer a solution.<br><br>#Contact his colleagues at the food festival to see if there is a suitable replacement knife he can use once he gets to Chicago.<br><br>#Consider shipping the knife if there is a postal service at the airport.<br><br>#If he has enough time before his flight, he could also leave the airport to return the knife to his vehicle or home, then reenter the airport and go through security again.",4,7
R_5rD12G5itB2rSfo,"#Research various financial assistance programs, such as patient assistance programs, government programs, and non-profit organizations that may help with the cost of the medication.<br><br>#Consult with the doctor or pharmacist about potential generic alternatives or different medications that could be substituted and would cost less.<br><br>#Reach out to friends and family for financial support, with Heinz's wife's consent, or set up a crowdfunding campaign to raise funds for the medication.<br><br>#Negotiate with the hospital or the pharmaceutical company directly asking for a discount, explaining their financial situation.<br><br>#Explore the possibility of obtaining a loan or taking up a part-time job to help cover the cost. It is also wise to seek the help of the financial counselor who can help devise a realistic repayment plan.",4,1
R_5rD12G5itB2rSfo,"#Politely explain to the woman that he is unable to provide the requested assistance.<br><br>#Offer to call a taxi or another ride service for the woman if she is in desperate need of transportation.<br><br>#Consider making an exception and driving the extra miles to give the woman a lift to her destination.<br><br>#Ask the woman for more details about why she needs the ride, then make a decision based on the information.<br><br>#Politely refer the woman to ask for help at the gas station's customer service, as they might have safe options or resources available for stranded individuals.",4,5
R_5rD12G5itB2rSfo,"#Take a picture of the car, the car's license plate, and the dog inside the car for any potential evidence you may need later.<br><br>#Locate and assess nearby help options such as mall security or any local law enforcement.<br><br>#Immediately call the local animal control department or non-emergency police line to report the situation.<br><br>#Stay by the vehicle to monitor the dog’s condition until help arrives.<br><br>#If the situation visibly deteriorates and professional help has not arrived yet, consider taking action to break the car window, only if legal in your region, and remove the dog from the hot vehicle, using a cloth to protect your hand and minimizing harm to the dog.",4,6
R_7BncyQrP51JZ7OJ,"#Discuss the financial situation with a doctor or pharmacist to inquire if there is a similar, less expensive medication available.<br><br>#Research patient assistance programs, as they sometimes provide medications for free or at a discounted price for people who cannot afford them.<br><br>#Contact the pharmaceutical company as they often have programs that help individuals with the cost of their medication.<br><br>#Set up a fundraising campaign online and share it with friends, family, and social networks to raise money for the medication.<br><br>#Explore healthcare credit cards or loans designed for medical expenses that can be paid back over time, after discussing the terms and conditions.",3,1
R_7BncyQrP51JZ7OJ,"#Try to contact the concert organizers or help desk and explain the situation to check if they could reissue a ticket for Ted on spot.<br><br>#Check if the ticket can be displayed on a digital device. If so, have Ted ask someone at his house to find the ticket and send a clear photograph or a screenshot of it.<br><br>#See if there is a ticket resale or exchange booth nearby, where Ted might be able to purchase a last-minute ticket.<br><br>#Appeal to the kind-hearted concert-goers or ask around to see if anyone has a spare ticket they'd be willing to sell or donate.<br><br>#Consider booking a cab or an express courier service to pick up the ticket from Ted's house and deliver it to the concert venue.",3,3
R_7BncyQrP51JZ7OJ,"#Quickly take note of the car's make, model, color, and license plate number.<br><br>#Immediately call the local animal control or police department to report the situation, providing all the details about the car and the condition of the dog.<br><br>#Stay by the car to monitor the dog's condition until help arrives, ensuring the dog does not succumb to heatstroke in the meantime.<br><br>#If possible and legal in the area, attempt to provide shade or a water source for the dog while waiting for professional assistance.<br><br>#Alert mall security or management to see if they can locate the car's owner via a store or mall-wide announcement.",3,6
R_63lPTXCtGe6ER2J,"#See if there is a digital version of the ticket available on Ted's phone or email that he could present at the concert entry.<br><br>#Speak with the venue event manager or customer service to explain the situation and attempt to get a ticket reprint or confirm Ted's purchase.<br><br>#Use a ride share service for Ted to quicken the process of him going home and getting his ticket, so he doesn't miss too much of the concert.<br><br>#Check if there are any additional tickets for sale at the entrance that Ted can purchase to avoid traveling back home.<br><br>#Ask another friend or family member who lives near Ted's house to go to his house, collect the ticket, and bring it to the concert venue.",4,3
R_63lPTXCtGe6ER2J,"#Calmly communicate to the nearest party member about the missing ring to avoid creating a disturbance.<br><br>#Call the taxi company immediately, provide them with details of his ride, and ask them to check if the ring is still in the taxi.<br><br>#Consider using a stand-in ring for the ceremony if available, maybe someone else’s ring could be borrowed simply for the ceremony.<br><br>#Plan to retrieve the ring (if found in the taxi) after the ceremony or have it delivered to the wedding location if possible.<br><br>#Apologize to his sister and brother-in-law privately, ensuring them he will do everything in his power to retrieve the original ring.",4,8
R_63lPTXCtGe6ER2J,"#Call a reliable coworker to see if they can cover the shift until the boss arrives.<br><br>#Leave a detailed note for the boss explaining the situation and the measures taken.<br><br>#Secure the store as much as possible, ensuring all expensive or dangerous items are locked away.<br><br>#Inform nearby stores or establishments of the situation, asking if they can keep an eye out until the boss or a colleague arrives.<br><br>#Contact the local police station to inform them about the situation, ensuring they check on the store during their routine patrol.",4,9
R_186igmeqA8uoA3D,"#Eamon could maintain a safe distance from the suspected drunken driver to avoid any sudden crashes.<br><br>#He can take note of the car's license plate number, make, model, and color for reporting purposes.<br><br>#He can alert the local police or traffic authority about the erratic driver, providing the vehicle's details and the particular road they are on.<br><br>#Eamon could try to overtake the car when it is safe, ensuring he does not get into an accident with the unpredictable car.<br><br>#He might use his car's horn or high-beam lights to alert the driver ahead, possibly getting him to correct his driving. However, this is risky as it might startle the driver into making a mistake.",3,4
R_186igmeqA8uoA3D,"#Politely ask the woman for more details about her situation to determine if it's safe and appropriate to assist.<br><br>#Consider the amount of gas in the car and spare time left to evaluate if adding an extra 10 miles is feasible.<br><br>#If convinced to help, ask the woman to wait while you inform a family member or friend about the detour and the passenger you’ve spontaneously taken aboard.<br><br>#Double-check the exact location where she needs to be dropped, input it into your GPS, and confirm the route.<br><br>#Before beginning the journey, make sure both of you are wearing seatbelts and adhere to the road safety rules along the trip.",3,5
R_5eRBvP0sxZai36F,#Research for charities or organizations that offer financial support for medical bills. These often exist for those who can't afford critical medication.<br><br>#Consult with the prescribing doctor regarding possible alternatives or generic versions of the medication that might equally effective but less costly.<br><br>#Inspect the possibility of setting up an online crowdfunding campaign to raise the much-needed funds for the medication.<br><br>#Communicate with the pharmaceutical company that manufactures the medication. They may have programs that help with the cost or can provide the medication at a discounted rate.<br><br>#Consider enlisting the help of a lawyer or patient advocate. They might assist in appealing to the insurance company to get the medication covered.,3,1
R_5eRBvP0sxZai36F,"#Check if a soft copy or digital version of the ticket is available on Ted's email or phone that can be shown at the entrance.<br><br>#Contact the box office or customer service to see if they can issue a replacement ticket for Ted.<br><br>#Consider asking other friends or acquaintances already inside the venue if they have an extra ticket.<br><br>#See if it's possible to buy a new ticket at the venue, provided they are still available.<br><br>#Ask other attendees at the entrance if they have an extra ticket they're willing to sell or give away.",3,3
R_5eRBvP0sxZai36F,"#Politely ask the woman more details about her situation to ensure safety and to be able to make a more informed decision.<br><br>#Evaluate the car's fuel level and estimate if the additional distance would significantly affect the gas mileage.<br><br>#Consider the extra time it would take to drive the additional distance and whether his personal schedule would allow for it.<br><br>#Offer to call for professional transportation service, like a cab or an uber, if he is not able to provide the ride personally.<br><br>#If he decides to give the woman a lift, ensure to inform someone close about his whereabouts and estimated time of arrival for safety reasons.",3,5
R_6R47P5pW4SvPuQI,"#Maintain a safe distance from the suspected drunk driver to avoid potential accidents.<br><br>#Turn on vehicle's dashboard camera, if available, to record the erratic driving behavior.<br><br>#Make a note of the vehicle's make, model, color, and license plate number for reporting purposes.<br><br>#Contact local law enforcement or highway patrol to report the suspected drunk driver, providing all the details noticed.<br><br>#Follow law enforcement's instructions, which may include staying on the line or continuing to follow the vehicle at a safe distance, until they arrive.",4,4
R_6R47P5pW4SvPuQI,"#Calmly signal or whisper to the closest person in charge (e.g. maid of honor, best man, or wedding coordinator) about the situation to avoid causing a scene.<br><br>#Try to recall the taxi company name or the driver's information if available, and attempt to contact them.<br><br>#Borrow a phone if necessary and call the taxi company or use a ride-hailer app to track the last car he was on, if possible.<br><br>#Consider using a stand-in ring (someone's else’s ring, if appropriate) for the ceremony while the actual ring is being retrieved.<br><br>#After the ceremony, take swift action to locate and retrieve the original wedding ring from the taxi.",4,8
R_6R47P5pW4SvPuQI,"#Call the owner's emergency contact, if available, to notify about the situation.<br><br>#Inform the local law enforcement or security company that monitors the store about the situation and request temporary coverage.<br><br>#Lock the store temporarily if it's allowed and leave a notice explaining the situation.<br><br>#Contact a coworker who may be able to cover for him until the owner arrives.<br><br>#Leave a voicemail or text message to the owner explaining the situation, emphasizing the importance of his court appointment for legal documentation.",4,9
R_34614PuzRY0GGWo,"#Maintain a safe distance from the suspected intoxicated driver to avoid any sudden moves they may make.<br><br>#Look for opportunities to safely pass the suspected intoxicated driver, only doing so when there is a clear view of the opposing traffic and it is legal to do so.<br><br>#Capture the license plate number, car model, and any other identifiable information about the suspected intoxicated driver.<br><br>#Report the situation to the local police over a hands-free device, providing them with the car's description and location.<br><br>#Stop following the suspect and pull over safely if the driver's behavior becomes overly dangerous or if instructed to do so by the police.",3,4
R_34614PuzRY0GGWo,"#Immediately inform the airport security about the situation to avoid any possible conflict.<br><br>#Ask if there is a post office or storage facility at the airport where he could mail the knife to his home address or store it until he returns.<br><br>#Contact his colleagues to notify them about the situation and discuss possible solutions, such as renting or purchasing a new knife in Chicago.<br><br>#Check with the airport lost and found or customer service to see if they can hold the knife for him until he returns.<br><br>#Consider aborting the travel plan if being without his specialty knife would severely hamper his ability to perform at the festival, and try to make alternative travel arrangements.",3,7
R_34614PuzRY0GGWo,"#Write a detailed note for the boss explaining the situation, the time he had to leave, and reasons for any uncompleted tasks.<br><br>#Call a reliable coworker who might be able to come in early to take over his shift.<br><br>#Inform the regular customers about his absence and the possibility of the late arrival of the owner.<br><br>#Secure all money and valuable items in a safe place before leaving.<br><br>#Lock up the store ensuring all security systems are active before he leaves.",3,9
R_6PH0aj7Rv0LNR8C,"#Ask the woman for more details about why she needs a ride and assess if it's a situation that he's comfortable helping in.<br><br>#Politely decline the woman's request explaining his hesitation about extending his journey.<br><br>#Offer to call a cab or ride-sharing service for the woman if he is able to do so.<br><br>#Consider his personal safety and the late hour, and make a decision based on this.<br><br>#Agree to give the woman a lift if he feels safe, his vehicle has adequate fuel, and the 10 miles detour doesn't dramatically affect his schedule.",4,5
R_6PH0aj7Rv0LNR8C,"#Immediately note down the car's license plate, make, model, and color.<br><br>#Contact local law enforcement or animal control to report a pet left in a hot car.<br><br>#Look for the owner in nearby stores or mall announcements by providing the car details, if possible.<br><br>#Stay by the car to monitor the dog's condition and provide information when authorities arrive.<br><br>#Record a video or take photos of the situation, if it's legal in your area, to gather evidence and document the incident.",4,6
R_6PH0aj7Rv0LNR8C,#Call a coworker to see if they can cover the extra hour until the boss arrives.<br><br>#Leave a detailed note for the boss explaining the situation and then lock the store.<br><br>#Contact a relative or friend who could temporarily manage the store until the boss or another employee arrives.<br><br>#Inform the nearest or neighboring businesses about the situation so they could potentially keep an eye on the store.<br><br>#Alert the local police or security company that the store will need to be briefly unattended due to an emergency.,4,9
R_6YBipQKKVTsSdwJ,"#Call for a roadside assistance service and inform them of his situation and location.<br><br>#Use a ride-hailing app like Uber or Lyft to quickly arrange for a ride to the airport.<br><br>#Contact the airline to inform them about his situation and inquire about the possibility of rescheduling his flight.<br><br>#Reach out to a friend or family member who can quickly come and get him and take him to the airport.<br><br>#Check if there's any nearby public transportation, like a bus or metro, that could take him to the airport.",3,2
R_6YBipQKKVTsSdwJ,"#Immediately inform the officiant, without causing panic among the guests, that the ring is missing.<br><br>#Retrieve the taxi's receipt or any other identifying information to contact the taxi company.<br><br>#Ask anyone nearby if they have the taxi company's number, or if they can quickly find it online.<br><br>#Contact the taxi company to explain the situation and request them to check if the ring is still in the taxi.<br><br>#If there's no immediate solution, suggest using a stand-in object for the ring ceremony, to prevent a long delay.",3,8
R_6YBipQKKVTsSdwJ,"#Call a coworker who might be able to cover the shift until the boss arrives.<br><br>#Leave a detailed note for the boss explaining the situation and mentioning the court appointment.<br><br>#Contact the local authorities or court officials to communicate the situation and ask if the appointment can be rescheduled.<br><br>#Secure the store according to the procedure for temporary closures, ensuring all valuables are locked away safely.<br><br>#Set up a sign on the store entrance informing customers of the temporary closure due to an emergency.",3,9
R_3eRapcvWyGzjKIx,"#Consult with the doctor or pharmacist to see if there is a generic, cost-effective medication available that can substitute the expensive one.<br><br>#Set up a crowdfunding campaign to raise funds for the medication. Use platforms such as GoFundMe, Facebook Fundraisers, etc.<br><br>#Contact the pharmaceutical company that produces the medication. They may have patient assistance programs or can offer a discount.<br><br>#Explore charitable organizations that assist individuals in paying for their medication. They often have programs to help those in need.<br><br>#Research and apply for government programs like Medicaid or Medicare, which may cover the cost of the medication not covered by medical insurance.",4,1
R_3eRapcvWyGzjKIx,#Immediately notify the security personnel about the mistake and offer to hand over the knife for inspection.<br><br>#Ask the security personnel about possible ways to store the knife at the airport until his return.<br><br>#Inquire if there is a mailing service at the airport where he could mail the knife to his home address.<br><br>#Contact a friend or family member who could come to the airport to retrieve the knife.<br><br>#Consider asking the airport's lost and found department if they can securely keep the knife until his return.,4,7
R_3eRapcvWyGzjKIx,"#Communicate quietly to the closest wedding officiator or planner about the missing ring, trying not to cause a scene.<br><br>#Quickly search his immediate surroundings in case it has been misplaced nearby rather than being left in the taxi.<br><br>#Try to remember the taxi's license number or the taxi company's name and call them immediately to check if they can locate the ring.<br><br>#Enlist the help of a trustworthy friend or family member present at the ceremony if necessary, to either help with the search or reach out to the taxi company.<br><br>#In a worst-case scenario, not to disrupt the ceremony, quickly find a substitute ring, such as asking a family member or friend to lend one temporarily.",4,8
R_1FoMVTIovcMTXJT,"#Research possible programs or organizations that offer financial assistance for medical bills or medication. There might be non-profits or government programs available.<br><br>#Discuss with the healthcare provider or pharmacists about the possibility of obtaining a generic version of the medication, which could be less expensive.<br><br>#Contact the pharmaceutical company that manufactures the medication directly. Some companies have patient assistance programs that provide medications at a reduced cost or even for free.<br><br>#Explore crowdfunding options. Sites such as GoFundMe can sometimes help to raise the money needed for medical expenses.<br><br>#Consider putting forth a plan for a loan or payment plan with their bank to cover the cost of the medication.",3,1
R_1FoMVTIovcMTXJT,"#Maintain a safe distance from the suspected drunk driver to avoid any sudden move they might make.<br><br>#Attempt to get a clear view of the car's license plate number without compromising his safety.<br><br>#If possible, pull over to the side of the road and let the driver proceed without causing danger to himself.<br><br>#Contact local law enforcement to report the driver providing them with the location and a description of the vehicle.<br><br>#Look for a well-lit, populated area to stop and make the call if pulling over immediately isn't safe or feasible.",3,4
R_1FoMVTIovcMTXJT,"#Ask the woman more about her situation before deciding whether or not to help.<br><br>#Consider if his schedule allows for the extra drive and time.<br><br>#Assess the safety implications of offering the stranger a ride.<br><br>#Tell her that he needs to think about it and ask for her contact information so he can reach out later.<br><br>#Propose an alternative, such as calling a taxi or a ride-sharing service for her instead.",3,5
R_7KHrBpnCr5f3dBu,"#Darya could call the ticket office or customer service of the concert venue to see if they can reprint Ted's ticket or provide a digital copy.<br><br>#If Ted purchased the ticket online, Darya could ask him to check his email or the ticketing website for an electronic copy of the ticket.<br><br>#Darya and her friends could wait with Ted for a rideshare to return home quickly and retrieve his ticket.<br><br>#Darya could help Ted buy a new ticket at the box office, if available.<br><br>#If they entered with a group ticket, Darya could talk with the entrance control, explaining the situation to see if they could grant Ted access.",3,3
R_7KHrBpnCr5f3dBu,"#Immediately call the local non-emergency police or animal control and provide them with details, including the make, model, and color of the car, as well as its license plate number.<br><br>#Look around for the car's owner, possibly asking nearby people if they recognize the car or know the dog's owner.<br><br>#Remain by the vehicle to monitor the dog's condition while waiting for assistance to arrive. <br><br>#If the dog's condition significantly worsens, consider acting more urgently by contacting emergency services.<br><br>#After the situation has been resolved, consider researching local laws on leaving animals in hot vehicles and sharing the information on social channels to increase public awareness.",3,6
R_7KHrBpnCr5f3dBu,"#Immediately inform the security personnel about the inadvertent mistake of carrying a knife in his bag.<br><br>#Try to explain the professional necessity of the knife and that it was not intended to violate security protocols.<br><br>#Ask airport security if they can hold onto the knife until he returns from the festival, or if there is a place he could store it in the airport.<br><br>#If following safety protocols leads to disposing of the knife, request the airport authorities to handle it carefully due to its expense and importance.<br><br>#Once cleared from the situation, contact his colleagues at the festival to inform them of what happened and discuss possible solutions for obtaining a replacement knife for his chef duties.",3,7
R_5Rx30T6ER8nLhrx,"#Consider the woman's request and assess whether he has enough time and fuel to travel the extra 10 miles.<br><br>#Politely ask the woman if she can contribute towards the extra fuel cost.<br><br>#Ask her for more information about her situation, such as why she needs a ride, to ensure his own safety.<br><br>#Consider alternative solutions like suggesting the woman uses a taxi service or public transport if available and safe.<br><br>#Contact a friend or family member and inform them about the situation for safety reasons.",3,5
R_5Rx30T6ER8nLhrx,"#Call animal services or the police to report a dog left in a hot car.<br><br>#Stay by the car until help arrives to monitor the dog's condition.<br><br>#Attempt to locate the car owner by noting the car's details and asking security or management to make an announcement.<br><br>#If possible and safe, provide shade for the dog or trickle cool water into the car.<br><br>#Inform others near the lot about the situation to raise awareness and possibly get more immediate help.",3,6
R_5Rx30T6ER8nLhrx,"#Immediately inform the wedding officiant about the missing ring in a discreet manner.<br><br>#Contact the taxi company immediately to report the forgotten item and provide them with details of your journey.<br><br>#Consider borrowing a substitute ring from a guest to continue the ceremony without a major interruption.<br><br>#If the taxi cannot return immediately, if possible, ask a friend or family member to travel to the taxi's current location to collect the ring.<br><br>#Apologize to his sister and her partner for the oversight and reassure them that every effort is being made to rectify the situation.",3,8
R_3SjNPsABS2PhDDr,"#Observe the car ahead for a while longer to be certain of your suspicion about the driver's state of sobriety.<br><br>#Maintain a safe distance from the suspected vehicle to avoid any immediate accidents.<br><br>#If possible, try to note down the car’s license plate number and the make and model of the vehicle for reporting purposes.<br><br>#Contact local authorities or a non-emergency police number to report the situation and provide them with the details of the vehicle.<br><br>#If it is safe to do so, take an alternative route home to avoid driving behind the potentially intoxicated driver.",3,4
R_3SjNPsABS2PhDDr,"#Inform airport security personnel immediately about the oversight to avoid potential problems.<br><br>#Apologize for the mistake and explain the situation, including why he has the knife and where he's headed.<br><br>#Ask airport security if he can mail the knife to himself, or if the airport can hold on to the knife until he returns.<br><br>#Contact a trusted person at his current location and ask them to collect the knife from the airport if it can't be held or mailed.<br><br>#Consider replacing the knife if all other options are not feasible, while acknowledging the significant expense.",3,7
R_3SjNPsABS2PhDDr,"#Call a reliable coworker to see if they can cover the shift until the boss arrives.<br><br>#Contact the owner one more time expressing the urgency of the situation.<br><br>#Leave a note explaining the situation at a visible place in the store to inform the boss about the situation upon arrival.<br><br>#Lock the store temporarily until the boss arrives, making sure to leave a sign explaining the situation for upcoming customers.<br><br>#Reschedule the court appointment if possible to accommodate for this unforeseen circumstance.",3,9
R_1jPK1OdsY3E8MEO,"#Research and apply for financial aid or subsidies from the government or nonprofit organizations that assist families struggling to cover medical costs.<br><br>#Explore generic alternatives or different brands of the medication that might be less expensive but equally effective.<br><br>#Discuss the situation with the prescribing doctor to see if there are any patient assistance programs or prescription discount cards they could recommend.<br><br>#Start a crowdfunding campaign on a platform like GoFundMe to solicit financial help from friends, family, and the wider community.<br><br>#Negotiate a payment plan with the pharmacy or drug company to make the cost of the medication more manageable.",4,1
R_1jPK1OdsY3E8MEO,"#Note the car's make, model, color, and license plate number for any potential reports.<br><br>#Immediately contact local law enforcement or animal control, providing them with the details of the situation.<br><br>#Stay by the car, keeping an eye on the dog's condition while waiting for help to arrive.<br><br>#Try to find the car owner by asking around or getting the mall to make an announcement.<br><br>#If the dog's condition drastically worsens before help arrives, consider the legality and risks of forcibly opening the car.",4,6
R_1jPK1OdsY3E8MEO,"#Alert the wedding coordinator or someone in charge and explain the situation.<br><br>#Consider sending a trusted friend or family member to retrieve the ring if the taxi company is reachable and the cab can be traced back.<br><br>#Explain the situation to the priest or officiant and see if a temporary ring can be used for the ceremony.<br><br>#If possible, and if it isn't a massive disruption, pause the ceremony until the ring can be retrieved.<br><br>#If all else fails, go on with the ceremony and later explain the situation to the couple where they could possibly laugh about it as an unforgettable part of their wedding day story.",4,8
R_7aQUXF1DpF85dxu,"#Discuss the situation with their healthcare provider to explore alternative treatments or medications that could be more affordable.<br><br>#Investigate patient assistance programs for the specific medication, provided by pharmaceutical companies, which often offer discounted or free medications for those in need.<br><br>#Consider starting a fundraising campaign via platforms like GoFundMe to cover the cost of the medication.<br><br>#Seek out local or national charities and organizations that provide financial assistance for medical expenses.<br><br>#Reach out to family and friends to share the situation, they might be willing to help financially or know of resources that could assist.",3,1
R_7aQUXF1DpF85dxu,"#Call for roadside assistance or a tow truck immediately to either fix or move his car out of the intersection.<br><br>#Contact a taxi, ride-sharing service like Uber or Lyft, or a close-by friend or family member to give him a ride to the airport.<br><br>#Inform the airline about the situation, to see if there is anything they can do, or if they can rebook him on a later flight.<br><br>#Use the waiting time to verify if there's any luggage or important travel documents he might have forgotten and can fetch now.<br><br>#Research alternative transportation to airport in case the originally planned transportation means fail. This could be public transportation or a shuttle service.",3,2
R_7aQUXF1DpF85dxu,"#Ask if the venue can look up Ted's purchase on their system using his identification and let him in without a physical ticket.<br><br>#Try to purchase a new ticket at the entrance using a digital device, which would avoid the need to return to the house.<br><br>#Reach out to another friend or family member who could quickly fetch Ted's ticket from his house and deliver it to the concert venue.<br><br>#Find out if there is a digital copy of Ted's ticket in his email or on the ticket service's website, which could be shown to gain entry.<br><br>#Consider waiting for Ted if going back home to get his ticket won't make them miss the entire concert experience.",3,3
R_3TRAtDsI23kW8xe,"#Contact a roadside assistance service to help with the car breakdown.<br><br>#Use a ride-hailing app like Uber or Lyft to get a quick ride to the airport.<br><br>#Call a taxi service for immediate transportation to the airport.<br><br>#Contact the airline to inform them about the situation and request if possible, a delayed departure or a switch to a later flight.<br><br>#Ask a friend or family member who lives nearby to give him a quick ride to the airport if they are available.",3,2
R_3TRAtDsI23kW8xe,"#Take note of the car's make, model, and license plate number.<br><br>#Immediately call local animal control or the police, informing them of the situation.<br><br>#Stay with the vehicle and the dog until help arrives, monitoring its condition.<br><br>#Ask bystanders or mall security to help identify the dog's owner if possible.<br><br>#If there are shops or restaurants nearby, ask them to make an announcement about a dog left in a car.",3,6
R_3TRAtDsI23kW8xe,"#Immediately inform the security personnel about the accidental inclusion of the knife in his bag, explaining he is a professional chef.<br><br>#If permitted by the airport policies, ask the security officials if he could check-in his carry-on bag or some alternative solution to avoid having the knife confiscated.<br><br>#Contact the airline's customer service to ask if there is a possibility to keep the knife safe until he returns from the trip.<br><br>#Reach out to his colleagues at the food festival and inform them about the situation, asking if they can provide a substitute knife for the festival.<br><br>#Locate an airport post office or shipping station to mail the knife to his home or directly to the festival location.",3,7
R_7LoMJxBSqbzqZIb,#Suggest Ted to check if he has an electronic copy of the ticket on his email or on the concert's website.<br><br>#Contact the concert venue to see if they can reissue a ticket at the box office.<br><br>#Look for someone selling tickets outside the venue to see if Ted can buy an extra one.<br><br>#Leave the concert and accompany Ted to his house to collect the ticket for moral support.<br><br>#Ask other friends or acquaintances at the concert if they have an extra ticket Ted could use.,4,3
R_7LoMJxBSqbzqZIb,"#Keep a safe distance from the driver, reducing the risk of a collision if the driver ahead loses control.<br><br>#Make note of the car's license plate number, make/model, and distinguishable characteristics in case it becomes necessary to report the driver.<br><br>#Attempt to pull over and call the local legal authorities, informing them of the situation including the direction of travel of the suspected intoxicated driver.<br><br>#Use a hands-free device to call for help while maintaining control of his own vehicle.<br><br>#Make a mental or voice recording note of the exact time and location in case it becomes necessary to provide these details later.",4,4
R_7LoMJxBSqbzqZIb,"#Politely ask the woman for more information about why she needs a ride, both to assess her urgency and to ensure his own safety.<br><br>#Offer the woman a ride only as far as his home, and suggest she try to find another ride for the remaining 10 miles.<br><br>#Agree to drive the woman to the city, viewing it as an opportunity to help someone in need.<br><br>#Decline the woman's request politely, citing personal reasons or responsibilities that require him to get home on time.<br><br>#Call for a taxi or an Uber for the woman if he feels it’s safer and he's financially capable to do so.",4,5
R_5O6A9kdn5TNlDxA,"#Call a tow truck to remove his car from the highway.<br><br>#Use a ride-hailing service like Uber or Lyft to get to the airport as quickly as possible.<br><br>#Contact the airline to inform them about the situation and inquire if the flight can be rescheduled.<br><br>#Contact a friend or family member who might be able to assist or drive him to the airport.<br><br>#Find the nearest public transportation station, and use the quickest route to get to the airport.",4,2
R_5O6A9kdn5TNlDxA,"#Contact the event organizers or ticket office to explain the situation and ask if they can reissue a ticket or allow entry with proof of purchase.<br><br>#Check if an online version of the ticket is available that Ted can present at the entrance.<br><br>#Consider finding a safe spot to wait for the concert to start while Ted goes back to retrieve his ticket, so he can still join later.<br><br>#Find out if there is a possibility to purchase another ticket at the entrance.<br><br>#Look for a local printing shop or internet cafe where Ted could potentially print a copy of his ticket if he has an online version.",4,3
R_5O6A9kdn5TNlDxA,"#Maintain a safe distance from the car ahead to avoid an unexpected collision.<br><br>#Consider alerting local authorities about a potentially intoxicated driver, providing them with details such as the car model, color, and license plate if possible.<br><br>#Avoid trying to pass the car, as unpredictable movements from the other driver could lead to an accident.<br><br>#Switch on high beam lights to alert the other driver about their erratic movements.<br><br>#Stay vigilant and prepare for evasive maneuvers in case the other driver loses control.",4,4
R_5VkmulNYLDxQYSd,"#Call a tow truck to remove the car from the highway and take it to the nearest mechanic.<br><br>#Use a rideshare app or taxi service to order a ride to the airport as quickly as possible.<br><br>#Contact the airline to inform them of the situation and see if he can be accommodated on a later flight.<br><br>#Check if there are any bus or train services nearby that could potentially take him to the airport.<br><br>#If there are any passer-by vehicles, try to hitch a ride to the airport, explaining the urgent situation.",4,2
R_5VkmulNYLDxQYSd,"#Identify a security officer and explain to them the situation honestly and promptly before the bag goes through the scanner.<br><br>#Request the airport staff if they can store the knife for him in a secure location until he returns from Chicago.<br><br>#Explore options of mailing the knife back to his home or to his destination in Chicago, if allowed and available at the airport.<br><br>#Look for any nearby friends or family who can come and take the knife from the airport, preventing it from going into the security zone.<br><br>#Consider looking for a locker facility proposition (if available at the airport) where he can store the knife securely until he gets back.",4,7
R_5VkmulNYLDxQYSd,#Call a coworker who might be able to cover his shift until the boss arrives.<br><br>#Inform the regular morning customers about the situation and politely ask them to come back later or wait until the boss arrives.<br><br>#Document the situation by writing an e-mail or text to his boss explaining the situation and his necessary departure for the court appointment.<br><br>#Leave a note at a visible location in the store explaining why the store had to be closed temporarily and when it is expected to reopen.<br><br>#Lock the store carefully to prevent theft and ensure security before leaving for the court appointment.,4,9
R_7OSKSsj8YSeRecb,"#Research charities and organizations that provide financial aid for people who can't afford vital medications.<br><br>#Reach out to the manufacturer of the medication. Sometimes, they have programs that provide the drug at a low cost or even for free.<br><br>#Consult with the attending physician to see if there are any alternative treatments or generic versions of the same medication that might be less expensive.<br><br>#Start a crowdfunding campaign on a platform like GoFundMe to gather donations from friends, family, and the community.<br><br>#Look into medical trials for the specific illness. Sometimes, these trials provide the necessary medication for free.",4,1
R_7OSKSsj8YSeRecb,"#Keep a safe distance from the car in question to avoid any sudden erratic moves they might make.<br><br>#Use a hands-free device to call the local law enforcement office, describing the car’s appearance, direction, and suspected intoxication.<br><br>#Try to capture the license plate of the car, but only if it can be done safely without causing any traffic violations or risks.<br><br>#If the situation becomes expressly dangerous, pull over to the shoulder safely and let the erratic car move further away before continuing on the journey.<br><br>#Use hazard lights or horn actions to alert other drivers around about the potential hands-on situation.",4,4
R_7OSKSsj8YSeRecb,"#Attempt to locate the owner of the car by going back into the mall and having them paged.<br><br>#Call the local non-emergency police or animal control number to report the situation.<br><br>#Record the car's make, model, color, and license plate number to provide to authorities.<br><br>#Stay nearby to monitor the dog's condition while waiting for help to arrive.<br><br>#If it's legal and safe to do so in your area and the animal appears to be in immediate danger, consider breaking the window farthest from the dog to allow airflow.",4,6
R_539oITEOi6lQwYi,"#Discuss the situation with the doctor to find out if there are any less expensive, equivalent alternatives to the prescribed medication.<br><br>#Consult with the pharmaceutical company that produces the medication and inquire about patient assistance programs or discounts.<br><br>#Contact a social worker or patient advocacy groups to learn about available resources and options for financial support.<br><br>#Start a crowdfunding campaign online to raise money for the medication.<br><br>#Explore the possibility of applying for a personal loan or payment plan to cover the costs.",3,1
R_539oITEOi6lQwYi,"#Decide to give the woman a ride, considering the extra distance as a charitable gesture.<br><br>#Politely refuse her request, explaining that he's had a long day and just wants to get home.<br><br>#Suggest that she try asking someone else at the gas station who might be heading in that direction.<br><br>#Offer to call a cab or rideshare service for her if she doesn't have a means to do so.<br><br>#Inquire more about her situation to determine if it's safe and worth to give her a ride, and based on the obtained information, make a decision.",3,5
R_539oITEOi6lQwYi,"#Quickly signal or whisper to someone of authority (e.g., the best man, maid of honor, or wedding planner) about the situation to ask for help or advice.<br><br>#Consider discreetly texting or calling the taxi company, if he has their contact information, to see if they can return with the ring.<br><br>#Search the immediate vicinity, his other pockets, and his belongings to double-check if the ring may be somewhere close.<br><br>#Improvisate with a substitute - a wedding band from a family member's ring or an appropriate piece of jewelry from a guest, if available and appropriate.<br><br>#Last resort, confess to the couple privately during a quieter moment in the ceremony about the missing ring, apologizing sincerely and offering to pay for a replacement if necessary.",3,8
R_7lnp7fZJQqVaGzy,"#Check if the ticket was bought online and whether there is a digital copy that could be shown at the entrance.<br><br>#Call the customer service of the concert and explain the situation to see if they can make an exception and allow Ted to enter without his ticket.<br><br>#Ask if any of their other friends who are at the concert have a spare ticket that Ted could use.<br><br>#Explore the possibility of buying another ticket at the entrance, if they are not sold out.<br><br>#Consider sending a cab or ride-sharing service to Ted's house to retrieve the ticket if possible.",4,3
R_7lnp7fZJQqVaGzy,"#Slow down and increase the distance between his vehicle and the erratic vehicle to avoid a potential collision.<br><br>#Observe the erratic driver's behavior for further signs of intoxication, such as sudden acceleration or deceleration, failing to indicate, and inconsistent speeds.<br><br>#Note down the vehicle's make, model, color, and license plate number, if it's safe to do so.<br><br>#Warn other drivers if possible by flashing his headlights or honking his horn when it's safe and necessary.<br><br>#Call the local non-emergency police number to report the situation, providing the vehicle's description and location.",4,4
R_7lnp7fZJQqVaGzy,"#Call the local animal control or police non-emergency line to inform them of the situation and provide the car's location and description.<br><br>#Take note of the car's make, model, and license plate number to report to the authorities.<br><br>#Try to locate the owner of the vehicle by going back to the mall and asking for a public announcement to be made.<br><br>#Stay nearby to the vehicle to monitor the dog's condition and ensure it does not worsen before help arrives.<br><br>#If the situation becomes increasingly concerning, perhaps due to the dog losing consciousness, consider breaking a window to free the dog from heat, but only if local laws permit such actions.",4,6
R_7bWuvztZlGS2Tp2,#Ask the woman for more details about her situation to better assess its seriousness or danger.<br><br>#Consider his own safety and comfort before agreeing to give the woman a ride.<br><br>#Evaluate the condition and fuel level of his car and whether it can handle the additional journey.<br><br>#Contact someone he trusts to inform them about the situation in case of any unforeseen circumstances.<br><br>#Offer to call a taxi or rideshare service for the woman if he feels uncomfortable about giving her a ride himself.,4,5
R_7bWuvztZlGS2Tp2,"#Inform the airport security personnel about the mistakenly packed knife and explain the situation to them.<br><br>#Ask airport security if they can ship the knife to his destination, if such services are available.<br><br>#Consider leaving the line to contact a friend or family member nearby who could pick up the knife and take it home.<br><br>#Look for storage lockers available at the airport where he could store the knife and retrieve it upon his return.<br><br>#Contemplate buying a replacement knife at his destination if it is not too costly, or borrowing one from his colleagues at the festival.",4,7
R_7bWuvztZlGS2Tp2,"#Call a reliable co-worker to inform them of the situation and ask if they could cover the store until the boss arrives.<br><br>#Leave a detailed note for the boss explaining why he had to leave and what tasks were left undone.<br><br>#Contact any higher-ups or stores in the same chain (if applicable) and explain the situation, asking for possible temporary coverage or solutions.<br><br>#Lock up the store after leaving a sign explaining that it will temporarily be closed due to an emergency.<br><br>#Hire a temporary staff from a reliable agency to manage the store until the boss arrives.",4,9
R_3obWOEBi05AyKBz,"#Call for roadside assistance to either fix the car or tow it to the nearest car repair shop.<br><br>#Use a ride-hailing service like Uber, Lyft, or a taxi to continue his journey to the airport.<br><br>#Contact the airline to inform them about his situation and inquire if there's any possibility of rescheduling his flight without any major penalties.<br><br>#Look for a nearby public transportation service, like a bus or train, that can get him to the airport on time.<br><br>#Reach out to a family member, friend or colleague who lives nearby and ask if they could drive him to the airport.",3,2
R_3obWOEBi05AyKBz,"#Call the ticket office or customer service, explain the situation, and ask if they can reissue the ticket at the entrance.<br><br>#Check if Ted's ticket was purchased online and if there's a possibility to display it on a mobile device.<br><br>#Ask around to see if anyone near the venue is selling a ticket for the concert.<br><br>#Consider splitting the group, with some friends staying with Ted while the rest go into the concert, then rotating during intermission.<br><br>#Think about contacting a relative or friend who lives near Ted’s house to retrieve the ticket and bring it to the concert.",3,3
R_3obWOEBi05AyKBz,"#Immediately call the local non-emergency police number to report the situation and provide a detailed description of the car and the dog.<br><br>#If possible, stay by the car to monitor the dog's condition until help arrives.<br><br>#Inquire with the mall management if there is a public announcement system that can be used to notify the car owner of the situation.<br><br>#Take a photograph of the vehicle, including its license plate, for documentation purposes, which may be useful for authorities.<br><br>#Ask other bystanders or security guards present in the parking lot to help keep an eye on the dog while waiting for aid.",3,6
R_71cmNR3xwC4Wyn6,"#Maintain a safe distance from the suspected intoxicated driver to avoid any potential accidents.<br><br>#Attempt to get the car's license plate number, make, and model for reporting purposes.<br><br>#Pull over at a safe location and call the local police or highway patrol to report the suspected intoxicated driver, providing them with as much detail as possible.<br><br>#If there are passengers in his car, ensure they are wearing their seat belts to be prepared for any unexpected maneuvers.<br><br>#Consider taking an alternate route to ensure his own safety, if possible.",3,4
R_71cmNR3xwC4Wyn6,"#Calmly take the knife out of the bag and inform the airport security about the mistake made.<br><br>#Ask if there is a mail service at the airport to send the item to his destination, thus preventing it from being confiscated.<br><br>#Talk to the airline staff and inquire about a possible solution, such as checking in the bag containing the knife.<br><br>#Consider leaving the queue and search for nearby stores where he could potentially sell the knife to avoid loss.<br><br>#Call a local contact or a friend to come and pick up the knife from the airport, ensuring it will not be discarded.",3,7
R_71cmNR3xwC4Wyn6,"#Call a coworker to see if they can cover for him while he attends the court appointment.<br><br>#Leave a note for the boss explaining the situation and that he had to leave for the court appointment.<br><br>#Inform regular customers entering the store about the situation and ask if any of them could temporarily watch the store.<br><br>#Call the local non-emergency police line to inform them of the situation, ensuring he takes note of the time he left the store unattended for legal reasons.<br><br>#Contact a local security company to temporarily guard the store while he leaves to attend his court appointment.",3,9
R_6ZDDTUIDaWhFGGR,#Call the ticketing agency or venue to see if there's a digital version of the ticket that could be verified with Ted's ID.<br><br>#Ask other friends or people near the venue if they have an extra ticket to spare or sell.<br><br>#Look for ticket scalpers who might be selling tickets near the entrance of the venue.<br><br>#Use social media or online platforms to find anyone who can’t attend last minute and would be willing to sell their ticket.<br><br>#Use the venue's app or online service to buy another ticket if any are still available.,3,3
R_6ZDDTUIDaWhFGGR,"#Calmly and discretely signal to a trusted family member or friend to inform them of the predicament.<br><br>#Ask someone to immediately call the taxi company and explain the situation, in hopes of retrieving the ring.<br><br>#Plan a quick and discrete exit to rush back to the taxi if it is still nearby and retrieve the ring.<br><br>#Improvise with another piece of jewelry or a symbolic token if the original ring cannot be found in time.<br><br>#Apologize and explain the situation to his sister and the groom at an appropriate moment, offering to replace the ring if it cannot be retrieved.",3,8
R_6ZDDTUIDaWhFGGR,"#Call another employee who might be available to cover the shift until the boss arrives.<br><br>#Leave a note explaining the situation for the boss and any customers to find when they arrive.<br><br>#Contact a trusted friend or family member who could watch the store until the owner or another employee arrives.<br><br>#Try contacting the boss using another method of communication, such as email or a message through social media.<br><br>#Lock up the store securely to prevent theft or vandalism, and leave a visible notice for customers about the temporary closure, ensuring to reach back to the boss later to explain the situation.",3,9
R_7RPuNvoS1wImYhj,"#Ask the ticket counter if there is a digital version of the ticket or if they could reprint the ticket based on identification and purchase proof.<br><br>#One of the friends could share their ticket with Ted, then the friend can go in first, and later, Ted can use the same ticket to go in.<br><br>#Check if any of the ticket reselling booths around the venue might still have available tickets for the concert, which Ted can buy.<br><br>#Take a cab or use a rideshare app to drive to Ted's house and retrieve the ticket as quickly as possible. In this case, Darya and/or other friends could accompany Ted.<br><br>#If Ted has someone at his home, have them find the ticket, then take a picture or scan it and send it to Ted for use at the concert.",4,3
R_7RPuNvoS1wImYhj,"#Offer to drive the woman to her destination, provided that it doesn't drastically alter his intended travel schedule or fuel consumption.<br><br>#Politely decline her request, citing personal reasons or other commitments.<br><br>#Suggest alternative modes of transportation to the woman, such as a local bus or taxi service.<br><br>#Ask the woman if she has any friends or family who could give her a ride instead.<br><br>#Offer to call a taxi or rideshare service for her if she doesn’t have the means to do so herself.",4,5
R_7RPuNvoS1wImYhj,#Call a trusted coworker to cover for him until his boss arrives.<br><br>#Write a note explaining his situation for the boss and leave it in a place where the boss is sure to find it.<br><br>#Secure the store following company protocols to ensure the safety of the store's goods and assets until his boss arrives.<br><br>#Leave a voicemail or text message explaining his situation to his boss for further clarification when he checks his phone.<br><br>#Inform any regular customers who visit early in the morning about the situation and the possibility of a temporary closure.,4,9
R_6kAGz3od4lJyj5K,"#Seek advice from a financial advisor on budgeting and possibly reallocating resources temporarily to afford the medication.<br><br>#Explore options of patient assistance programs which provide certain medications at a lower cost or free of charge.<br><br>#Discuss with their healthcare provider or pharmacist about alternative medications or treatments that might be covered by their insurance.<br><br>#Establish a fundraising campaign on a platform such as GoFundMe to gather financial support from friends, family, and the community.<br><br>#Research and apply for medical grants or charities that can help cover the cost of the medication.",4,1
R_6kAGz3od4lJyj5K,"#Call roadside assistance to get the car problem fixed as quickly as possible.<br><br>#Request a ride by using a taxi or ride-sharing app like Uber or Lyft to immediately continue the journey to the airport.<br><br>#Contact the airline to explain the situation and inquire about possible later flights, or the possibility of rescheduling without severe penalty.<br><br>#Use a local public transportation system - if available and efficient - to reach the airport while his car is getting repaired.<br><br>#Reach out to a friend or family member living nearby, who may be able to give him a quick lift to the airport.",4,2
R_6kAGz3od4lJyj5K,"#Immediately inform the officiant and his sister about the lost ring in a discreet manner.<br><br>#Contact the taxi company to report the misplaced item, providing details such as the car number, driver's name if he remembers, and his pick-up and drop-off locations.<br><br>#Ask if anyone at the wedding has a spare ring or anything that could be temporarily used to symbolize the wedding ring.<br><br>#Consider asking around if anyone present had taken the same taxi firm recently and might have the driver's contact details.<br><br>#In case the taxi company can't help right away, begin thinking of potential temporary solutions, such as using a piece of jewelry belonging to any family member present, for the wedding ceremony to continue.",4,8
R_1E6nYJ0Vm83qZhv,"#Research patient assistance programs or nonprofit organizations that may help cover the cost of expensive medications.<br><br>#Explore options for generic versions of the medication that might be cheaper.<br><br>#Contact the pharmaceutical company directly and inquire about discounts, financial aid, or a payment plan.<br><br>#Consult with a medical professional to discuss potential alternative treatments or medications that may be more affordable.<br><br>#Consider crowdsource funding options, such as setting up a GoFundMe page, to raise money for the medication.",4,1
R_1E6nYJ0Vm83qZhv,"#Assess the condition of the dog quickly but carefully, noting signs of heatstroke, which might include heavy panting, excessively drooling, or lethargy.<br><br>#Find the mall's security staff and inform them about the situation, providing them with the necessary details such as the car’s location and its make and model, encouraging them to take quick action.<br><br>#Call local animal control or the non-emergency police number, describing the urgency of the situation and giving them the required details.<br><br>#Stay near the car (but at a safe distance) to monitor the dog's condition while waiting for authorities to arrive.<br><br>#Try to locate the car owner by recording the license plate and asking mall authorities to page them, urging immediate action due to the dog's condition.",4,6
R_1E6nYJ0Vm83qZhv,"#Call a coworker or a manager that could possibly cover his shift at the convenience store.<br><br>#Leaving a detailed note for his boss explaining the situation and why he had to leave.<br><br>#Reach out to any available and nearby friends or family who could temporarily cover for him until his boss arrives.<br><br>#Inform the relevant court personnel about his predicament and inquire about rescheduling the court appointment.<br><br>#Lock up the store securely, making sure all valuable items are inaccessible, if no other option is available. He could then inform his boss later why it was necessary.",4,9
R_3RTZTgG0o3PS9UW,#Call a roadside assistance service to report the broken car and request immediate help.<br><br>#Use a ride-hailing service like Uber or Lyft to arrange an immediate ride to the airport.<br><br>#Contact a friend or family member who might be able to provide a quick ride to the airport.<br><br>#Check nearby public transportation options (like bus or train lines) that could potentially take him to the airport.<br><br>#Call the airline to inform them about his situation and explore options for rescheduling the flight if necessary.,4,2
R_3RTZTgG0o3PS9UW,"#Maintain a safe distance from the drifting car, giving enough room in case the other driver swerves unexpectedly.<br><br>#Observe the suspected intoxicated driver's behavior for a short period to gather more evidence of intoxicated driving.<br><br>#Try to note the car's make, model, color, and license plate without compromising his own safety.<br><br>#Pull over safely to the side of the road and call the local police or highway patrol, providing them with the details about the erratic driver.<br><br>#If possible, take an alternate route to avoid further interaction with the potentially intoxicated driver.",4,4
R_3RTZTgG0o3PS9UW,"#Assess the woman's situation to determine if it's safe and appropriate to give her a ride. This could include asking her why she needs a ride and evaluating her overall demeanor.<br><br>#Consider whether he has enough gas to reach the additional destination and still get home without needing to refill.<br><br>#Evaluate his schedule to ensure he has enough time to drive the extra miles without being late for other obligations.<br><br>#Offer to call a taxi or rideshare service for the woman if he decides not to give her a ride.<br><br>#Decide to give the woman a ride, ensuring to inform a friend or family member about it for safety reasons.",4,5
R_1H1Uw3bUXGuY5Qk,"#Call a tow truck to take care of his car.<br><br>#Contact a taxi, ride-share service, or public transport to continue his journey to the airport.<br><br>#Inform the airline about the situation, asking if the flight could possibly be delayed.<br><br>#Reach out to friends or family who might be available to pick him up.<br><br>#Check if there are any nearby car rental services that could provide him a vehicle immediately.",4,2
R_1H1Uw3bUXGuY5Qk,"#Assess if he has enough time and gas to safely take the woman to the nearby city and still return home.<br><br>#Politely ask the woman for more details about her situation to ensure his own safety.<br><br>#Offer to call a taxi or another form of transportation for the woman if he is unable to assist.<br><br>#Ask the gas station attendant or any other present authority about the woman’s sincerity, or if they know any available resources for her.<br><br>#Consider his personal safety and obligations before agreeing to give the woman a ride.",4,5
R_1H1Uw3bUXGuY5Qk,"#Carl could immediately explain the situation to the security officer, stating that he is a professional chef heading to a food festival, and the knife is an inadvertent addition to his luggage.<br><br>#Carl could check whether the airport has a mailing facility, where he could potentially mail the knife to his home or the destination.<br><br>#If time allows, he could exit the security area, find a safe place to store his knife (like in his car or a locker, if available), and then rejoin the security queue.<br><br>#He could ask a friend or a relative who dropped him at the airport to come and collect the knife, provided they are nearby and haven't left yet.<br><br>#Carl could choose to voluntarily forfeit the knife to the airport security for disposal to avoid any potential trouble or danger.",4,7
R_24672PSwk5P9b9q,"#Call for emergency roadside assistance to fix the car, if time allows.<br><br>#Hail a taxi or use a ride-sharing application like Uber or Lyft to quickly get to the airport.<br><br>#Contact the airline to inform them of the situation and inquire about possible solutions or flight rescheduling.<br><br>#If other transport options are not available soon, consider hitchhiking or asking a passerby for help.<br><br>#Use public transportation if it's available and time allows, such as a bus or a metro.",3,2
R_24672PSwk5P9b9q,"#Call the ticket office or event management, explain the situation, and ask if there is a way to verify Ted's purchase so he can gain entrance.<br><br>#Check if there is a digital version of the ticket emailed to Ted which he might show at the entrance.<br><br>#Ask someone at the venue if there's lost and found, perhaps a spare ticket might have been handed in.<br><br>#Suggest that Ted use a ride-sharing service or taxi to go back home and retrieve the ticket as quickly as possible to reduce his missed time.<br><br>#Consider purchasing a new ticket at the door if available, deeming the cost acceptable as a last-minute solution.",3,3
R_24672PSwk5P9b9q,"#Maintain a safe distance from the suspected intoxicated driver to avoid any potential accidents.<br><br>#Attempt to record their license plate number, vehicle description, and erratic driving behavior details without endangering his own safety.<br><br>#Pull over to a safe location and call the local authorities to report the suspected intoxicated driver, providing all the detailed information he has observed.<br><br>#If possible, turn on hazard lights or flash headlights intermittently as a signal to alert other drivers about the possible danger on the road.<br><br>#If the driver's behavior continues to be a danger and he is in an area with poor cell service, he can drive to a nearby populated area or a police station to report the situation in person.",3,4
R_3S611tjUUzAS8Pi,"#Call the ticketing service, explain the situation, and inquire whether a replacement ticket can be obtained at the box office.<br><br>#Check with the concert organizers to see if a photo or digital copy of the ticket on Ted's phone would be sufficient for entry.<br><br>#Ask nearby concert-goers if anybody has an extra ticket they would be willing to sell.<br><br>#Explore the possibility of a fast courier service that could retrieve the ticket from Ted's house.<br><br>#Consider skipping the concert yourself to accompany Ted back to his house to retrieve the ticket, so he doesn't miss out entirely.",4,3
R_3S611tjUUzAS8Pi,"#Immediately contact local animal control or the non-emergency police line to report the situation and provide the car's description and location.<br><br>#Ask mall security or management for assistance, as they may have protocols for these situations.<br><br>#Stay near the car to monitor the dog's condition, but avoid any attempt to break into the car yourself—this may be illegal and potentially dangerous.<br><br>#If the owner arrives before help does, calmly express your concern about the dog's safety and advise them on the dangers of leaving pets in hot cars.<br><br>#After the incident, consider sharing experience on your social media platforms to raise awareness about the dangers of leaving animals in hot vehicles.",4,6
R_3S611tjUUzAS8Pi,"#Immediately whisper to the closest person (e.g. the groom) about the situation, apologizing, and explaining the reason.<br><br>#Ask the officiant discreetly to pause the ceremony if absolutely necessary, while a solution is being found.<br><br>#Use a cellphone to call the taxi company, trying to identify the cab and retrieve the ring.<br><br>#Ask for a substitute ring from among the attendees, in case someone has a similar ring that can serve as a temporary solution.<br><br>#Turn the situation into a light-hearted moment if appropriate to diffuse the tense atmosphere, while a solution is underway.",4,8
R_3CcYcVIsSXRoXJp,"#Darya could offer to lend her mobile phone to Ted to call someone at his house and ask if they can find his ticket and send a picture of it.<br><br>#The group could ask the concert management if they could look up Ted's ticket purchase in their system using his ID as proof.<br><br>#Darya and her friends could look for a solution online, such as a ticket resale platform, where Ted could buy a new ticket.<br><br>#Ted could contact the ticket selling agency or site from where he purchased the ticket to see if they could reissue a digital version of the ticket.<br><br>#Darya's group could decide to delay entering the concert momentarily to brainstorm solutions or possibly ask other concert attendees for advice.",4,3
R_3CcYcVIsSXRoXJp,"#Inform the security officer about the accidental inclusion of the knife in his bag before passing through the scanner.<br><br>#Ask if there is a way to mail the knife to his destination avoiding the need for it to be discarded.<br><br>#Consider going back through the line and checking the bag with the knife in it, ensuring that it gets safely to the destination.<br><br>#Reach out to a friend or family member who could potentially retrieve the knife from the airport if he doesn't have enough time to check the bag.<br><br>#Evaluate the choice to leave the knife behind at security, considering factors such as time, expense, and inconvenience.",4,7
R_3CcYcVIsSXRoXJp,"#Immediately inform someone involved in the wedding, such as the groom, the wedding planner, or a family member.<br><br>#Without creating a scene, discreetly ask if there’s a backup ring that could be used for the ceremony.<br><br>#Recall the taxi company or driver (if you remember) to see if the ring is still in the vehicle and if they can drive back.<br><br>#Delegate someone not directly involved in the ceremony to go retrieve the ring if the taxi company or driver confirms it's there.<br><br>#Apologize for the mishap and promise to rectify the situation as soon as feasible.",4,8
R_6pcoQZhZrcLbNSg,#Research alternative or generic forms of the medication that might be less expensive.<br><br>#Contact the pharmaceutical company directly to inquire about patient assistance programs or medication samples.<br><br>#Looking for local or national charities that may offer financial assistance for medical expenses.<br><br>#Discussing the situation with the treating physician and asking if there are other treatment options available that may be less expensive.<br><br>#Starting a crowdfunding campaign to raise the needed funds for the medication.,3,1
R_6pcoQZhZrcLbNSg,"#Immediately call animal control or the non-emergency police number to report the situation.<br><br>#If possible, stay by the car to monitor the dog's condition and wait for help to arrive.<br><br>#Speak to the security personnel of the mall, describe the situation, and ask for immediate assistance.<br><br>#Try to find the car owner by quickly going through the nearby stores or asking people around.<br><br>#If the dog's situation deteriorates severely before help can arrive, carefully consider breaking the window farthest from the dog to provide immediate relief. Only do this if it's absolutely necessary and legal where you are. Consult with authorities on the phone about this step if possible.",3,6
R_6pcoQZhZrcLbNSg,"#Immediately inform the officiant about the situation in a discreet manner.<br><br>#Contact the taxi company or the last known taxi driver, if possible, to check if the ring is still in the vehicle.<br><br>#Ask the groom or the bride's family if they have a substitute ring that could be used for the ceremony.<br><br>#On the chance that someone in the audience might have an extra ring, make a gentle request to borrow it for the ceremony.<br><br>#If all else fails, apologize to his sister and brother-in-law and assure them that he will personally ensure the ring is found and returned.",3,8
R_79yrpyd3cXWMb4J,"#Use his phone to call for emergency roadside assistance to fix the car while he waits.<br><br>#Call a taxi, ride-sharing service, or friend to pick him up and take him to the airport.<br><br>#Check for nearby bus or train routes to the airport and use public transportation if possible.<br><br>#Wave down passing drivers and ask if they can offer a ride to the airport.<br><br>#Contact the airline to inform them about the situation and inquire about rescheduling the flight.",4,2
R_79yrpyd3cXWMb4J,"#Alert the security personnel about the knife before it is discovered in the scan, explain the situation honestly, and admit the mistake.<br><br>#Ask the security staff if they could potentially mail the knife to his address or store it until he returns, rather than confiscating it.<br><br>#Try to find a post office or shipping service in or near the airport to mail the knife to his destination, if the security check hasn't already happened.<br><br>#Contact a friend or family member who might be near the airport to come and retrieve the knife if it's not permissible and time allows for it.<br><br>#If the knife is confiscated, ask if there's any recourse, such as an appeal process, to recover the expensive item.",4,7
R_79yrpyd3cXWMb4J,"#Immediately alert someone close by, preferably a groomsman or bridesmaid, about the situation, so they can help manage the situation without causing a big disturbance.<br><br>#Quietly approach the officiant, if possible, and inform them about the missing ring. The officiant may have a process in place for such events.<br><br>#Recall the taxi company, car number, or driver's name (if remembered) and try to contact them immediately to ask if they can return to the venue with the ring.<br><br>#If unable to reach the taxi or if the ring cannot be retrieved immediately, suggest using a stand-in ring for the ceremony to continue without lengthy interruption.<br><br>#Apologize to the couple after the ceremony, explaining the situation honestly and ensuring them that every effort is being made to retrieve the ring.",4,8
R_7anMmLzOj3sQNdD,#Seek advice from the wife's healthcare provider to explore possible alternatives or generic medication options that may be cheaper.<br><br>#Research and apply for pharmaceutical patient assistance programs that help cover the cost of certain medications.<br><br>#Contact local or national charities and foundations that offer assistance in paying for medical treatments.<br><br>#Consult with a financial advisor to review their budget and determine if there are areas where they can save or allocate funds for the needed medication.<br><br>#Start a crowdfunding campaign on a platform such as GoFundMe to raise money for the medication.,4,1
R_7anMmLzOj3sQNdD,"#Stay at a safe distance from the suspected drunk driver to avoid sudden maneuvers.<br><br>#Call the local law enforcement or emergency services to report the reckless driving and provide a vehicle description.<br><br>#If possible, get the license plate of the suspected intoxicated driver's vehicle for the report.<br><br>#Avoid attempting to pass the vehicle. This could be dangerous considering the unpredictable driving pattern.<br><br>#Alert other drivers, if possible, by flashing lights or honking the horn. Avoid these actions if they may confuse or startle the suspected intoxicated driver.",4,4
R_7anMmLzOj3sQNdD,"#Call a co-worker or another employee who could cover the shift for a few hours.<br><br>#Close the store briefly, leaving a note explaining the situation and when the store will reopen.<br><br>#Contact the boss again, but this time through email or other social media platforms where he might respond.<br><br>#Inform a regular customer nearby, who could potentially watch the store for a brief period.<br><br>#Inform the court about the situation and inquire about the possibility of rescheduling the appointment.",4,9
R_1kaKQ4Ryoiex7Xx,"#Consider the woman’s request and evaluate his comfort in providing a ride to a stranger.<br><br>#Verify the woman's identity or ask for additional details to ensure safety.<br><br>#Assess if he has enough fuel to transport the woman to the city and still get home comfortably.<br><br>#Politely decline the request, if he feels uncomfortable or unable to accommodate her.<br><br>#Offer to call a taxi or other transportation services for her if he doesn't feel secure taking her himself.",3,5
R_1kaKQ4Ryoiex7Xx,"#Quietly inform the wedding officiant about the situation, so he or she can gracefully stall the ceremony or come up with a temporary solution.<br><br>#Confide in a trusted wedding party member, and have them discreetly spread the news to other trusted participants, in order to devise a solution.<br><br>#Make a quick phone call to the taxi company, providing them with all necessary details, to see if they can send the same taxi back to the venue or if the ring can be located.<br><br>#If the taxi or ring cannot be located in time, arrange for a symbolic ring to be used for the ceremony, explaining the situation to the bride and groom if necessary.<br><br>#After the wedding ceremony, make arrangements to retrieve the ring as soon as possible and ensure it gets to the couple. Also consider offering to pay for any additional costs incurred due to the misplaced ring.",3,8
R_1kaKQ4Ryoiex7Xx,"#Make a note about the situation, mentioning the date, time and reason for absence, which can be provided to the boss when they arrive.<br><br>#Call a fellow colleague who might be available to take his shift for an hour or until the boss arrives.<br><br>#Leave a note at the store explaining his absence, so customers understand why the store may be temporarily closed.<br><br>#Contact local authorities or a lawyer to make them aware of his situation and his intention to attend the court appointment.<br><br>#Ensure to secure all cash, goods, and important documents in the store before leaving to protect them from any potential theft.",3,9
R_1rU4etvjpCukuor,#Review their budget to find any areas where costs can be cut to save money for the medication.<br><br>#Consult with a financial advisor or social worker to understand possible assistance programs they could be eligible for.<br><br>#Reach out to the pharmaceutical company directly to inquire about any patient assistance programs for the medication.<br><br>#Consider setting up a crowdfunding campaign to ask for financial help from their community.<br><br>#Contact charities or nonprofit organizations that aid individuals facing similar health and financial difficulties.,3,1
R_1rU4etvjpCukuor,"#Offer to lend Ted her phone so he can call his family or roommates to check if they can find his ticket and send him a picture of it.<br><br>#Check with the concert entrance if they have online verification or a guest list where Ted's name might be, especially if he bought the ticket online.<br><br>#Encourage Ted to talk to the concert venue's customer service and explain the situation. They might be able to issue him a replacement ticket.<br><br>#Suggest buying a new ticket at the box office if they’re not sold out. If Ted doesn't have enough money, the group could pool money for him.<br><br>#Propose asking around the crowd at the entrance to see if anyone has a spare ticket they are willing to sell or give away. There’s often someone who bought a ticket for a friend who didn’t show up or who is selling a spare ticket.",3,3
R_1rU4etvjpCukuor,"#Jot down the car's license plate number and the exact location.<br><br>#Immediately call the local animal control center or police department to report the situation.<br><br>#Stay near the car to monitor the dog's condition while waiting for help to arrive.<br><br>#If possible, find a mall security officer and inform them about the situation.<br><br>#Document the situation by taking pictures or videos of the dog in the car as evidence for authorities.",3,6
R_5n7Ya8yEWVBA6Ip,#Contact the organizers or customer service at the venue to ask if they can reprint his ticket or offer a digital version.<br><br>#Ask to borrow someone else's ticket momentarily to take a copy or a photo to be able to show it at the checkpoint.<br><br>#Check if there is a ticket for sale at the venue or from a concert goer who might have an extra ticket.<br><br>#Look for apps or services online that could have last-minute tickets for sale or for rent.<br><br>#Suggest to split cab fare or send a faster means of transportation like an Uber for Ted to fetch his ticket and return.,4,3
R_5n7Ya8yEWVBA6Ip,"#Evaluate the woman's request by considering factors such as his current fuel level, how much time he has, and whether he feels comfortable giving her a ride.<br><br>#Ask more information from the woman, such as why she needs a ride and if there's anyone else who can help her.<br><br>#Consider calling a taxi or ride-sharing service for her if he doesn’t feel comfortable or it's not convenient to take her.<br><br>#Offer to drive her as far as his house, if it's on the way to the city, and she can arrange for further transportation from there.<br><br>#Politely decline her request if he feels it would be significantly inconvenient or potentially unsafe.",4,5
R_5n7Ya8yEWVBA6Ip,"#Immediately inform the mall security about the situation and provide them with specific details about the car and its location.<br><br>#Alert fellow shoppers in the vicinity to gain more attention and help for the situation.<br><br>#Try to find the owner of the car by asking around or have the mall management make an announcement about the situation.<br><br>#Call the local animal control or police department to report the case of animal distress.<br><br>#Stay beside the car from a safe distance to monitor the dog's condition while waiting for help to arrive. Keep a note of the car's make, model, and license plate number.",4,6
R_6ngZTn7G3I4XIOt,"#Maintain a safe distance from the suspected intoxicated driver to avoid any potential erratic movements.<br><br>#Take note of the vehicle's make, model, color, and license plate number for reference.<br><br>#Call the local non-emergency police number, describe the situation including the car details, and follow their instructions.<br><br>#If the situation seems increasingly dangerous or the driver starts posing a direct threat to others, dial emergency services immediately.<br><br>#Look for alternate routes or safely pull over and stop if possible, until the suspected intoxicated driver has moved on.",3,4
R_6ngZTn7G3I4XIOt,"#Immediately inform the security personnel about the mistake before the bag goes through the scanner.<br><br>#Ask if it’s possible to leave the knife with airport security and pick it up upon return, or if they can ship it to his destination.<br><br>#Check if there's a post office or parcel service nearby at the airport where he can send the knife to his destination or to his home.<br><br>#Consider contacting a colleague who has not yet traveled and asking them to transport the knife.<br><br>#In case all these options are not feasible, prepare mentally that he might have to leave his expensive knife behind as a last resort.",3,7
R_6ngZTn7G3I4XIOt,"#Calmly inform the person conducting the ceremony of the situation without alarming the bride and groom.<br><br>#Contact the taxi company immediately to return the ring if possible.<br><br>#Attempt to use an alternative ring, such as borrowing one from a guest or family member.<br><br>#Suggest postponing the ring exchange to a later point in the ceremony while the original ring is retrieved.<br><br>#In the worst-case scenario, propose that the ceremony proceeds without the rings, adopting a symbolic gesture instead.",3,8
R_7DYnk06gEVcpxIr,"#Evaluate the situation to ensure he feels safe giving a ride to a stranger.<br><br>#Ask the woman for more details about her situation to ascertain that she really needs the help.<br><br>#Consider if he has enough fuel to comfortably get him to the requested city and still make it home.<br><br>#Decide whether he has the time to drive the extra miles and if it would interfere with his schedule.<br><br>#If he decides to give her a ride, inform someone he trusts about his plans and share the exact location of the drop-off point.",3,5
R_7DYnk06gEVcpxIr,#Immediately contact the taxi company to see if the driver can return with the ring.<br><br>#Ask for an intermission or delay in the ceremony to allow time to retrieve the ring.<br><br>#Borrow a ring from someone else at the wedding to use temporarily.<br><br>#Confess to his sister about the missing ring and apologize.<br><br>#Consider calling a friend or a family member to bring a spare ring if there's one available at home.,3,8
R_7DYnk06gEVcpxIr,"#Call a trustworthy coworker who might be available to stand in for him until his boss arrives.<br><br>#Write a note explaining the situation and leave it in a visible location for his boss to see when he arrives.<br><br>#Lock the store temporarily, informing any customers about the situation and the time he expects to be back.<br><br>#Contact nearby stores that share the same owner or management, and ask if they could send a temporary replacement.<br><br>#Reach out to his lawyer or court clerk to inform them of the situation and see if his court appointment can be rescheduled.",3,9
R_1pWaiw3gTtoWely,"#Suggest Ted to look through his emails or the ticket seller's website for an electronic copy of the ticket.<br><br>#Consider calling the concert organizers to explain the situation and inquire if they can reprint a ticket at the box office.<br><br>#Recommend Ted to contact a trusted neighbor or family member who could go into his house, find the ticket and send a photo of it.<br><br>#Propose to hold a spot for Ted near the entrance while he sorts out his situation.<br><br>#Suggest for the group to wait and start the concert together, even if it means missing the beginning.",3,3
R_1pWaiw3gTtoWely,"#Immediately take a photo of the car, including the license plate, as potential evidence.<br><br>#Approach mall security or administrative staff, informing them of the situation with specific details.<br><br>#Call a local animal control agency, or if unavailable, the police, to report the case and solicit assistance.<br><br>#Stay close to the car while maintaining a reasonable distance, keeping an eye on the dog, and waiting for professional help.<br><br>#Use social media or other available platforms to spread the information, aiming to identify and reach the owner as quickly as possible.",3,6
R_1pWaiw3gTtoWely,"#Contact the store owner again via a different means if possible, such as email or text message, explaining the urgency of the situation.<br><br>#Ask a trustworthy colleague or friend who lives nearby to cover his shift until the owner arrives.<br><br>#Close the store temporarily, leaving a note explaining an emergency came up and the store will reopen as soon as possible.<br><br>#Reach out to the law office or court to validate if they would accept a video call or reschedule the appointment due to the unforeseen circumstance.<br><br>#Look for a temporary worker from a staffing agency who can cover for him until his boss arrives.",3,9
R_7I5zVPgtNgDg5P9,"#Suggest Ted to check if his ticket can be retrieved digitally via an app or email.<br><br>#Search for someone locally who may be selling extra tickets.<br><br>#Ask the ticket office at the venue if they can reissue his ticket, providing they have identification and purchase evidence.<br><br>#Consider watching the concert via live-streaming platforms, if available, while waiting for Ted.<br><br>#Arrange for someone at Ted's home to send a picture or a copy of the ticket if possible.",4,3
R_7I5zVPgtNgDg5P9,"#Agree to give the woman a ride, ensuring to keep personal safety in mind and ensuring she understands she is expected to contribute towards gas money.<br><br>#Politely decline to give the woman a ride, explaining that it is beyond the necessary distance he needs to travel for the day.<br><br>#Offer to call a taxi or rideshare service for the woman if he isn't comfortable driving her himself.<br><br>#Contact authorities or social services to assist the woman if she seems in distress or danger.<br><br>#Ask the gas station attendant if there is a local transport service she can use to reach the city instead.",4,5
R_7I5zVPgtNgDg5P9,"#Immediately inform the best man or the wedding coordinator of the situation, so they have the opportunity to help find a solution.<br><br>#Use a mobile device to contact the taxi company, describe the situation, and ask if they could bring the ring back right away, provided they haven’t picked up any other customer.<br><br>#If the taxi driver can't return soon, ask the driver the possible location of the taxi and go there to get the ring, given the location is close to the venue.<br><br>#If the above actions are not feasible, consider using a placeholder ring for the ceremony until the actual ring can be recovered.<br><br>#After the ceremony, make arrangements either to pick up the ring from the taxi company or have it delivered, ensuring the ring is safely returned.",4,8
R_7eXFEzW8BOeSRZY,"#Research for pharmaceutical assistance programs that might help cover the cost of the medication.<br><br>#Consult with the doctor or pharmacist about possible generic or alternative medications that are less expensive but equally effective.<br><br>#Explore crowdfunding platforms, such as GoFundMe or Kickstarter, to raise the necessary funds.<br><br>#Consider applying for financial assistance from non-profit organizations that assist with medical expenses.<br><br>#Check whether the pharmaceutical company that manufactures the medication offers any patient assistance programs or discounts.",4,1
R_7eXFEzW8BOeSRZY,"#Immediately inform the airport security personnel about the knife, explaining that it is a professional tool and was accidentally packed.<br><br>#Ask security personnel if there is a secure way to transport the knife without breaching airport security protocols. The knife could possibly be checked in as a separate item.<br><br>#If the security personnel do not permit knife transportation, explore options for shipping it to the destination outside of airport procedures, such as through a courier service.<br><br>#In case the knife must be left behind, contact a nearby friend or relative and ask if they could pick it up.<br><br>#Consider purchasing replacement knives upon reaching Chicago. Ask for local kitchen-ware stores or professional chef supplies venues.",4,7
R_7eXFEzW8BOeSRZY,"#Quickly and discreetly communicate this problem to the closest wedding party member, such as the best man or maid of honor.<br><br>#Silently excuse himself from the ceremony and try to locate the taxi outside of the wedding venue.<br><br>#Call the taxi company to report the lost item, providing them with precise details of his ride.<br><br>#In case of failure to locate the ring immediately, use a substitute ring if available, or suggest moving forward with the ceremony without the ring and explaining it later.<br><br>#Apologize sincerely to his sister and brother in law after the ceremony for the mistake.",4,8
R_7E6qycPAnfTED9I,"#Call for roadside assistance to fix the car if time allows.<br><br>#Call a taxi, rideshare service, or use a public transport if available to get to the airport.<br><br>#Call the airport's airline attendant to inform about the situation and inquire about possible flight delays or rescheduling options.<br><br>#Contact a nearby friend or family member and ask for a ride to the airport.<br><br>#Consider finding a nearby car rental service to reach the airport on time.<br><br>",3,2
R_7E6qycPAnfTED9I,"#Maintain a safe distance from the erratic driver to prevent collision.<br><br>#Attempt to alert the driver by using headlights or the car horn, if it is safe to do so.<br><br>#Immediately note down important details such as the car model, color, and license plate number for reporting.<br><br>#Find a safe place to pull over and call local law enforcement or non-emergency police number to report the driver.<br><br>#Record video evidence of the erratic driving if it's safe to do so, which can strengthen the report to law enforcement.",3,4
R_7E6qycPAnfTED9I,"#Immediately inform the security officer about the knife in his bag before his luggage is scanned.<br><br>#Apologize sincerely and explain his situation to the security team including the reason why he had the knife.<br><br>#Offer to voluntarily surrender the knife if security regulations prevent him from carrying it on the plane.<br><br>#Ask if there is a possibility that the items could be shipped separately to his destination, as they are professional tools.<br><br>#Purchase a checked luggage ticket for his luggage if it is not already checked, to allow the knife to be legally transported.",3,7
R_6WYhcJbO8RU4O42,#Call for road assistance service to potentially fix the car on the spot.<br><br>#Contact a taxi or ride-sharing service such as Uber or Lyft to get to the airport.<br><br>#Reach out to friends or family who could potentially give a quick ride to the airport.<br><br>#Check for nearby public transportation options that could lead to the airport.<br><br>#Inform the airline of the situation and inquire about the possibility of a late check-in or re-scheduling the flight.,3,2
R_6WYhcJbO8RU4O42,"#Alert the mall security immediately about the dog locked in the car and provide them with the specific location.<br><br>#Look around to identify if there are any CCTV cameras that may have captured who left the dog in the car.<br><br>#Take down the car's make, model, and license plate number in case they are needed to locate the dog's owner.<br><br>#Check nearby stores or areas for the car's owner before doing anything drastic to free the dog.<br><br>#If the owner doesn't show up soon, call the appropriate Animal Control or Law Enforcement authorities to help safely remove the dog from the car.",3,6
R_6WYhcJbO8RU4O42,"#Inform the security personnel about the oversight and explain his situation as a chef, hoping for understanding.<br><br>#Consider asking airport authorities if they have mail services available for him to mail the knife back to his home address.<br><br>#Look for a nearby luggage storing service where he can leave the knife and retrieve it later after he returns.<br><br>#Give the knife to a trusted friend or relative who can come and pick it up from the airport.<br><br>#In case none of the options work, mentally prepare himself to leave the knife at the airport, considering the regulations and the immediate necessity to travel.",3,7
R_6pYEdL33fQLsjZA,"#Call for an emergency roadside assistance service, mentioning his urgent need to get to the airport.<br><br>#Start hailing a taxi or use a ride-hailing app like Uber or Lyft, to continue his journey to the airport.<br><br>#Reach out to a friend or family member who might be able to give him a quick lift.<br><br>#Contact the airline to notify them of his situation to see if they can accommodate him on a later flight without extra costs if it turns out he might miss his flight.<br><br>#Check nearby public transportation routes such as buses or trains to ensure he can still reach the airport in time.",4,2
R_6pYEdL33fQLsjZA,"#Call the police and provide them with the vehicle's description and location.<br><br>#If possible, obtain the license plate number of the suspect vehicle to supply to police.<br><br>#Maintain a safe distance from the vehicle to avoid any potential accidents.<br><br>#Avoid attempting to pass the vehicle unless it's completely safe to do so.<br><br>#Warn other drivers by flashing lights or honking if it is safe and legal.",4,4
R_6pYEdL33fQLsjZA,"#Call a fellow employee who can cover for him briefly, explaining his situation and the urgency of his court appointment.<br><br>#Leave a detailed note at the store explaining the situation for the boss, complete with the time of departure and the reason.<br><br>#Lock up the convenience store securely after ensuring that all cash registers, inventory, and other important items are secured and leave for the court appointment.<br><br>#Inform any regular customers who may visit the store early in the morning about the unforeseen circumstances and the temporary closure of the store.<br><br>#Upon his return from the court, immediately contact his boss again to explain the situation in detail and request a meeting to discuss it further.",4,9
R_7ruqhY3TaeynaIp,"#Call a reliable towing or roadside assistance service to handle his broken car.<br><br>#Book a taxi, Uber, or other ride-share service to continue his trip to the airport.<br><br>#Contact the airport or airline to inform them of his situation and inquire about possible flight delays or rescheduling options.<br><br>#Seek help from a nearby pedestrian or fellow motorist to get to the nearest public transport station.<br><br>#Check if there are any car rental services nearby where he could rent a vehicle to continue his journey.",3,2
R_7ruqhY3TaeynaIp,"#Keep a safe distance from the possibly intoxicated driver, ensuring an adequate braking space.<br><br>#Alert other road users by flashing his lights or honking cautiously to gain their attention towards the erratic driver.<br><br>#Attempt to record evidence of the erratic driving behavior with a smartphone or dashcam without compromising his own safety.<br><br>#Contact the local police or highway patrol to report the perceived intoxicated driver, providing them with the make, model, color, and licence plate number of the vehicle.<br><br>#Consider taking alternate routes to avoid driving behind the potentially dangerous driver.",3,4
R_7ruqhY3TaeynaIp,"#Immediately inform the security personnel about the accidental inclusion of the knife in the bag.<br><br>#Explain his profession as a chef and the necessity of the knife for his work commitments at the food festival.<br><br>#Request the security to keep it stored safely, to collect it upon return.<br><br>#Investigate the possibility of having the knife shipped to his destination if the security personnel can assist with this.<br><br>#Accept the possible consequences which could involve confiscating his chef’s knife, and plan on buying or renting one once he reaches Chicago.",3,7
R_7rDleE1AbpJKQI2,"#Maintain a safe distance to avoid a potential accident with the erratic driver.<br><br>#Attempt to note down the car's make, model, and license plate number for possible reporting.<br><br>#If possible, without risking his own safety, pass the potentially intoxicated driver when the road is clear to do so.<br><br>#Report the situation to local law enforcement, providing as much detailed information as possible.<br><br>#Turn on his hazard lights to warn other drivers about the potential danger on the road.",4,4
R_7rDleE1AbpJKQI2,"#Immediately signal discretely to someone in charge, preferably the wedding planner or a groomsman, indicating that there is a problem.<br><br>#Try to recall and share the taxi's company name, color, and if possible, the license plate number to someone who can potentially help recover the ring.<br><br>#Ask a trusted person (like a family member) to quickly run home or the hotel room, if it’s nearby, to fetch another family ring as a temporary replacement.<br><br>#If the taxi company is not an option, consider using a local lost and found service or approaching the local authorities with details about the lost item.<br><br>#Apologize to his sister and the groom about the situation, assuring them that significant strides are being taken to recover or replace the ring.",4,8
R_7rDleE1AbpJKQI2,"#Contact the second in charge or another employee to cover the period between his departure and the boss's arrival.<br><br>#Leave a detailed note for his boss explaining his court appointment and the necessity of his timely departure.<br><br>#In case no replacement is available, temporarily close the store, putting up a sign explaining the unexpected situation.<br><br>#Leave an emergency message with the boss's answering service or another contact, urging them to respond as soon as possible.<br><br>#Plan for contingencies in the future, such as arranging with a colleague to be on standby should this situation arise again.",4,9
R_3PYpVRXFdtavB3y,#Consider the woman's safety and his own before making a decision.<br><br>#Offer to call a taxi or other transportation service for the woman.<br><br>#Drive her to the requested city if it is safe and won't significantly disrupt his plans.<br><br>#Negotiate on a halfway drop-off point that wouldn't deviate much from his planned route.<br><br>#Decline politely explaining that it's beyond his way or due to personal reasons.,3,5
R_3PYpVRXFdtavB3y,"#Promptly inform the security personnel about the knife to seek potential solutions or exceptions.<br><br>#If there is enough time before the flight, exit the security line and check his bag containing the knife with the luggage department.<br><br>#Consider mailing the knife to his destination if the airport provides such services.<br><br>#Contact colleagues in Chicago to let them know about the situation, allowing them to prepare for his possible late arrival or absence of the knife.<br><br>#If all else fails, he might have to sacrifice the knife, surrendering it to airport security to avoid missing his flight.",3,7
R_3PYpVRXFdtavB3y,"#Call a trusted workmate who may be free and ask them to cover for him until the boss arrives.<br><br>#Leave a note explaining the situation at the counter for his boss to find once he arrives.<br><br>#Secure the premises, leave the cash register closed to signal the temporary closure of the store.<br><br>#Notify village patrol or security personnel in the area about the temporary closing, to prevent possible break-ins.<br><br>#Consider rescheduling his court appointment to a later time if it is not an urgent matter.",3,9
R_7k53oihTTJSu7wX,"#Maintain a safe distance from the vehicle ahead to avoid any sudden incidents caused by erratic driving.<br><br>#Try to note down the license plate number of the vehicle.<br><br>#If possible, safely overtake the vehicle in question to avoid being directly behind it.<br><br>#Report the suspected intoxicated driver to local law enforcement by providing a description of the vehicle, its location, and driving behavior.<br><br>#Use a hands-free device to call the police so as not to get distracted from driving.",4,4
R_7k53oihTTJSu7wX,"#Immediately call local animal control or the non-emergency police number to report the situation.<br><br>#Take note of the car's make, model, color, and license plate number to provide to authorities.<br><br>#Stay nearby the vehicle to monitor the dog's condition while waiting for help to arrive.<br><br>#Try to locate the car's owner by asking mall staff to make an announcement or by alerting security.<br><br>#If the situation worsens drastically before help arrives, consider calling emergency services or, as a last resort, breaking the window furthest away from the dog. Note: this should only be done under extreme circumstances and local legal protections may apply.",4,6
R_7k53oihTTJSu7wX,"#Call a coworker who might be able to cover for him until the boss arrives.<br><br>#Leave a detailed note for the boss explaining the situation, and the steps he took before leaving the store.<br><br>#Lock up the store temporarily, with a sign explaining that it will reopen soon.<br><br>#Contact the local police station to inform them about the situation, ensuring the safety of the premises.<br><br>#Reach out to the supervisor or higher-level management, if there is any.",4,9
R_7oyJfk5ANW3SJ2A,#Research assistance programs or charities that provide financial support for necessary medications.<br><br>#Approach healthcare providers or pharmaceutical companies for compassionate use programs or discount schemes.<br><br>#Engage in crowdfunding efforts through online platforms to raise the required funds.<br><br>#Consult with healthcare professionals for alternative or generic medications that are cheaper but equally effective.<br><br>#Consider speaking with a social worker who might be aware of locally-based resources or assistance programs.,4,1
R_7oyJfk5ANW3SJ2A,"#Keep a safe distance from the driver ahead to avoid potential accidents.<br><br>#Immediately call the local police or highway patrol to report the driver, giving the vehicle's description and license plate number.<br><br>#Start recording the vehicle's erratic behavior with his phone's camera or dashcam, if he has one, for evidence.<br><br>#Avoid any attempt to overtake or engage with the suspected drunk driver.<br><br>#Look for the nearest safe place to pull over and allow the driver to continue ahead, removing himself from immediate danger.",4,4
R_7oyJfk5ANW3SJ2A,#Immediately notify a security personnel that he has inadvertently packed a restricted item in his bag to avoid potential issues.<br><br>#Ask the airport authorities for possible ways of storing his knife at the airport until his return.<br><br>#Inquire if there is a mail facility at the airport to quickly ship the knife back home or to his destination in Chicago.<br><br>#Consider asking a trusted friend or family member who lives nearby to meet him at the airport and collect the knife.<br><br>#Consider forfeiting the knife if other options aren't available and purchasing a new one upon arrival in Chicago.,4,7
R_7BrmwB7ST7lk5qC,"#Research alternative or generic versions of the prescribed medication that may be cheaper and more affordable.<br><br>#Explore possible patient assistance programs, often offered by pharmaceutical companies, that can help offset the cost of the medication.<br><br>#Consult with the doctor or healthcare provider to find out if there are any medical trials or studies that provide the medication for free or at a reduced cost.<br><br>#Consider starting a crowdfunding campaign on a reliable platform to raise funds for the medication.<br><br>#Contact local and national charities or non-profit organizations that can offer financial assistance for such cases.",3,1
R_7BrmwB7ST7lk5qC,"#Ted could explain the situation to the entrance staff and ask whether they can verify his purchase electronically by checking his identification or card with which he made the purchase.<br><br>#Darya and friends can quickly look up online whether tickets are still available for purchase, so Ted could buy a replacement ticket.<br><br>#Darya or another friend could share any social media posts or photos that show they've been together throughout the day, as proof that Ted is part of their group and had intended to attend the concert with them.<br><br>#If they know someone else attending the concert who hasn't arrived yet, they could ask this person to bring an extra ticket if available.<br><br>#They could attempt to contact the concert organizers, explaining the situation and potentially providing proof of purchase to have a ticket reissued at the entrance.",3,3
R_7BrmwB7ST7lk5qC,#Contact mall security to alert them about the situation. They may be able to make an announcement to reach the car's owner.<br><br>#Attempt to find the car owner by taking note of the car's license plate and asking the mall's customer service or security if the owner can be identified.<br><br>#Call the local animal control or non-emergency police department to report the dog locked in the hot car.<br><br>#Stay near the car to monitor the dog's condition while waiting for help to arrive.<br><br>#Inform other nearby people about the situation to gather support or potentially identify the owner.,3,6
R_3aLdW76pDfd71cy,"#Contact the ticket office or customer service to see if they can reprint Ted's ticket or give him a pass.<br><br>#Check if tickets can be displayed digitally and ask Ted if he has the ticket in his email or on a mobile ticketing app.<br><br>#Offer to stay with Ted and miss part of the concert, to make him feel better about the situation.<br><br>#Ask nearby concertgoers if they have a spare ticket they're willing to sell.<br><br>#Find a location near the entrance where Ted can wait safely while the group attends the concert, then rejoin them after.",3,3
R_3aLdW76pDfd71cy,"#Assess the overall situation and listen to the woman's request carefully.<br><br>#Evaluate gas level and calculate the additional travel distance to determine if the car has enough fuel to get to the destination and back.<br><br>#Ask the woman for more details about her situation and why she needs a ride to that specific city, in order to better understand the urgency of her request.<br><br>#Consider safety precautions given the situation, such as contacting a friend or family member to inform them of the situation.<br><br>#Make a decision on whether to give the woman a ride based on his assessment of the situation, fuel availability, and personal comfort with the situation.",3,5
R_3aLdW76pDfd71cy,"#Immediately inform the wedding officiant or the wedding planner about the missing ring in a discreet way to avoid causing unnecessary panic.<br><br>#Call the taxi company or the driver, if he has their contacts, and explain that he left the ring in their car, requesting them to return it as soon as possible or provide their location so he can pick it up.<br><br>#Ask a close family member or friend who isn’t directly involved in the ceremony to quickly go to the taxi depot or meet up with the driver to retrieve the ring.<br><br>#Consider using a stand-in ring for the ceremony, possibly from another married family member or friend, emphasizing the symbolic rather than the actual value of the ring.<br><br>#If the taxi return isn't promptly feasible, reassure his sister and her spouse-to-be that the ring will be retrieved, suggesting they proceed with the ceremony without it and put on the original ring at their reception or later.",3,8
R_3oHkuMzlngKqzmo,#Seek out charitable organizations or foundations that may cover the costs of expensive medications.<br><br>#Reach out to the pharmaceutical company that manufactures the medication for any possible patient assistance programs.<br><br>#Consult with the doctor or pharmacist regarding any potential generic or cheaper alternatives to the prescribed medication.<br><br>#Set up a crowd-funding campaign to help raise funds for the medication.<br><br>#Contact an insurance consultant or advisor to explore the possibilities of insurance adjustments or appeals to cover the medication.,3,1
R_3oHkuMzlngKqzmo,"#Approach the car to assess the situation more closely without alarming the dog.<br><br>#Take down the car's make, model, color, and license plate number for potential reporting.<br><br>#Call local non-emergency police or animal control and provide the details of the situation.<br><br>#Stay by the car to monitor the dog's condition while waiting for help to arrive.<br><br>#Reach out to nearby store managers or security officers to make an announcement about the situation in hopes of reaching the dog's owner.",3,6
R_3oHkuMzlngKqzmo,"#Contact the store owner's emergency contact if one is provided and let them know the situation.<br><br>#Contact another employee who may be willing to cover until the boss arrives.<br><br>#Lock the store temporarily and put up a sign indicating that he will be back as soon as possible.<br><br>#Call the court office to inform them of the situation, they might be able to move his appointment to a later time.<br><br>#Arrange for someone trustworthy (friends, family, or another known colleague) to watch over the store until his boss or a replacement arrives.",3,9
R_6cwKwsylyMVylNH,"#Research different assistance programs for individuals who cannot afford necessary medications, such as government-assistance programs or manufacturer patient assistance programs.<br><br>#Explore crowdfunding options, such as GoFundMe or Kickstarter, to raise money for the medication.<br><br>#Discuss with the doctor or pharmacist about potential generic alternatives or cheaper substitutes for the expensive prescription.<br><br>#Consider speaking to a financial advisor to explore other means of monetary aid like loans or credit options.<br><br>#Reach out to nonprofit organizations or charitable foundations that aid in providing financial assistance for medical needs.",3,1
R_6cwKwsylyMVylNH,#Call for roadside assistance or a towing service to get the car off the highway and repaired.<br><br>#Use a ride-hailing app such as Uber or Lyft to secure a ride to the airport.<br><br>#Flag down a taxi or hail a taxi using an app specific to local taxi services.<br><br>#Contact a friend or family member who lives in the vicinity for immediate help.<br><br>#Check if there's a bus or train line that runs directly to the airport and use public transportation if possible.,3,2
R_6cwKwsylyMVylNH,#Call the venue to see if they have a policy for lost or forgotten tickets such as showing identification to confirm the purchase.<br><br>#Ask if any friends or family living nearby Ted's house could retrieve the ticket and bring it to the venue quickly.<br><br>#Check for availability of e-ticket options. Ted's ticket might be retrievable digitally if he purchased it online.<br><br>#Consider buying a new ticket at the venue's box office if they are still available and the cost is not prohibitive.<br><br>#Ask fellow concert-goers at the entrance if they have an extra ticket they're willing to sell or share.,3,3
R_5nWiYkT7lRMPKyl,"#Call a roadside assistance or towing service to take his car to the nearest repair shop.<br><br>#Order an Uber, Lyft, or other similar service for a quick ride to the airport.<br><br>#Contact the airline to explain his predicament and see if they can accommodate him on a later flight.<br><br>#Check if there's a nearby subway or public transportation system that he could use to reach the airport.<br><br>#Ask for help from a passerby or a good Samaritan, perhaps they are going in the same direction and can offer him a ride to the airport.",4,2
R_5nWiYkT7lRMPKyl,"#Immediately call the non-emergency police or animal control number to report the situation, providing the specific location and car details.<br><br>#Look around for the dog's owner, potentially asking any passersby if they know who might have left the dog in the car.<br><br>#Stay by the car to monitor the dog's condition while also signalling the urgency to people nearby.<br><br>#In case the dog becomes unconscious, organise immediate emergency breaking of car's window and notify the authorities that you had to do so to save the dog.<br><br>#After the situation is resolved, engage in local community to raise awareness about the dangers of leaving pets in cars during hot weather.",4,6
R_5nWiYkT7lRMPKyl,"#Call a trusted coworker who might be available and ask if they can cover the shift until the store owner arrives.<br><br>#If possible, lock up the store temporarily with a sign explaining the situation, and leave a note for his boss explaining his urgent situation.<br><br>#Get in touch with a local security firm or neighborhood watch who may be able to keep an eye on the store in his absence.<br><br>#Contact the police to inform them about the situation and see if they can send an officer to keep an eye on the store until the owner arrives.<br><br>#As a last resort, if he has enough time before the appointment, Jeff could wait for the first customers to arrive and explain the situation to them. He might find someone trustworthy who could hold the fort for a short while until his boss arrives.",4,9
R_7V7vJh2TtYI1v3y,"#Maintain a safe distance from the vehicle to avoid collision if the car ahead were to drive erratically.<br><br>#Record the license plate number and the make and model of the car to report to the authorities.<br><br>#Contact local traffic authorities or police immediately and provide the recorded details to them.<br><br>#If it's safe, try to bypass the car to avoid it altogether.<br><br>#Use the flashing lights or horn to alert the other driver of their improper road behavior to provoke a safer driving adjustment before the authorities arrive.",3,4
R_7V7vJh2TtYI1v3y,#Alert the airport security staff about the mistake before reaching the security checkpoint.<br><br>#Ask airport security if it's possible to have the knife held securely at the airport until his return.<br><br>#Consider mailing the knife to his destination in Chicago if time and airport policies permit.<br><br>#Reach out to his colleagues in Chicago to inform them about the situation and see if they can provide him with a knife on location.<br><br>#Explore local shops or cooking supply stores in Chicago where he could purchase a new knife if his current one cannot be transported.,3,7
R_7V7vJh2TtYI1v3y,#Quickly explain the situation to the closest friend or family member to minimize disruption of the ceremony.<br><br>#Contact the taxi service and provide details to help them locate the taxi and retrieve the ring.<br><br>#Ask the bride and groom if there's a backup ring or another piece of jewelry that could temporarily substitute for the missing ring.<br><br>#Possibly use his own ring (if he has one) as a temporary replacement until the actual ring is retrieved.<br><br>#Apologize to the couple for the mix-up and assure them he is doing everything possible to fix the situation.,3,8
R_3qVgXuEX5dSVSJs,"#Call for roadside assistance immediately and explain the urgency of the situation.<br><br>#Notify the airline about the situation and inquire if there can be any delays or rescheduling options.<br><br>#If possible, leave the car parked safely at the roadside and use a ride-hailing app like Uber or Lyft to get to the airport.<br><br>#Fetch contact information for local taxi services and call one to expedite the journey to the airport.<br><br>#Check for local car rental facilities nearby and consider renting a car to drive to the airport.",3,2
R_3qVgXuEX5dSVSJs,"#Check if a digital version of the ticket can be accepted at the venue, this way Ted could present the ticket from his mobile.<br><br>#See if Ted's ticket can be picked up from the box office, as sometimes tickets are available for collection at the venue.<br><br>#Call a friend or family member who may have a spare key to Ted's house and can retrieve the ticket.<br><br>#Inquire whether a proof of purchase or identification can allow Ted to gain entrance into the concert.<br><br>#Consider buying a new ticket at the entrance, if they are still available and if it is affordable for Ted.",3,3
R_3qVgXuEX5dSVSJs,"#Assess the situation to ensure personal security before making a decision.<br><br>#Politely ask the woman about her situation to gauge her level of distress or urgency.<br><br>#Offer to call a cab or ride-hailing service for her if Cameron feels uncomfortable giving a ride himself.<br><br>#Agree to give her a ride if he feels safe and it won't significantly disrupt his journey.<br><br>#Suggest the woman ask the gas station staff for assistance, they might have resources to assist stranded travelers.",3,5
R_7dYdOCptAEZUEbQ,"#Call the ticketing company or check their app to see if they can resend the ticket or provide a mobile version.<br><br>#Check if there are on-site ticket services at the concert location that might reissue the ticket.<br><br>#Consider asking other concert-goers or look online to see if anyone is selling an extra ticket at a reasonable price.<br><br>#Split into two groups, one stays with Ted while the other enters the concert, enabling later updates to Ted about the concert’s progress.<br><br>#Ask the concert's customer service if there's any leeway for lost or forgotten tickets. People often forget tickets and there may be a protocol for this situation.",4,3
R_7dYdOCptAEZUEbQ,"#Immediately call the local animal control or police department to report the incident, providing the car's make, model, and license plate number.<br><br>#Stay near the car but at a safe distance—do not attempt to break into the car, as it might distress the dog further or put Erica in legal danger.<br><br>#Attempt to find the owner of the car by returning to the mall and asking for an announcement over the store's loudspeaker.<br><br>#Use her phone to take photos or videos of the situation for evidence, ensuring that the car's license plate is visible if possible.<br><br>#After contacting authorities, stay with the vehicle as long as it is safe to do so, noting any changes in the dog's condition and providing updates to the dispatch center.",4,6
R_7dYdOCptAEZUEbQ,#Contact another colleague who might be able to cover his shift until the boss arrives.<br><br>#Leave a note for the boss explaining the situation and his need to leave for court.<br><br>#Lock up the store temporarily and inform the local police so they are aware he had to step away due to an emergency.<br><br>#Inform regular local customers who show up in the early morning about the situation and ask if any would be willing to watch the store for a short time.<br><br>#Reach out to a friend or family member to ask if they could step in temporarily until his boss arrives.,4,9
R_3PVXOJf8C5Y6uUp,"#Maintain a safe distance from the suspected intoxicated driver to avoid any sudden or unexpected movements they may make.<br><br>#Make note of the car's license plate number, make, and model for reporting purposes.<br><br>#Attempt to pass the car only if it is absolutely safe to do so, ensuring not to exceed speed limits or break any traffic laws.<br><br>#Call the local police or highway patrol to report the suspected intoxicated driver, providing them with detailed information such as the car's particulars and current location.<br><br>#Warn other drivers, if possible, by flashing headlights or using the horn briefly, but without creating additional distractions or risks on the road.",4,4
R_3PVXOJf8C5Y6uUp,"#Immediately call the local animal control or non-emergency police, providing the car's details and describing the situation.<br><br>#Take note of the car's make, model, and license plate number, which can help the arriving authorities identify the vehicle.<br><br>#Stay near the car (without breaking in) to monitor the dog's condition and wait for the authorities to arrive.<br><br>#Gather bystanders and create awareness of the situation, they might be able to assist or speed up intervention.<br><br>#If the owner is found, politely educate them about the dangers of leaving an animal in a hot car, emphasizing that it's not only harmful but also illegal in many areas.",4,6
R_3PVXOJf8C5Y6uUp,"#Contact another staff member who can potentially cover the shift until the boss arrives.<br><br>#Leave a detailed note for the boss explaining his absence and make sure to properly secure the store before leaving.<br><br>#Alert a nearby business owner or trusted neighbor so they can monitor the store until the boss arrives.<br><br>#Notify local law enforcement that the store will be temporarily unattended due to unforeseen circumstances.<br><br>#Reschedule the court appointment, if possible, to avoid risks associated with leaving the store unattended.",4,9
R_1wglSq2Y3UuKlTv,"#Suggest Ted to approach the box office or customer service and check if they can look up his purchase and issue a replacement ticket.<br><br>#Darya can offer to call a swift taxi or ride-sharing service for Ted to quickly go back home and get his ticket.<br><br>#Propose the use of any digital version of the ticket. Ted could log on to the service where he purchased the ticket from and present the digital ticket at the entrance.<br><br>#Darya can ask the other friends if anyone has an extra ticket that Ted could use.<br><br>#If Ted has a roommate or relative accessible, suggest him to ask the person to locate the ticket and send a picture of it, so he can show the image at the entrance.",3,3
R_1wglSq2Y3UuKlTv,"#Assess the situation and woman's request, considering factors such as distance, fuel costs, and personal safety.<br><br>#Politely ask the woman why she needs the ride and if there is any urgency to her request.<br><br>#Consider offering to call a taxi or rideshare service for the woman if Cameron himself is uncomfortable with the situation.<br><br>#Evaluate how much additional time it would take to drive the extra 10 miles and if it would significantly disrupt Cameron's plans.<br><br>#If comfortable, agree to give the woman a ride, ensuring to remind her to fasten her seatbelt as a safety measure.",3,5
R_1wglSq2Y3UuKlTv,"#Call the emergency contact number for the owner, if available, to convey the urgency of the situation.<br><br>#Inform a trusted coworker about the situation and request they cover for him until the boss arrives.<br><br>#Try contacting other staff members or bosses (if any) who could come to the store and take over the shift.<br><br>#Leave a note at the store explaining the situation and apologizing for any inconvenience, then lock up if possible.<br><br>#Contact his legal representative or court contact to explain the situation and check if the court appointment could be rescheduled.",3,9
R_5kie2fZCN067ANE,"#Ted could ask for a digital copy of his ticket if he bought it online and then display it on his phone at the entrance.<br><br>#Darya or another friend could call somebody at Ted's house and ask them to find the ticket then take a picture and send it to Ted.<br><br>#Ted could try explaining the situation to the concert officials, offer to show the purchase confirmation email or any relevant proof, and request that they allow him entry without the physical ticket.<br><br>#Darya could go to the customer service booth with Ted to explain their predicament and see if the venue has a policy to reprint lost or forgotten tickets.<br><br>#Ted could quickly buy a new ticket at the box office if they're still available, or from a ticket reseller.",3,3
R_5kie2fZCN067ANE,"#Take note of the car's make, model, color, and license plate number.<br><br>#Immediately call the local police or animal control agency, providing them with the descriptive details of the vehicle and the condition of the dog.<br><br>#Look around for the owner of the car in the immediate vicinity while ensuring not to leave the sight of the dog.<br><br>#Alert mall security or management about the situation, as they may be able to make an announcement inside the mall or access CCTV footage to find the owner.<br><br>#Monitor the dog from outside the car, ready to report any deterioration in the dog's condition to authorities.",3,6
R_5kie2fZCN067ANE,"#Call a coworker who could potentially cover his shift until his boss arrives.<br><br>#Leave a detailed note and text message explaining the situation to his boss.<br><br>#Secure the store following all protocol, reporting the temporary closure to any relevant authorities or neighboring businesses.<br><br>#Contact any family members or close contacts of his boss to ensure his boss is alright.<br><br>#Reschedule his court appointment, if possible, to accommodate the unexpected delay.",3,9
R_6zYd5LdGtW18Kcx,"#Discuss their situation with the medical provider or pharmacist, together they may find alternative medicines that are more affordable.<br><br>#Research if there are any patient assistance programs or non-profit organizations that can help offset the cost of the medication.<br><br>#Seek financial advice to reassess their budget, change spending habits, or explore earning extra income, if possible, to cover the medication costs.<br><br>#Consider setting up a crowdfunding page or personal fundraising to ask for donations from friends, family, and the community to help pay for the medication.<br><br>#Consult with their insurance company to discuss a potential reassessment of their coverage or look into other insurance options that could better cover the cost.",3,1
R_6zYd5LdGtW18Kcx,"#Consider the woman's request and assess the potential risk or the inconvenience it may pose, taking into account factors such as the time of day, personal schedule, and safety.<br><br>#Politely ask the woman for more details about why she needs the ride, which could help make a more informed decision.<br><br>#Check his car's fuel level to ensure he has enough gas to cover the additional distance to the city and back.<br><br>#Call or message his family or roommates to inform them of the situation and his potential delay.<br><br>#Offer to call a cab or rideshare for the woman if he feels uncomfortable with giving her a ride himself.",3,5
R_6zYd5LdGtW18Kcx,"#Contact a trusted colleague who might be able to cover the shift until the boss arrives.<br><br>#Leave a detailed note for the boss explaining the situation and why he had to leave.<br><br>#Lock the store, ensuring it's secure, and then proceed to the court appointment.<br><br>#Call the boss continuously until he gets a response.<br><br>#Inform a nearby business or a trusted neighbor about the situation, asking them to keep an eye on the store until the boss arrives.",3,9
R_7E72qJbmJHFEIBM,#Maintain a safe distance from the suspected intoxicated driver to avoid a potential collision.<br><br>#Record the car's license plate number and features for reporting purposes.<br><br>#Contact the local authorities to alert them about the potentially intoxicated driver on the road.<br><br>#Signal or flash headlights at the driver to alert them of their driving behavior.<br><br>#Find a safe opportunity to overtake the suspected intoxicated driver if possible and legal.,4,4
R_7E72qJbmJHFEIBM,"#Consider telling a security officer about the mistake before reaching the security scanner, explaining the circumstances and showing professional identification as a chef.<br><br>#Look around for postal services at the airport that would enable him to mail the knife home or to his destination in Chicago.<br><br>#Find a secure locker or facility at the airport where he can store his knife until he returns.<br><br>#Check if the airport has a delayed baggage service, so he can check in his knife separately.<br><br>#If willing to take a risk, ask if he could leave the knife with a trustworthy person not yet having passed through security and arrange to get it back later.",4,7
R_7E72qJbmJHFEIBM,"#Think quickly and remove his own ring (if he is wearing one) to substitute for the lost one temporarily.<br><br>#Notify the officiant discreetly about the situation, and ask for a short interruption or pause in the ceremony.<br><br>#Communicate the situation to another family member or the wedding planner to seek a temporary replacement ring.<br><br>#Call the taxi company immediately to report the lost item and find out if the ring is still in the vehicle.<br><br>#If the taxi company has the ring, arrange for someone not directly involved with the wedding to meet the taxi and retrieve the ring.",4,8
R_5mz1LcS70MSCdU6,"#Consider reaching out to the pharmaceutical company that manufactures the medication. Some companies have programs to assist individuals who can't afford their medication.<br><br>#Explore crowd funding options such as GoFundMe or Facebook fundraisers. Heinz could share their story and possibly get financial help from friends, families or even strangers.<br><br>#Look for local charities, nonprofits, or organizations that offer financial assistance for medical needs. Apply for their aid grants or funds.<br><br>#Discuss with the doctor or healthcare provider about alternative, cheaper medications that might be as effective, or ask for samples until they can afford the medication.<br><br>#Contact the health insurance company and inquire if they can reconsider their decision not cover the required medicine. They could provide any documentation that medical professionals have to support her need for that specific medication.",4,1
R_5mz1LcS70MSCdU6,"#Consider the implications of diverting his route home, taking into account fuel consumption, time required, and potential delay.<br><br>#Politely ask the woman more details about her situation to assess if it's a genuine need or safety risk.<br><br>#Contact local transportation or ride-sharing options and offer their services to the woman.<br><br>#Offer to drive the woman part of the way if he is unable to take her all the way to her destination.<br><br>#Consider contacting local authorities or social services if the woman seems to be in distress or danger.",4,5
R_5mz1LcS70MSCdU6,"#Politely alert the security personnel about the situation and explain his profession as a chef, while understanding that they would still need to follow their regulations.<br><br>#Request if the airport can make special arrangements to securely ship the knife to his destination in Chicago.<br><br>#Seek out nearby airport shopkeepers or airport office administrators to see if they can hold onto his knife until he returns from the festival.<br><br>#Contact a friend or family member who may be able to come to the airport to collect the knife.<br><br>#Try to locate a storage locker or facility at the airport where he can safely store his knife until he returns, if such facilities are available and adhere to security protocols.",4,7
R_5jyTgvSc0EuZ6TL,"#Reach out to the prescribing doctor and ask if there are any generic or cheaper alternatives to the prescribed medication.<br><br>#Search for assistance programs or non-profit organizations that may help in covering the cost of the medication.<br><br>#Consult with a financial advisor or social worker to explore possible avenues of financial aid such as grants, loans, or government programs.<br><br>#Consider starting a crowdfunding campaign to raise funds for the medication.<br><br>#Contact the pharmaceutical company that produces the medication and inquire about patient assistance programs.",4,1
R_5jyTgvSc0EuZ6TL,"#Contact the ticket office or customer service at the concert venue to see if they can reissue Ted's ticket based on his purchase confirmation.<br><br>#Explore digital options, such as seeing if Ted has an email confirmation of his ticket purchase that could be scanned at the entry.<br><br>#Look for a friend or acquaintance who may be arriving later to the concert but could bring Ted's ticket.<br><br>#Consider using a rideshare service for Ted to quickly travel to his house and back to minimize the time he would miss from the concert.<br><br>#Think about selling Ted's ticket through a reselling platform and buying a new ticket online for immediate digital delivery, if they are available at a reasonable price.",4,3
R_5jyTgvSc0EuZ6TL,"#Consider safety and establish the trustworthiness of the stranger before agreeing to assist.<br><br>#Politely inquire about the reason she needs a ride to the city. This could provide valuable context.<br><br>#Measure the pros and cons of extending the trip by 10 miles. Assess whether he has enough time and fuel to cover the extra distance.<br><br>#Offer to call a taxi or an Uber for the woman if for any reason Cameron is uncomfortable with giving her a lift.<br><br>#If Cameron decides to help, ensure to inform a close friend or relative about his detour and the expected time of arrival for safety reasons.",4,5
R_6xn6ralAxpJDoyZ,"#Immediately call the local police or animal control to report the situation, giving them the specific location and vehicle details.<br><br>#Observe the dog's condition closely from outside the vehicle. Look for signs of extreme distress such as heavy panting, darkened tongue, or unresponsiveness.<br><br>#Search for the owner of the car in the nearest stores by describing the vehicle and its location, if the situation is not immediately life-threatening.<br><br>#Gather evidence of the situation by taking pictures or recording a video, which could be useful for authorities.<br><br>#Stay by the vehicle to monitor the dog's condition until help arrives, making sure not to leave the scene prematurely.",4,6
R_6xn6ralAxpJDoyZ,"#Immediately inform airport security officers about the situation, openly explaining it was an unintentional mistake.<br><br>#Ask if there's a way to safely dispose of the knife at the airport, so it doesn't pose a security threat.<br><br>#Inquire about shipping options at the airport, so he could send his knife back home or to his destination if possible.<br><br>#Reach out to his colleagues attending the food festival, explaining the situation, and ask if they could bring an extra knife.<br><br>#Research options online to buy a similar knife in Chicago, so he would have a replacement for the food festival.",4,7
R_6xn6ralAxpJDoyZ,"#Inform the officiant discreetly about the missing ring, requesting a brief pause in the ceremony.<br><br>#Quickly and quietly communicate the issue to a close friend or relative present in the audience, asking for help.<br><br>#Call the cab company immediately to find out if the ring is still in the vehicle and arrange for its prompt return.<br><br>#Consider using a backup ring if one is available, or using another piece of jewellery as a placeholder until the actual ring is returned.<br><br>#Apologize sincerely to his sister and her partner, ensuring them that he is doing everything possible to rectify the situation.",4,8
R_3strILQLKafy5xH,"#Call a roadside assistance service to report the car breakdown and request help.<br><br>#In case the roadside assistance delay, hail a passing taxi or use a ride-hailing app to book a ride to the airport.<br><br>#Contact the airline to inform them about his situation, inquire about the possibility of rescheduling his flight if necessary.<br><br>#Scenario permitting, flag down a police officer or highway patrol for immediate assistance or guidance.<br><br>#Call a friend, family member, or colleague who might be nearby and can help him to reach the airport in time.",4,2
R_3strILQLKafy5xH,#Check if another friend in the group has a spare ticket that Ted can use.<br><br>#Ask the ticket counter if they can reprint Ted's tickets with proper identification and confirmation number.<br><br>#Look up on a mobile app or website where Ted bought his ticket to see if there is a digital copy that he can use.<br><br>#Talk to the event security or management to explain the situation and see if they could let Ted in.<br><br>#Call a nearby friend or family member to check if they could quickly retrieve the ticket from Ted's house and bring it to the concert venue.,4,3
R_3strILQLKafy5xH,"#Maintain a safe distance from the suspected intoxicated driver to avoid potential accidents.<br><br>#Alert other drivers by flashing hazard lights and honking the horn to draw attention to the erratically moving vehicle.<br><br>#Capture the vehicle's number and description for later use, if safe to do so.<br><br>#Safely pull over to a secure spot and inform local law enforcement about the situation, providing the vehicle’s description and its last known direction.<br><br>#Avoid attempting to overtake the suspected intoxicated driver, as this could lead to a dangerous situation.",4,4
R_3Kd9wbbDeDakHvI,#Call a roadside assistance service to diagnose and possibly repair the car problem.<br><br>#Contact a taxi or ride-share service to provide immediate transportation to the airport.<br><br>#Notify the airline of his situation to explore potential options for changing or delaying his flight.<br><br>#Solicit help from a friend or relative who might be able to drive him to the airport.<br><br>#Reach out to a nearby car rental service for a temporary vehicle to reach the airport on time.,4,2
R_3Kd9wbbDeDakHvI,"#Maintain a safe distance from the suspected intoxicated driver to avoid a sudden collision.<br><br>#Carefully and, if possible, safely overtake the car if the road ahead is clear, ensuring there is plenty of space between him and the other car.<br><br>#Observe the car's license plate and take note of any distinctive features or markings on the vehicle for reporting purposes.<br><br>#Contact local traffic authorities, providing them with the details of the situation, the car, and the location to ensure necessary assistance can be provided.<br><br>#Use car's hazard lights or honk lightly to alert other drivers about the potential danger from the erratic driver. If it's night, he may also flash his car's high-beam lights to try to get the suspicious driver's attention.",4,4
R_3Kd9wbbDeDakHvI,"#Quietly alert the officiant of the situation when there is a natural pause in the ceremony.<br><br>#Quickly ask a nearby family member to call or hail the taxi company, describing the car and driver if possible.<br><br>#Instruct someone at the wedding venue to inform the Cab Company where to deliver the ring.<br><br>#Engage the audience by maintaining calm, keeping a positive attitude, and making light of the situation, if appropriate.<br><br>#Use a stand-in ring if available or appropriate, ensuring to replace it with the actual ring once it's retrieved.",4,8
R_5DLN0ftgOrFctEm,"#Call a taxi, uber, or other ride-share service to quickly transport him to the airport.<br><br>#Contact a local road rescue or AAA to assist with his broken-down vehicle.<br><br>#Call a friend or family member who can quickly come to pick him up.<br><br>#Use a car rental service or bike sharing in case the airport is relatively close.<br><br>#Consider using public transportation, depending on its availability and his location.",3,2
R_5DLN0ftgOrFctEm,"#Assess the woman's situation and motive by asking a few brief questions to understand why she needs a ride.<br><br>#Consider his personal safety and security before deciding whether to offer the woman a ride.<br><br>#Check his fuel and time situation to ensure he can afford both the extra miles and the time it would take to drop the woman at her destination.<br><br>#If he feels uncertain or uncomfortable, suggest that the woman consider public transportation or a taxi service instead.<br><br>#If he decides to help, confirm the exact location where she wants to be dropped off to ensure it doesn't cause too much of a detour from his route.",3,5
R_5DLN0ftgOrFctEm,"#Assess the condition of the dog carefully from outside the car, noticing its demeanor and visible signs of heatstroke such as excessive panting, drooling, or discomfort.<br><br>#Immediately call the local non-emergency police or animal control to notify them about the situation.<br><br>#If the car is in sight of any shops or the mall, go inside and ask the staff to make an announcement about a dog locked in a hot car.<br><br>#Stay near the car to observe the dog's condition, providing shades if possible, until help arrives.<br><br>#Document the situation, taking a picture of the car, the dog and the number plate for evidence if legal action is needed.",3,6
R_3qBYt2f19xfdpDo,"#Explore options for a payment plan or financial aid programs with the hospital or pharmacy.<br><br>#Research nonprofit organizations or charities that may offer financial assistance for specific medical conditions.<br><br>#Consider setting up a fundraising campaign, like a GoFundMe, to help cover the medical expenses.<br><br>#Consult with the prescribing doctor to identify potential alternative medications which may be less expensive or covered by insurance.<br><br>#Contact the insurance company to appeal the decision or determine if there are other available options within their coverage plans.",4,1
R_3qBYt2f19xfdpDo,"#Assess the woman's situation and ask her why she needs the ride. His decision might change depending on the urgency of her circumstances.<br><br>#Consider the fuel capacity of his car and calculate if the additional 10 miles will be covered without needing another fuel stop.<br><br>#Get the exact address in the nearby city where the woman needs to go and use a GPS or map to check the route.<br><br>#Call home and inform them of the situation and that he may arrive later than planned.<br><br>#Evaluate his personal safety and belongings before allowing the woman to enter his car, ensuring they are secure.",4,5
R_3qBYt2f19xfdpDo,"#Calmly signal a family member or a person close to him about the situation, trying not to disrupt the ceremony.<br><br>#Contact the taxi service immediately and inform them about the missing ring, providing them with the details of his ride.<br><br>#Consider substituting the ring temporarily with a similar piece of jewelry if one is available.<br><br>#Inform the presiding officiant about the situation privately, so they may adjust the ceremony accordingly or give him time.<br><br>#Once the ceremony is over, arrange for a search or a replacement for the ring as necessary.",4,8
R_3hGyfyKfPrMDabN,"#Research patient assistance programs, as many pharmaceutical companies offer these programs to help cover the cost of medications.<br><br>#Investigate potential charity organizations that might provide financial assistance for medical emergencies.<br><br>#Explore the possibility of getting a short-term loan or credit to cover the immediate medical costs.<br><br>#Consult with the medical doctor about possible alternatives or generic versions of the medication that may be cheaper.<br><br>#Start a crowdfunding campaign online to raise funds for the necessary medication.",3,1
R_3hGyfyKfPrMDabN,"#Call the local authorities and report the driver, providing them with the car's make, model, color, and license plate number if possible.<br><br>#Maintain a safe distance from the suspected intoxicated driver to avoid potential accidents.<br><br>#Record the erratic behavior while ensuring this action does not compromise his own safety and driving.<br><br>#Attempt to get the attention of the driver, flashing his headlights or honking his horn, within reason and safety limits.<br><br>#Pull over and wait for the suspected intoxicated driver to get far ahead, thereby minimizing the risk of an accident.",3,4
R_3hGyfyKfPrMDabN,"#Call or text a trustworthy colleague who may be able to cover his shift.<br><br>#Leave a detailed note and security footage for the boss explaining the emergency and why he had to leave.<br><br>#Lock the store temporarily and leave a notice for customers about the temporary closure due to an emergency.<br><br>#Contact the local police and inform them of the situation, asking if they can do occasional drive-bys until someone can take over the store.<br><br>#Reach out to the regional or higher manager, if there is one, explaining the situation and asking for immediate help in managing the situation.",3,9
R_5EgrntByiXZwKlv,"#Quickly check the surrounding area for the car's owner.<br><br>#Call the local animal control or police to report the situation if the owner can't be found immediately.<br><br>#Stay by the vehicle to monitor the condition of the dog until help arrives.<br><br>#If possible, gather information about the vehicle, including license plate, color, and model to provide to the authorities.<br><br>#Inform mall security about the situation for possible immediate action from their end.",3,6
R_5EgrntByiXZwKlv,"#Alert the security personnel preemptively about the situation and explain that it was an unintentional mistake.<br><br>#Ask if it is possible to send the knife via airport's lost and found or a similar service to avoid losing it.<br><br>#Consider approaching an airport post office or shipping service if available to send the knife home or to his destination.<br><br>#If permitted by the airport authorities, stow the knife in a checked-in piece of luggage.<br><br>#Contact his colleagues in Chicago and inform about the situation, so they can arrange for a replacement knife if necessary.",3,7
R_5EgrntByiXZwKlv,"#Immediately inform the bride, the groom, and the officiant of the situation about the missing ring.<br><br>#Call the taxi company to report the forgotten item and arrange for its immediate return if possible.<br><br>#Contact anyone who knows his route to the wedding and ask them to look for taxis on the way in case he took a street taxi.<br><br>#Consider using another ring as a substitute. He could either borrow one from someone in attendance or use a stand-in ring.<br><br>#If the ring cannot be retrieved in time, apologize to the couple and assure them that the symbol of the ring does not nullify their commitment to each other.",3,8
R_5D6QS6gL7iRtUEm,"#Research patient assistance programs, grants or financial aid available for patients in need of specific medications. This may be via pharmaceutical companies, non-profit organizations or government programs.

#Consult with the prescribing doctor or pharmacist about possible alternative medications that may be more affordable or covered by insurance.

#Consider setting up a crowdfunding campaign on a platform like GoFundMe to raise the necessary funds for the medication.

#Explore the potential for a payment plan or discounted rate with the pharmacy or drug company. 

#Seek advice from a social worker or healthcare advocate who may be familiar with resources and options in these situations.",3,1
R_5D6QS6gL7iRtUEm,"#Call for emergency roadside assistance to come and fix his car's problem.<br><br>#Use a mobile app to order a taxi or use ride-sharing services such as Uber or Lyft to continue his journey to the airport.<br><br>#Look for public transportation options, such as a bus station or a metro line that could take him to the airport.<br><br>#Call a friend or family member who lives nearby and ask for a ride to the airport.<br><br>#Explain his situation to a passing driver and ask if they could drop him off at the airport.",3,2
R_5D6QS6gL7iRtUEm,"#Immediately inform the security personnel about the accidental possession of the knife and clarify it is due to profession-related reasons.<br><br>#Check if there are any options to mail the item to the destination or home, as some airports offer this service.<br><br>#Ask if the knife can be kept in a secure place at the airport until his return.<br><br>#Find a nearby trustworthy person or friend who could take care of the knife until he returns.<br><br>#If possible, return to the checked baggage counter and check-in the bag containing the knife.",3,7
R_7f9h58F8JOUjaj9,"#Discuss the financial situation with the healthcare provider to see if they can negotiate a payment plan or get an affordable alternative.<br><br>#Research different pharmaceutical assistance programs or charities that help with prescription costs.<br><br>#Consult with the prescribing doctor for possible samples, coupons, or discount cards.<br><br>#Investigate the option of purchasing the medication from a legitimate and certified online pharmacy that may offer it at a lesser cost.<br><br>#Consider starting a crowdfunding campaign or reaching out to local community organizations for financial assistance.",4,1
R_7f9h58F8JOUjaj9,"#Darya could ask Ted to check his email or ticket provider's app for a digital version of his ticket.<br><br>#In case they purchased the tickets together, Darya can present the bulk tickets if she has the copy.<br><br>#Darya can call the customer care service of the concert venue to explain the situation and ask for a possible solution.<br><br>#Offer to stay with Ted outside the concert while they try to convince security or management to let him in without the ticket.<br><br>#Ted can try to buy a new ticket at the venue if there are any left.",4,3
R_7f9h58F8JOUjaj9,"#Immediately call the local non-emergency number or animal control to report the situation.<br><br>#Take note of the car's make, model, color, and license plate number to provide to law enforcement.<br><br>#Stay near the car to monitor the dog’s condition and assist when help arrives.<br><br>#Ask nearby stores or mall security to make an announcement to locate the car's owner.<br><br>#Do not attempt to break the car window unless explicitly instructed by a professional or if the situation becomes life-threatening.",4,6
R_7h6jyXxFIRJNCy2,"#Consult various pharmacies to compare medicine prices and find the most affordable option.<br><br>#Reach out to financial aid programs or charities that assist with medical expenses.<br><br>#Discuss with the doctor if there is a generic, less expensive version of the medication or if there is another less expensive medication that might work.<br><br>#Create a crowdfunding campaign online to raise funds to help with the cost of the medication.<br><br>#Contact the pharmaceutical company directly, as some companies offer patient assistance programs or discounts for those in need.",4,1
R_7h6jyXxFIRJNCy2,"#Assess the situation by asking the woman relevant questions to understand her predicament better.<br><br>#Consider his own safety and evaluate if giving a stranger a ride is a wise decision.<br><br>#Evaluate if he has enough gas and time to accommodate the additional 10 miles.<br><br>#If it's safe and feasible, agree to drive the woman to the nearby city.<br><br>#Suggest local public transportation options or a taxi if he's not comfortable giving the woman a ride.",4,5
R_7h6jyXxFIRJNCy2,#Call a trusted colleague who might be able to cover for him for a short period.<br><br>#Notify other staff or superiors about the situation via email or a workplace communication app.<br><br>#Leave a note at the store explaining the situation for his boss or any customers who might come in.<br><br>#Contact dispatch or any emergency contact that may be provided for situations like this.<br><br>#Leave for the court appointment and contact his boss as soon as possible to explain the situation.,4,9
R_7Rz4LnPBqUg1tQr,"#Ask the woman why she needs a ride and assess whether the situation is a potential risk or not.<br><br>#Consider the impact of the additional miles on his fuel consumption and time.<br><br>#Offer to call a taxi or arrange for a ride-hailing service for her if he has concerns about safety or privacy.<br><br>#Agree to give the woman a ride if he feels comfortable doing so and it's not a significant inconvenience.<br><br>#Offer to drop her off at a nearer place such as a bus or train station where she can continue her journey, if going the extra 10 miles is too much of a hassle.",4,5
R_7Rz4LnPBqUg1tQr,"#Approach the concerned vehicle calmly and try to establish if there is anyone else around who might be associated with the car.<br><br>#Immediately call local law enforcement or animal control, providing them with as much detail about the situation as possible.<br><br>#Stay near the vehicle to monitor the dog's condition and keep watch for the return of the vehicle's owner.<br><br>#Attempt to locate a mall security officer to help handle the situation and potentially make announcements in the mall to find the car's owner.<br><br>#If the dog's condition worsens significantly before help arrives, consider breaking a window in the least harmful way possible to provide immediate relief to the dog, assuming this action is legally protected in your jurisdiction.",4,6
R_7Rz4LnPBqUg1tQr,"#Contact a trusted coworker who might be able to cover the shift until the boss arrives.<br><br>#Notify any other superiors in the store's hierarchy about the situation and seek their assistance.<br><br>#Leave a comprehensive note for the boss, detailing transactions and issues encountered during the overnight shift and heading for the court appointment.<br><br>#If possible, temporarily close the store and post a notice explaining the unexpected circumstance, ensuring customers understand the situation.<br><br>#Arrange for a reliable taxi or rideshare service to make sure he reaches the court on time, in case the boss arrives at the last minute.",4,9
R_69h66l6O7zBwY3T,#Research alternative medications or treatments that may be covered by the insurance and discuss with the doctor.<br><br>#Contact the manufacturer of the medication to inquire about patient assistance programs or discounts.<br><br>#Explore crowdfunding options such as GoFundMe or social media fundraising for financial help.<br><br>#Reach out to local charities or non-profit organisations that assist with medical costs.<br><br>#Seek advice from a financial counsellor to explore loan options or budget adjustments that could cover the medication costs.,3,1
R_69h66l6O7zBwY3T,"#Maintain a safe distance from the suspected drunk driver to prevent any potential accident.<br><br>#Memorize or take a photo (if it can be done safely) of the driver's license plate number, car model, and color for identification.<br><br>#Call local law enforcement or highway patrol to report the erratic driving behavior, providing them with all the information that has been gathered.<br><br>#In case there are other passengers in the car, ask them to also keep an eye on the unpredictable vehicle, while staying prepared for any sudden moves.<br><br>#Continue to follow the driver under safe conditions if possible, while waiting for law enforcement to arrive on the scene, but do not attempt to confront or stop the driver personally.",3,4
R_69h66l6O7zBwY3T,"#Assess his fuel level and estimated time of arrival to determine if he can comfortably accommodate the additional trip.<br><br>#Politely ask the woman for more details, such as why she needs a ride, to make an informed decision.<br><br>#Consider suggesting other alternatives, like public transportation or a taxi, if available and safe.<br><br>#Reach out to friends or family to let them know about the situation, partly for his own safety.<br><br>#Before agreeing, ensure his schedule can afford the extra travel time, including potential unforeseen circumstances like traffic or road closures.",3,5
R_11QmTSMqpn3V0zL,"#Ask the gate attendants if there is a way to verify ticket purchase at the entrance without having the physical ticket.<br><br>#Use a smartphone to see if the ticket can be retrieved digitally, either via email or an app.<br><br>#Offer to wait with Ted for a taxi or rideshare to his house to retrieve the ticket faster than he could alone.<br><br>#Contact other friends who might be coming later to bring Ted's ticket from his house.<br><br>#Consider buying another ticket at the gate, if available and affordable.",3,3
R_11QmTSMqpn3V0zL,"#Politely decline the woman's request, citing inconvenience due to the additional distance.<br><br>#Inquire about her circumstances and reasons for needing a ride before making a decision.<br><br>#Agree to give the woman a ride to the nearby city, if Cameron feels comfortable and if it doesn’t significantly disrupt his schedule.<br><br>#Offer to call a taxi or another type of service to take the woman to her destination.<br><br>#Inform the gas station attendance or nearby authorities in case the woman appears to be in distress or trouble.",3,5
R_11QmTSMqpn3V0zL,"#Try to locate the owner of the car by asking around or having the car's license plate announced in the mall.<br><br>#Call local animal control or a non-emergency police number to report the situation.<br><br>#Monitor the dog's situation from a short distance without causing further stress to the animal.<br><br>#Encourage others in the parking lot to be aware of the situation and help if possible.<br><br>#Provide shade to the car if possible, perhaps by having someone hold a blanket or cloak over the window, while waiting for help to arrive.",3,6
R_7Ej7LgDCZczTsqa,"#Politely ask the woman if there is a specific reason she needs a ride and if she is in any kind of danger or emergency.<br><br>#Offer to call a taxi, Uber or any local safe ride transportation for her to ensure she arrives safely at her destination.<br><br>#Agree to take her to the city if it is not too much hinderance, ensuring to first inform someone close about this arrangement for safety reasons.<br><br>#Check with the gas station employees if they are familiar with the woman and if they can vouch for her safety.<br><br>#Suggest that the woman go to a nearby bus station, if available, or any other forms of public transportation to reach her destination.",4,5
R_7Ej7LgDCZczTsqa,#Immediately contact mall security and inform them about the situation.<br><br>#Call the local police or animal protection authorities and guide them to the location of the car.<br><br>#Try to find the owner of the vehicle by asking around in the mall or by making an announcement.<br><br>#Stay near the car and monitor the dog's condition while help arrives.<br><br>#Take note of the car's license plate number and other details to help authorities identify and locate the owner.,4,6
R_7Ej7LgDCZczTsqa,"#Immediately signal a trusted person at the ceremony that he needs help, preferably someone who can discreetly handle the situation.<br><br>#Call the taxi company quickly and calmly to report the lost ring, providing as many details as possible to aid in recovering it.<br><br>#Consider using a substitute ring if available, this could possibly be a borrowed ring from a family member that is attending.<br><br>#Apologize sincerely to the bride and groom and explain the situation at the most appropriate time, stressing that he is doing everything possible to solve the issue.<br><br>#Prevent this situation from overshadowing the ceremony by handling it calmly and discreetly.",4,8
R_3LBOjfwqB9iLXfX,#Check if the concert venue will accept digital tickets or proof of purchase other than the hard copy ticket.<br><br>#Try contacting customer service for the concert or event to inform them of the situation and inquire if they can issue a replacement ticket.<br><br>#Consider using ride-sharing or a taxi service to speed up Ted's return trip to his house to retrieve his ticket.<br><br>#Ask if any of the friends have a spare ticket Ted could use for the night.<br><br>#Use social media or the concert event page to find someone selling a ticket last minute.,3,3
R_3LBOjfwqB9iLXfX,"#Maintain a safe distance from the suspected intoxicated driver to keep out of harm's way.<br><br>#Record the vehicle's license plate, description, and the direction they are heading.<br><br>#Call the local non-emergency police line to report the situation providing them with all the details you've observed.<br><br>#If possible, safely make a video recording or take pictures of the dangerous driving behavior to assist the police in identifying the car and driver.<br><br>#Avoid overtaking or confronting the potentially intoxicated driver, to prevent an accident or altercation.",3,4
R_3LBOjfwqB9iLXfX,"#Ask the woman for more details about her situation to assess if it's a genuine request or possibly a security risk.<br><br>#Politely decline the request if Cameron feels uncomfortable or unsafe with the situation, offering to call a taxi or suggest public transport instead.<br><br>#Agree to give the woman a ride, but ensure to inform a family member or friend about the situation for security purposes.<br><br>#Offer to give the woman a ride part of the way, suggesting a point that is not out of Cameron's way.<br><br>#Offer to call the police or a social service agency if the woman appears to be in dire need or distress.",3,5
R_3k7YuYkA3EVd0f7,"#Quickly communicate with the security personnel, explaining the situation and displaying his chef credentials if he has any available.<br><br>#Consider going to the airline's information desk to inquire about potentially shipping his knife to Chicago.<br><br>#Reach out to his colleagues at the food festival, explaining the situation and asking if they have a spare knife he could use.<br><br>#Look for nearby stores that sell professional chef knives and consider purchasing a temporary replacement.<br><br>#Research online stores for professional-grade knives, arrange for expedited shipping to his destination in Chicago.",3,7
R_3k7YuYkA3EVd0f7,"#Quietly inform the wedding officiant of the situation during a pause in the ceremony, if possible, to figure out a solution.<br><br>#Contact the taxi company immediately to alert them about the forgotten ring and provide details for its retrieval.<br><br>#Ask a relative or close friend who is not part of the ceremony to rush home and fetch a substitute ring, if his residence is near the venue.<br><br>#Apologize to his sister discreetly and reassure her that efforts are being made to rectify the situation.<br><br>#Depending on the feedback from the taxi company, assess if he can temporarily leave the ceremony to retrieve the ring, if necessary, while causing the least interruption.",3,8
R_3k7YuYkA3EVd0f7,"#Contact a coworker who might be able to come in and cover the shift at short notice.<br><br>#Leave a detailed note for the boss explaining the situation and any pending tasks.<br><br>#Write an email to the boss, indicating the urgency of the court appointment and that he had to leave for it.<br><br>#Secure the store as best as he can, making sure all cash and valuable items are properly locked away.<br><br>#Inform the nearest law enforcement station about his situation, they might provide an officer to surveil the store or advice on the right course of action.",3,9
R_137y6DOU2tvccCp,"#Eamon could safely maintain distance from the suspected intoxicated driver to avoid any abrupt collisions.<br><br>#If possible, Eamon can find a safe opportunity to overtake the car and prevent himself from being directly behind the unpredictable driver.<br><br>#Eamon can record the car's license plate number and description for identification purposes.<br><br>#Eamon could call the local non-emergency line to report the driver, providing them with the details he observed and the car's whereabouts.<br><br>#Consider pulling over to a safe area and waiting until the suspected intoxicated driver is far ahead.",3,4
R_137y6DOU2tvccCp,"#Immediately alert the airport security about the knife in his bag to avoid potentially serious issues.
<br><br>
#Explain to the security officials about his role as a chef and the reason for having the knife in his bag.
<br><br>
#Ask the airport security for options on how to resolve the situation, such as mailing the knife to his destination or surrendering the knife temporarily.
<br><br>
#Consider leaving the security line and finding a local postal service to mail the knife to his Chicago address, if allowed.
<br><br>
#If the knife is not allowed through and he cannot find a postal service, he may have to forfeit it and arrange buy or borrow a replacement once arriving at the food festival in Chicago.",3,7
R_137y6DOU2tvccCp,"#Immediately inform the officiant about the missing ring in a discreet manner, asking for a brief pause in the ceremony.<br><br>#Reach out to the taxi company to see if they can return with the ring, provide them with the exact details and location.<br><br>#Consider asking someone at the wedding if they have a temporary substitute ring to be used for the ceremony.<br><br>#Communicate the situation to a trusted family member or friend present at the wedding who may assist in resolving the issue.<br><br>#Assure his sister about the situation to keep her calm and confident, ensuring her that the ring will be found or a solution will be reached soon.",3,8
R_1xRYt5vY4SBhvrh,#Call a roadside assistance service to fix his car or tow it to a repair shop.<br><br>#Order an urgent taxi or rideshare service to get him to the airport quickly.<br><br>#Contact the airline to inform them about his situation and request a possible flight rescheduling.<br><br>#Reach out to anyone he knows who is nearby and could give him a lift.<br><br>#Consider utilizing public transportation services if they're available and can get him to the airport on time.,3,2
R_1xRYt5vY4SBhvrh,"#Quickly step out of the line, in order to avoid holding up other passengers.<br><br>#Find an airport staff member and explain the situation temporarily, requesting guidance on what to do with the knife.<br><br>#Consider mailing the knife to the food festival or his hotel if there's a mailing service in the airport.<br><br>#Search for local cookware stores nearby the food festival in Chicago, as a backup solution in case he isn't able to keep the knife.<br><br>#If the knife is very valuable, consider booking a temporary storage locker at the airport to store the knife until he returns from his trip.",3,7
R_1xRYt5vY4SBhvrh,"#Immediately inform the person in charge of the wedding ceremony about the missing ring.<br><br>#Try to recall the taxi company or driver's details and contact them with hopes of retrieving the ring.<br><br>#Consider calling a family member or friend who may not be at the ceremony to help retrieve the ring.<br><br>#If the taxi company cannot be reached or does not have the ring, consider buying a temporary replacement ring nearby.<br><br>#Apologize to the wedding couple for the mishap and assure them that solutions to retrieve or replace the ring are being sought.",3,8
R_57EyJspAt2TfBVT,#Call a roadside assistance service to help repair the car if possible.<br><br>#Contact a taxi service or use a rideshare app like Uber or Lyft to get to the airport.<br><br>#Call the airline to explain the situation and see if there's a possibility of rescheduling the flight.<br><br>#Locate a nearby rental car service using a map application and rent a car to continue his journey.<br><br>#Ask a friend or family member who lives nearby to drive him to the airport.,3,2
R_57EyJspAt2TfBVT,"#Approach the car cautiously to avoid startling the dog and ascertain its condition.<br><br>#Call the local animal control or non-emergency police number to alert them of the situation and seek advice.<br><br>#Try to find the car owner by noting the vehicle's model, color, and license plate, and reporting it to the mall security or management.<br><br>#If the situation is dire, consider breaking the car window to rescue the dog, but only after fully assessing the potential legal ramifications.<br><br>#Stay with the dog, offering comfort and ensuring it is not alone, until help arrives.",3,6
R_57EyJspAt2TfBVT,"#Call a reliable coworker and explain the situation, requesting if they could cover the shift until the boss arrives.<br><br>#Leave a note explaining the situation at a noticeable spot in case the boss shows up after Jeff has left.<br><br>#Contact the local police station or the non-emergency line, informing them of the situation and asking for advice, particularly if leaving the store unattended can lead to a potential problem.<br><br>#Lock up the store and leave a sign on the door indicating that it is temporarily closed due to an emergency.<br><br>#Inform regular customers who might come in early about the situation, so they could spread the word or help in any way possible.",3,9
R_6CVl5cNh2n6PhSx,"#Call a car service (like a taxi or rideshare) to take him the rest of the way to the airport.<br><br>#Contact a road assistance service (like AAA) to fix his car quickly, so he can continue driving to the airport.<br><br>#Flag down a police officer or highway patrol, who may be able to help him with his car or arrange a ride to the airport.<br><br>#Contact the airport and explain his situation, they might be able to reschedule his flight.<br><br>#Find nearby hotels that offer shuttle service to the airport, he might be able to hire their service.",4,2
R_6CVl5cNh2n6PhSx,"#Inform the airport security officer immediately about the situation, explaining that he is a professional chef and the knife is an essential tool for his work.<br><br>#Ask the airport security if there's a way to ship the knife to his destination rather than giving up on it.<br><br>#Contact a friend or family member who could come to the airport and take the knife home, if it's possible without missing the flight.<br><br>#Explore the possibility of checking in his bag, if he hasn’t done so, given that knives are generally permissible in checked baggage.<br><br>#Consider buying a replacement knife in Chicago if the options to keep his knife fail. This way, he can perform his duty at the food festival without any problems.",4,7
R_6CVl5cNh2n6PhSx,"#Quietly communicate the issue to someone near him, ideally someone involved with the wedding planning, to let them know about the situation.<br><br>#Keep a composed appearance to avoid alarming other guests, and excuse himself tactfully from the ceremony to address the issue.<br><br>#Call the taxi company immediately to inquire about the lost ring, offering as many details as possible regarding the taxi ride and his location inside the taxi.<br><br>#If another reliable person is present and not involved in the ceremony, ask them to go and search for the ring or meet the taxi driver.<br><br>#If the ring cannot be retrieved on time, propose using a stand-in ring for the ceremony, assuring his sister that every effort will be made to retrieve or replace the original ring after the ceremony.",4,8
R_7hwzCU5hHwsHUoV,"#Discuss the situation with the doctor, asking if there are any cheaper but equally effective alternatives to the medication.<br><br>#Contact the pharmaceutical company that manufactures the medication. Some companies have patient assistance programs that provide medications at discounted prices or even free of charge for those in need.<br><br>#Explore health assistance programs or charitable foundations that could help cover the cost of the medication. These organizations might require documentation of income level, so prepare the required paperwork.<br><br>#Consider setting up a crowdfunding campaign to help with the medical expenses. Share the story widely and ask for support from friends, family, and the community.<br><br>#Check if there are any clinical trials for the specific illness. Participating in such trials could potentially provide access to the medication for free or at a significantly lower cost.",3,1
R_7hwzCU5hHwsHUoV,"#Safely increase distance from the suspected intoxicated driver to avoid potential unpredictable movements.<br><br>#Attempt to identify any specific details about the driver's car, such as the make, model, color, or license plate number.<br><br>#Find a safe place to pull over and call the local police or highway patrol to report the driver.<br><br>#If the driver stops or pulls over, do not approach them by yourself. Wait for law enforcement to arrive.<br><br>#Avoid trying to pass the suspected drunk driver unless it's absolutely necessary and can be done safely.",3,4
R_7hwzCU5hHwsHUoV,"#Immediately call the local animal welfare organization to report an animal left in a closed car in hot weather.<br><br>#Take note of the car's model, color, and license plate number, as well as the exact location of the car, and provide this information to the animal welfare organization.<br><br>#Attempt to locate the owner of the car by asking around, but ensure to keep a safe distance from the car to avoid scaring the dog even more.<br><br>#Tell the security or management of the mall about the situation so they could make a public announcement to alert the car owner.<br><br>#Take photos or video of the dog and the car as evidence, especially if the dog's condition worsens, to be used by law enforcement if necessary.
",3,6
R_5A6g4EyWEGe3raN,"#Call a towing service to get his car off the highway.<br><br>#Contact a taxi or a ride-hailing service like Uber or Lyft to get to the airport on time.<br><br>#Ask a friend or family member who's available to drive him to the airport.<br><br>#Check if there is a bus or train service to the airport from his current location.<br><br>#Consider renting a car, if there is a nearby rental service, to continue his journey to the airport.",3,2
R_5A6g4EyWEGe3raN,"#Slow down and maintain a safe distance from the suspected intoxicated driver to avoid a potential accident.<br><br>#Record the license plate number, car make, and model, along with description of the driver's behavior for reference.<br><br>#Find a safe location to pull over and report the suspicious activity to local law enforcement, providing them with all the details gathered.<br><br>#Look out for any safe opportunity to overtake the car if the road condition, local traffic law, and visibility allows it.<br><br>#Alert other drivers by flashing headlight or honking horn in a way that is safe and compliant with local traffic laws.",3,4
R_5A6g4EyWEGe3raN,"#Immediately inform the priest or whoever is conducting the ceremony of the situation discreetly.<br><br>#Try to recall the details of the taxi, such as the company name or license plate number.<br><br>#Call the taxi company (if remembered) or a close friend who’s not currently attending the ceremony, asking to track down the taxi using the details remembered.<br><br>#Ask one of the groomsmen to loan their wedding band temporarily as a replacement ring for the ceremony.<br><br>#Apologize to his sister and the groom for causing the disruption and assure them that he will do everything possible to retrieve the ring.",3,8
R_1VOUnT7W7j9AAqN,"#Contact the pharmaceutical company that produces the medication and inquire about patient assistance programs.<br><br>#Research and apply for grants or charities that are specifically meant to help individuals with the cost of their medication.<br><br>#Discuss with the doctors about potential alternative medications or treatments that may be covered by the insurance.<br><br>#Start a fundraising campaign on a platform like GoFundMe to gather donations from friends, family, and potentially strangers.<br><br>#Consult with a medical insurance specialist to understand if there are any loopholes or additional policies that can cover the cost of the medication.",4,1
R_1VOUnT7W7j9AAqN,"#Darya could contact the concert organizers or ticket office to see if they can reissue a ticket for Ted on the spot.<br><br>#Darya and friends could use their smartphones to see if a digital copy of Ted's ticket is available that he could use instead.<br><br>#If they arrived by car, Darya and friends could quickly drive Ted back to his home to get the ticket.<br><br>#Darya could ask other concert-goers if anyone has an extra ticket to sell or give.<br><br>#Darya and friends could decide to miss part of the concert to accompany Ted back to his house for his ticket so they can all enjoy the concert together.",4,3
R_1VOUnT7W7j9AAqN,"#Immediately alert the security personnel about the accidental possession of the knife and explain the reason for having it.<br><br>#Inquire about the possibility of checking in the knife separately as a delayed luggage item.<br><br>#Ask about nearby post offices or shipping services where he could potentially mail the knife to his destination.<br><br>#Contact his colleagues in Chicago and inform them about the situation, asking if they can provide a replacement knife for the festival.<br><br>#Explore the possibility of leaving the knife with airport Lost & Found or a similar facility for retrieval upon his return trip.",4,7
R_5fBluKBcgQHZhVw,"#Explore alternative insurance options or plans that might cover the cost of the medication.<br><br>#Contact the pharmaceutical company directly to inquire about any compassionate use programs, discounts, or payment plans they may offer.<br><br>#Research fundraising possibilities such as starting a GoFundMe page or hosting local community fundraising to help cover the costs.<br><br>#Consult with the treating doctor or pharmacist about the possibility of finding a less expensive, but equally effective, alternative medication.<br><br>#Consider seeking help from non-profit organizations or charities that offer financial aid for people struggling with medical expenses.",3,1
R_5fBluKBcgQHZhVw,"#Assess the situation to determine the safety and feasibility of the request. Consider factors such as the current time, weather, and personal comfort with the woman.<br><br>#Politely ask the woman for additional details about the nature of her need, such as why she is asking for a ride and if there are alternative transportation options she could use.<br><br>#Consider the additional mileage and whether the car has enough gas to make the extended trip without causing inconvenience.<br><br>#Weigh the impact on his schedule. Calculate the additional time that would be required and whether or not it conflicts with any of his evening plans.<br><br>#If the decision is made to help the woman, ensure his phone is charged and inform a friend or family member about the situation for safety purposes.",3,5
R_5fBluKBcgQHZhVw,"#Signal discreetly to someone close by like a bridesmaid or groomsman who isn’t directly involved at the moment to help him out.<br><br>#Remember the taxi's number and contact the taxi company immediately to inquire about the left behind ring.<br><br>#Find a temporary substitute for the ring such as a band from a keychain or use a prop ring used in the rehearsal.<br><br>#Explain the situation quietly to the wedding officiant when appropriate, who can then determine the best course of action.<br><br>#Contact someone outside the wedding venue who could assist in searching for or replacing the lost ring quickly.",3,8
R_3G2GZOQJN0KBFKW,"#Suggest Ted to show an e-ticket or a ticket confirmation email from his phone, if he has bought the ticket online.<br><br>#Check with the box office or customer services at the venue to see if they can re-issue Ted's ticket.<br><br>#Call a friend or family member who has access to Ted's house to retrieve the ticket and deliver it to them at the venue.<br><br>#Ask Ted to take a taxi to his house and back to the venue as quickly as possible.<br><br>#Propose the group to buy an extra ticket so that Ted can attend the concert with them, assuming tickets are still available.",3,3
R_3G2GZOQJN0KBFKW,"#Assess her situation by asking the woman why she needs a ride and if she has any other options.<br><br>#Consider his fuel level and decide if he can afford the additional miles without refueling again.<br><br>#Evaluate the safety of offering a ride to a stranger.<br><br>#Make a decision based on his comfort level, the woman's situation, and his own schedule and needs.<br><br>#If he decides to offer the ride, ensure to inform someone close to him about his plan and provide details of the woman for safety purposes.
",3,5
R_3G2GZOQJN0KBFKW,"#Immediately call the local animal control or non-emergency police number to report the situation, providing details about the car and the dog's condition.<br><br>#Take note of the car's make, model, and license plate number to share with authorities.<br><br>#Stay by the car to monitor the dog's condition and provide additional information to the authorities as necessary.<br><br>#If possible, and with the permission of local laws, break the car window that is farthest from the dog to provide immediate relief.<br><br>#Alert mall security or management about the situation and ask them to make a public announcement to find the car owner.",3,6
R_3joLbYts1bJrEBR,"#Investigate different pharmaceutical assistance programs that may help subsidize the cost of the medication.<br><br>#Reach out to the pharmaceutical company directly to inquire about any patient assistance programs they might offer for the specific medication.<br><br>#Consult with the doctor or pharmacist about possible generic or cheaper alternatives to the expensive prescription.<br><br>#Look into crowdfunding options or making a plea to the community for support, explaining the situation and the importance of the medication.<br><br>#Reach out to local, state, or national health agencies and charities who might be able to assist with funding or direct Heinz to resources that can help.",4,1
R_3joLbYts1bJrEBR,#Immediately inform the airport security officers about the knife in his bag.<br><br>#Ask a trusted friend or family member to pick up the knife from the airport and bring it home.<br><br>#Inquire with the airport security or customer service if there's postal facility within the airport to mail the knife back home.<br><br>#Speak with the airline's staff to see if they offer any special assistance in situations like these where a valuable item cannot be taken onboard.<br><br>#Consider purchasing a secure box from a store inside the airport and check it in as a separate piece of luggage.,4,7
R_3joLbYts1bJrEBR,"#Call a colleague who might be available to cover his shift until the boss arrives.<br><br>#Leave a note for the boss explaining the situation, with a contact number at the courthouse in case of any issues.<br><br>#Lock the store temporarily, if this is within his authority, and leave a sign explaining the situation with an estimated reopening time.<br><br>#Contact the local police to inform them about the situation, ensuring the store will be monitored for any suspicious activities during his absence.<br><br>#Reach out to a neighbor or nearby business to see if someone could temporarily watch over the store.",4,9
R_5RfVrMBM84WXsEF,"#Reach out to friends, family, or community members to request monetary assistance, providing them with necessary information about the situation and the medical expense.<br><br>#Consider setting up a crowdfunding campaign on a platform such as GoFundMe to raise the funds needed for the medication.<br><br>#Explore options for financial assistance programs or non-profit organizations that support individuals unable to afford their medication.<br><br>#Contact the pharmaceutical company directly to ask about patient assistance programs which might enable her to get the medication at a lower cost or for free.<br><br>#Consult with the doctor or pharmacist to see if there are alternative, less expensive medications that could also help manage her condition.",4,1
R_5RfVrMBM84WXsEF,"#Call a roadside assistance service for help with his broken down car.<br><br>#Use a navigation app to find the quickest public transportation route to the airport.<br><br>#Call a taxi, Uber or Lyft to get to the airport as quickly as possible.<br><br>#Ask for a friend or family member who may be able to drop him at the airport.<br><br>#Contact the airline and inform them about his situation to explore possibilities of rescheduling or delaying the flight.",4,2
R_5RfVrMBM84WXsEF,"#Ask the event staff if they can verify Ted's purchase and issue him a replacement ticket.<br><br>#Check if Ted can access his ticket digitally on his phone through the event's or ticket selling website/app.<br><br>#Ted could stay back and catch a later part of the concert after retrieving his ticket while others continue to enjoy the concert from the start.<br><br>#Consider contacting any friends or family who might be heading to the same concert, to see if they can bring his ticket if they're yet to depart.<br><br>#See if anyone in the nearby area is selling an extra ticket, ensuring it's not a scam before purchasing.",4,3
R_3HwH8kiDPM0K5I5,"#Ted could ask a friend or family member at his house to take a picture of the ticket and send it to his mobile phone. He can then show the digital copy at the entrance.<br><br>#Ted can call customer service at the concert venue to explain his situation and see if they're able to reissue his ticket at the box office.<br><br>#Ted can check his email for a confirmation of purchase, which might contain a digital copy of the ticket that he could show at the entrance.<br><br>#Darya and the rest of her friends could wait with Ted and try to negotiate with the concert organizers to let Ted in without a ticket, vouching for his purchase.<br><br>#Ted can use a ride-hailing service to fetch the ticket from his house and bring it to the concert venue - this may be faster than him returning home himself.",3,3
R_3HwH8kiDPM0K5I5,"#Maintain a safe following distance from the suspected intoxicated driver while observing his driving pattern.<br><br>#Call local authorities to report the suspected drunk driver, providing them with the car's make, model, color, and license plate number if possible.<br><br>#Record the driver's erratic behavior using a dashcam if Eamon has one installed in his vehicle.<br><br>#Flash his lights and sound his horn to alert the driver that his driving is dangerous and to caution other drivers about the situation.<br><br>#If possible, Eamon should take an alternative route to avoid the potential risks posed by the intoxicated driver.
",3,4
R_3HwH8kiDPM0K5I5,"#Contact a trustworthy fellow employee to see if they can take over from him in case the owner remains unavailable.<br><br>#Leave a note explaining the emergency situation for the owner, including the details of the court appointment.<br><br>#Lock up the store for security purposes until the owner or another employee arrives, given the emergency situation.<br><br>#Notify the local police or security firm associated with the store about the situation for vigilance.<br><br>#Notify his attorney about the potential delay due to work circumstances and explore ways to reschedule the court appointment.",3,9
R_1r8AXjOaubSVFG9,"#Research for any pharmaceutical companies or organizations that offer patient assistance programs for the specific medication needed.<br><br>#Start a fundraising campaign on a crowdfunding platform, such as GoFundMe, to help cover the cost of the medication.<br><br>#Consult with the wife's doctor for potential alternative treatments or medications that may be covered by their insurance.<br><br>#Reach out to local charity organizations that offer financial assistance for health-related expenses.<br><br>#Consider seeking legal advice to understand if there's a possibility to challenge the insurance company's decision not to cover the medication.",3,1
R_1r8AXjOaubSVFG9,#Offer to wait with Ted outside the concert venue until someone can bring his ticket.<br><br>#Contact other friends who might be coming to the concert later and ask if they could bring Ted's ticket from his house.<br><br>#Check with the venue if they can provide a duplicate ticket by verifying Ted's purchase.<br><br>#Explore the possibility of buying an extra ticket at the entrance if they are still available.<br><br>#Look for quick cab or ride-share services to pick up the ticket and deliver it to Ted as fast as possible.,3,3
R_1r8AXjOaubSVFG9,"#Politely decline the woman's request if Cameron feels uncomfortable or unsafe with the situation.<br><br>#Accept the woman's request and drive her to the nearby city, factoring in the extra gas and time costs.<br><br>#Ask the woman more questions about her situation to make a more informed decision about whether or not to help her.<br><br>#Point her towards a nearby public transportation option, such as a bus stop or taxi stand, if one is available.<br><br>#Contact local non-emergency services for assistance, if he believes the woman is in distress but doesn't feel equipped to help her directly.",3,5
R_7IXVwKHjO3yC5VF,"#Call roadside assistance or a local mechanic to quickly deal with the car breakdown.<br><br>#Flag down a passing car with a request to take him to the nearest public transportation or taxi station.<br><br>#Use a ridesharing app like Uber or Lyft to immediately arrange a ride to the airport.<br><br>#Contact the airline to inform about the situation and inquire if it's possible to get on a subsequent flight if he were to miss the current one.<br><br>#Look for nearby car rental services on his mobile map, rent a car and drive to the airport.",3,2
R_7IXVwKHjO3yC5VF,"#Slow down to maintain a safe distance from the vehicle in question.<br><br>#Get the license plate number of the seemingly intoxicated driver.<br><br>#Find a safe place to pull over and call the local authorities or 911, providing them with the details including the car's make, model, color, and license plate number.<br><br>#Avoid attempting to pass the vehicle unless it becomes absolutely necessary and safe to do so.<br><br>#Activate his hazard lights to alert other motorists of the potential danger ahead.",3,4
R_7IXVwKHjO3yC5VF,"#Quickly and quietly communicate the problem to the closest member of the wedding party, preferably someone not immediately involved in the ceremony such as a groomsman or bridesmaid.<br><br>#Contact the taxi company immediately, providing them with as much detail as possible to help locate the lost item.<br><br>#If a replacement ring is available, discreetly get it and proceed as if nothing happened while still trying to find the original.<br><br>#Apologize to his sister and her fiance, explaining to them what happened and assuring them that he is doing everything possible to retrieve the ring.<br><br>#Instruct a trustworthy person outside of the ceremony to help with the recovery effort, like arranging an immediate pick up from the taxi company once the ring is located.",3,8
R_7BuTiRopi6xNXk5,#Ask security if they can show proof of purchase on a mobile or email confirmation in lieu of the physical ticket.<br><br>#Check to see if someone else who is not attending can access Ted's house and bring the ticket to him.<br><br>#Investigate if there is a duplicate or a reissuing of tickets available at the box office.<br><br>#Consider using a ride-sharing service for Ted to quickly go back home and retrieve his ticket.<br><br>#Check if the venue has arranged online ticket support to facilitate such situations.,4,3
R_7BuTiRopi6xNXk5,"#Consider his fuel level and whether his car can reach the nearby city and return home without refueling.<br><br>#Evaluate the risk involved in giving a ride to a stranger and consider the safety implications.<br><br>#Ask the woman for more details about her situation to try and assess her trustworthiness.<br><br>#Consider alternative solutions for her, such as suggesting nearby public transportation or arranging for a taxi.<br><br>#Think about the impact of the additional 10 miles on his schedule and adjust his plans if necessary.",4,5
R_7BuTiRopi6xNXk5,"#Immediately contact the taxi company to report the lost item and provide the details of the ride so that they can locate the driver and check the backseat.<br><br>#Request someone at the venue to make an announcement and see if anyone has a spare ring that can be used temporarily.<br><br>#Ask a family member or close friend to rush home and fetch an alternative ring if they live nearby.<br><br>#Speak privately with the priest or officiant to explain the situation and possibly delay the exchange of rings.<br><br>#Apologize directly to the bride and groom, explaining the situation and ensure them that you are doing everything possible to correct the mistake.",4,8
R_5MMRE7RJ1lDv3oT,#Call a tow truck to move his broken-down car to a safe location or mechanic shop.<br><br>#Use a taxi-hailing app or service to get a ride to the airport.<br><br>#Contact the airline to inform them of his situation and inquire about possible flight rescheduling options if he does miss his current flight.<br><br>#Reach out to any friends or family who might be able to give him a quick ride to the airport.<br><br>#Use a mobile app like Google Maps to find the fastest public transport route to the airport.,3,2
R_5MMRE7RJ1lDv3oT,"#Safely increase the distance between his vehicle and the suspected intoxicated driver.<br><br>#If possible, safely overtake the suspected intoxicated driver when the road rules permit and when there is clear vision of the road ahead.<br><br>#Try to remember the car's number plate, make, model and any other distinguishing features, while stationery if he can.<br><br>#Contact the local police or emergency services to report the suspected intoxicated driver, providing as much detail as possible about the car and its location.<br><br>#Observe the suspected intoxicated driver's actions and record them if possible for evidence, while ensuring he does not endanger himself or other road users in the process.",3,4
R_5MMRE7RJ1lDv3oT,"#Politely inquire why she requires assistance to get a clearer understanding of her situation.<br><br>#Offer to arrange for an Uber or Lyft if Cameron is uncomfortable giving the woman a ride, but is willing to help her out.<br><br>#Assess his fuel and time constraints to determine if he can accommodate the extra mileage.<br><br>#Check with local police or gas station staff if the woman is known or seems suspicious.<br><br>#Consider reporting the encounter to the appropriate authorities if he deems the situation to possibly be of potential risk or danger.",3,5
R_3tx859wPRg4Ga1O,"#Call a breakdown service or a trusted mechanic to fix the car.<br><br>#Use a ridesharing service like Uber or Lyft to get a ride to the airport.<br><br>#Hail a taxi if any are in the vicinity and quickly explain his urgent situation.<br><br>#Call a friend or family member who might be nearby and request them to drive him to the airport.<br><br>#Contact the airline and explain the situation to possibly arrange for a later flight, if all else fails.
",3,2
R_3tx859wPRg4Ga1O,"#Call local animal control to report the situation and provide the car's details, including make, model, color, and license plate number.<br><br>#Look around the parking lot for any information related to the owner of the car or the mall management office.<br><br>#If the mall is still open, Erica could go inside and request an announcement to be made about the situation, providing the vehicle's details.<br><br>#Document the situation by taking pictures or video recording as proof if legal action is required later.<br><br>#Monitor the dog from a distance while waiting for authorities, making sure not to scare it further.",3,6
R_3tx859wPRg4Ga1O,"#Signal discreetly to the best man or a close family member about the missing ring.<br><br>#Confide in the wedding planner or a member of the wedding crew, if any, and request their assistance.<br><br>#Recreate the taxi route in his mind and contact the taxi service to report the lost item.<br><br>#Find a temporary replacement. This could be a piece of jewellery from an attending guest or an inexpensive ring from a nearby store.<br><br>#Once the urgent measures are taken care of, inform his sister and her partner about the situation, apologizing sincerely.",3,8
R_7HiOkbazn930DGM,"#Explore all available patient assistance programs to understand if they can be eligible for any financial support or free medication.<br><br>#Contact the pharmaceutical company directly. Some pharmaceutical companies offer patient assistance programs specifically for their drugs.<br><br>#Consider setting up a crowdfunding campaign on platforms such as GoFundMe or JustGiving to raise money for the treatment.<br><br>#Investigate local charities or foundations that provide assistance for medical expenses, particularly those focusing on the specific illness the wife is suffering from.<br><br>#Consult with the doctor to explore alternatives or ask if there are any generic versions of the same medication, which could be cheaper.",3,1
R_7HiOkbazn930DGM,"#Rush back to check-in to see if he can check his bag instead, ensuring that he explains the situation thoroughly to the staff to avoid any misunderstanding.<br><br>#Consider sending the knife by courier service to his destination. He would need to quickly find a place nearby that offers such services.<br><br>#Locate an airport storage service usually available at international airports. He can store the knife there and pick it up after returning from Chicago.<br><br>#Find a fellow traveler who's just in the process of checking luggage in and kindly ask if they can stow his chef's knife in their check-in luggage.<br><br>#Contact his colleagues at the Chicago festival explaining his situation and see if anyone there can either lend him a knife or purchase an inexpensive one for him to use upon his arrival.",3,7
R_7HiOkbazn930DGM,#Call a reliable coworker to see if they can cover the shift until the boss arrives.<br><br>#Leave a note for the boss explaining the situation and the steps taken to ensure the store is covered.<br><br>#Contact a nearby branch or related store to ask for temporary assistance.<br><br>#Secure the store by locking it and inform any present customers about the unforeseen circumstances.<br><br>#Document the situation in case Jeff needs proof that he had to leave due to an important court appointment and his boss was unreachable.,3,9
R_3t4m14Nh56nUIfS,"#Consult with the doctor regarding alternative, less expensive medications or treatments that could be effective.<br><br>#Reach out to charities, nonprofit organizations, and drug manufacturers that offer assistance programs for individuals struggling to cover the costs of their medications.<br><br>#Explore crowdfunding options online to help generate the necessary funds for purchasing the medication.<br><br>#Consider negotiating the price with the pharmacy or asking if there's a generic version of the drug that is less expensive.<br><br>#Look into healthcare financing solutions or low-interest medical loans as a possibility for covering the costs of the medication.",4,1
R_3t4m14Nh56nUIfS,"#Stay a safe distance behind the potentially intoxicated driver to avoid a collision.<br><br>#Attempt to take note of the vehicle's make, model, and license plate number without endangering himself.<br><br>#Safely overtake the car if an opportunity arises, ensuring at the same time a safe distance is maintained.<br><br>#Contact the local non-emergency police line to report a potentially intoxicated driver, providing the car's details and the location.<br><br>#Use a hands-free device to make this call if one is available, ensuring that he does not get distracted from the road while making the call.",4,4
R_3t4m14Nh56nUIfS,"#Immediately notify a groomsman or bridesmaid discreetly during an appropriate moment in the ceremony.<br><br>#Instruct someone trustworthy to call the taxi company, providing details such as the taxi number, if remembered, and the drop-off location.<br><br>#Consider asking if any attendees have a ring, preferably a band, that could be used as a placeholder for the ceremony.<br><br>#Apologize to the couple during a suitable time - either privately if possible, or publically if necessary - explaining that you lost the ring and are making every effort to retrieve it.<br><br>#After the ceremony, contact the taxi driver personally if possible, and arrange to collect the ring if it has been found.",4,8
R_5sU6DGKBooFCOc1,"#Call for a tow truck or roadside assistance to handle the car issue.<br><br>#Use a ride-hailing service like Uber or Lyft to get to the airport as quickly as possible.<br><br>#Contact the airline to inform them about his situation and explore if there is any possibility of rescheduling the flight.<br><br>#Ask for help from any friends or family members who might be available to drive him to the airport.<br><br>#Consider taking public transportation, if available and reliable, to reach the airport in time.",4,2
R_5sU6DGKBooFCOc1,"#Assess whether he has enough time and fuel to take the woman to her destination without negatively affecting his own plans.<br><br>#Politely ask the woman for more information about her situation to determine if it's safe and appropriate to give her a ride.<br><br>#Consider informing a family member or friend about the situation in case any issues arise.<br><br>#If feeling uncomfortable, suggest alternative transportation options to the woman such as taxi, bus or a ride-hailing service.<br><br>#If deciding to help, set strict boundaries like dropping her off at a public place in the city, and not at a specified address.",4,5
R_5sU6DGKBooFCOc1,"#Call a trusted colleague to fill in for him until his boss shows up.<br><br>#Leave a detailed note for his boss explaining the situation and the state of the store when he left.<br><br>#Send a text message or an email to his boss describing the emergency and his need to leave the store.<br><br>#Secure the store as best as he can, ensuring all valuables are locked away, before leaving for the court appointment.<br><br>#Contact local law enforcement or a security company to explain the situation and possibly request a temporary surveillance until the boss arrives.",4,9
R_6R3Dl201JuF9BgN,"#Quickly assess the situation and see if he can identify the problem with his car and possibly fix it.<br><br>#Flag down a passing motorist for assistance, who might be able to help him fix his car or give him a lift.<br><br>#Use a ride-hailing app like Uber or Lyft to book a ride to the airport.<br><br>#Call a local taxi service or car rental agency and arrange for a ride.<br><br>#Call the airline and explain the situation, to see if they can delay the flight or book him on a later one.",3,2
R_6R3Dl201JuF9BgN,"#Immediately notify the mall's security personnel about the situation, providing them with the car's make, model and license plate number.<br><br>#Dial the local non-emergency police number or animal control to report a dog left in a hot car.<br><br>#Stay near the car (but maintain a safe distance to avoid distressing the dog) and watch for signs of the dog's deteriorating condition while waiting for help.<br><br>#Find the mall's public announcer or customer service desk and ask them to make an announcement with the car's description, urging the owner to return immediately.<br><br>#After notifying authorities, alert nearby shoppers about the situation in an attempt to locate the dog's owner faster.",3,6
R_6R3Dl201JuF9BgN,"#Immediately step out of the security line and consult with an airport security staff member, explaining the situation honestly and calmly.<br><br>#Contact his colleagues and inform them about the situation, they might be able to prepare a replacement knife for him.<br><br>#Search for a nearby post office or express courier service on his phone, he could potentially mail his knife back to his home.<br><br>#If allowed by the airport authorities, return to the check-in area and pay for the knife to be checked in as a piece of luggage.<br><br>#Consider selling or giving the knife to a fellow chef or trustworthy person who will not be flying, which could potentially save the knife from being confiscated by airport security.",3,7
R_7bH39O5Hg1M0VNu,"#Immediately call for a roadside assistance service to help fix the car issue as quickly as possible.<br><br>#Book an emergency cab or rideshare service like Uber or Lyft if the car repair could take much time.<br><br>#Contact the airline customer service, explain the situation and inquire about the possibility of rescheduling the flight.<br><br>#Check the nearby public transportation - buses or trains, if they are quicker and accessible at the moment.<br><br>#Reach out to friends or family members who live nearby and may be able to give a quick lift to the airport.",4,2
R_7bH39O5Hg1M0VNu,"#Assess the woman's situation by asking a few key questions to ensure her safety and sincerity.<br><br>#Calculate how much extra gas and time would be needed to take her to her destination.<br><br>#Consider if this detour would interfere with any current obligations or plans.<br><br>#Offer to call her a cab or a ride-sharing service if he decides it's not feasible or safe to give her a ride.<br><br>#If he decides to give her a ride, inform a friend or family member about his detour and expected time of arrival.",4,5
R_7bH39O5Hg1M0VNu,"#Quickly note down the car's license plate number, make, and color for reference.<br><br>#Alert mall security or management about the situation, providing them with the car's details.<br><br>#Call a local non-emergency police number or animal control to report the situation.<br><br>#Stay near the car to monitor the dog's condition until help arrives, but avoid any attempts to break into the vehicle.<br><br>#Look for the owner of the car in the nearby vicinity, and if found, urge them to immediately open the car and provide the dog with water.",4,6
R_7mJkSFegDSIFZtg,"#Call for roadside assistance to get the car repaired as fast as possible.<br><br>#Consider using a ride-sharing app like Uber or Lyft to quickly arrange transport to the airport.<br><br>#Flag down a taxi if one passes by, explaining the urgency of the situation.<br><br>#Check if there is any public transport like a bus or railway that can get him close to the airport.<br><br>#Contact any friends or family who might be able to provide a quick ride to the airport.",4,2
R_7mJkSFegDSIFZtg,"#Create some distance between his vehicle and the suspected intoxicated driver to ensure his safety.<br><br>#Call the local police department or emergency line to report the incident, providing them with the vehicle's description and plate number if visible.<br><br>#Record the erratic behavior if possible and safe to do so, to provide evidence to the concerned authorities.<br><br>#Avoid overtaking the vehicle to prevent any potential accident.<br><br>#Use his car's horn or lights to alert the driver to their erratic driving, if it's safe to do so.",4,4
R_7mJkSFegDSIFZtg,"#Apply to the security staff immediately, explaining his situation and profession.<br><br>#Ask if there are any options to send the knife through a checked bag, if he has one.<br><br>#Reach out to the airline's customer service to see if they can provide help or suggestions.<br><br>#Consider leaving the queue and finding a nearby post office or courier service to ship the knife to his destination.<br><br>#Prepare for the possibility of surrendering the knife if no other option is available, informing the security about the value of the item to see if any special arrangements can be made.",4,7
R_5luXV5189KTo1VB,"#Consult with the doctor or pharmacist to inquire about any available generic versions of the prescribed medication, which could be more affordable.<br><br>#Explore various assistance programs that provide financial aid to patients in dire need of specific medication.<br><br>#Consider crowdfunding or fundraising for the medication, using platforms like GoFundMe or through community efforts.<br><br>#Negotiate payment plans with the hospital or clinic to help spread the cost of the medication over a period of time.<br><br>#Research alternative treatments or therapies that may also be effective but cost less.",4,1
R_5luXV5189KTo1VB,"#Call roadside assistance or a towing service to handle the broken down car.<br><br>#Use a ride-hailing app such as Uber or Lyft to get a quick ride to the airport.<br><br>#Contact the airline to inform them of the situation and inquire about the possibility of rescheduling the flight.<br><br>#Look for nearby public transportation options that could potentially get him to the airport on time.<br><br>#Ask a nearby driver or passerby if they could give him a lift to the airport, offering compensation for their trouble.",4,2
R_5luXV5189KTo1VB,"#Immediately call the local animal control or a local non-emergency police number to report the situation.<br><br>#Try to take down the car's make, model, color, and license plate number, which can be used to locate the owner or for reporting purposes.<br><br>#If possible, stay near the vehicle until help arrives to monitor the dog's condition and prevent anyone from moving the vehicle.<br><br>#Find a mall security officer and inform them about the situation, they may have the tools to open the car or can make public announcements to locate the owner.<br><br>#Use social media to raise an alert if the mall has a community page or a group for immediate attention.",4,6
R_6Hvo598iOCmCXGv,"#Call a car towing service to handle his broken-down vehicle.<br><br>#Arrange for a taxi, Uber, or similar ride-sharing service to quickly transport him to the airport.<br><br>#Contact the airline to inform them about his predicament and inquire if his flight could be rescheduled.<br><br>#Use a roadside assistance service, if he has a subscription, to get his car fixed as quickly as possible.<br><br>#Reach out to friends or family who might be able to give him a lift to the airport.",4,2
R_6Hvo598iOCmCXGv,"#Darya could offer to lend Ted her phone to try and pull up his ticket electronically, in case he has it in his email or an app.<br><br>#They could quickly check if there is a ticket booth on site that may be able to reprint his ticket.<br><br>#Ted could reach out to someone at his house and ask them to send a picture or scan of the ticket, if there's anyone there.<br><br>#Depending on the venue's policy, they could explain the situation to the entrance staff and see if they could help in any way.<br><br>#They could also try to find a last-minute ticket for sale online or from someone outside the venue.",4,3
R_6Hvo598iOCmCXGv,"#Immediately inform the security officer about the situation before the bag goes through the scanner.<br><br>#Ask for the option to mail the knife to his destination, some airports may provide this service.<br><br>#Contact a friend or family member who may be able to pick up the knife from the airport.<br><br>#Seek help from the airport's lost and found or a similar service to hold his knife until he returns.<br><br>#Inquire about the possibility of checking in his bag instead of carrying it onboard to avoid any issues with security.",4,7
R_7E3K1ihVTMEmCoq,"#Darya could call the concert's customer service to check if they can digitally send a ticket to Ted's phone.<br><br>#Darya and her friends might consider waiting at a nearby location until Ted retrieves his ticket, if this would allow them to still enjoy a portion of the concert together.<br><br>#Ted could attempt to purchase a new ticket at the venue, if any are still available.<br><br>#Darya and her friends could approach the venue's security to explain the situation and see if there is any way for Ted to be allowed in without his ticket.<br><br>#If Darya and her friends are regular attendees, they could try to leverage their customer loyalty and ask the venue if they could make an exception for Ted.",4,3
R_7E3K1ihVTMEmCoq,"#Immediately contact the local animal welfare authority to report the incident, providing them with as many details as possible such as the location and make/model of the car.<br><br>#Look around for the owner of the car, asking any passing by people if they know who it may belong to.<br><br>#Stay nearby the car to monitor the condition of the dog and ensure it does not get worse.<br><br>#If the dog seems to be in severe distress and the animal welfare or authorities have not arrived, consider breaking a window of the car to provide the dog with fresh air (only if it's legal and safe to do so).<br><br>#Alert the mall management and security to help locate the car's owner as soon as possible.",4,6
R_7E3K1ihVTMEmCoq,"#Alert a close family member or the wedding planner about the situation discreetly so as not to disturb the ongoing ceremony.<br><br>#Check if there is any spare ring available or if an imitation ring can be used for the ceremony.<br><br>#If possible, contact the taxi company to report the loss and provide details in an attempt to retrieve the ring.<br><br>#Apologize to the groom and the bride, explaining the situation calmly and reassuring them that a solution is being sought.<br><br>#If all other options fail, suggest postponing the ring exchange part of the ceremony until the ring is found or replaced.",4,8
R_10VPycP5uHPVRah,"#Immediately call the local animal control or police department and provide them with a detailed description of the car and its location.<br><br>#Stay by the car to monitor the dog's condition and wait for authorities to arrive.<br><br>#Attempt to locate the owner of the car by taking note of the make, model, and license plate, and asking mall security or management to make an announcement.<br><br>#In case the dog's condition worsens drastically, prepare to break the window furthest from the dog to allow fresh air in, but only as a last resort and if legally permitted.<br><br>#After the incident, spread awareness about the dangers of leaving pets in hot cars through social media or local community groups to prevent such incidents in the future.",3,6
R_10VPycP5uHPVRah,"#Quietly remove the knife from the bag and discreetly inform the security staff about the mistake, explaining his profession and the situation.<br><br>#If allowed by security, quickly return to the check-in counter and inquire if he can check in the knife as part of his luggage.<br><br>#Search for nearby post offices or courier services on his phone, where he might be able to send the knife to his destination.<br><br>#Use his phone to reach out to his chef colleagues in Chicago, asking if they can provide a replacement knife for the festival.<br><br>#If no other options are feasible, prepare mentally for the possibility of leaving the knife behind, acknowledging the error and complying with airport security rules.",3,7
R_10VPycP5uHPVRah,"#Inform the officiant of the situation discreetly so the ceremony can be momentarily paused.<br><br>#Try to remember the taxi's license plate or the taxi company's name to call and ask for the ring.<br><br>#Approach a trusted individual at the wedding, explain the situation, and ask for their assistance.<br><br>#Call the cab company or use the app (if the taxi was booked through one) to try to get in touch with the driver and recover the ring.<br><br>#Search for a temporary replacement ring among the guests or ornaments, offering to replace or reimburse it after the wedding.",3,8
R_1oHisKPtBvOxEoi,"#Maintain a safe distance from the suspected intoxicated driver to avoid any sudden accidents.<br><br>#Observe the vehicle's driving pattern for a little longer to confirm if the driver really is intoxicated.<br><br>#If Eamon has a passenger, ask them to record the erratic behavior of the car as evidence.<br><br>#Contact local law enforcement and supply them with the information, including car model, color, and license plate number.<br><br>#Look for a safe spot to pull over and let the suspected intoxicated driver pass, to avoid potential dangers.",4,4
R_1oHisKPtBvOxEoi,"#Immediately call the local non-emergency police number or animal control to report a pet left in a hot car.<br><br>#Take note of the car's make, model, color, and license plate number to report.<br><br>#Stay by the vehicle to monitor the dog's condition until help arrives.<br><br>#If possible, try to locate the owner of the car by asking around or notifying mall security.<br><br>#Keep a distance from the vehicle to avoid stressing the dog further.",4,6
R_1oHisKPtBvOxEoi,"#Quietly inform the closest person (possibly the groom) about the situation without disrupting the ongoing ceremony.<br><br>#Quickly message or call the taxi service to check if they found the ring on the seat and ask them to return it if possible.<br><br>#If the taxi company is unresponsive or unable to help, consider asking someone to go to the location where the taxi was last seen in the chance it might still be there.<br><br>#Suggest a temporary replacement for the ring, like a piece from a family member's jewelry, until the actual ring is recovered.<br><br>#Take this as a learning experience and make sure to double-check important items before leaving any public transportation in the future.",4,8
R_7r7GMXlSKUxm3yN,"#Suggest Ted to check with the ticket office if they can access a digital version of his ticket by providing his ID or confirmation email.<br><br>#Propose that one of them waits outside with Ted while the rest attend the concert to keep him company.<br><br>#Explore the possibility of buying a new ticket on spot, if available.<br><br>#Consider calling a taxi or a close friend to bring Ted's ticket from his house to the concert venue.<br><br>#Check if the concert venue allows temporary exit and re-entry, which would allow one of the friends to retrieve the ticket while everyone else enjoys the beginning of the concert.",4,3
R_7r7GMXlSKUxm3yN,"#Immediately call the local non-emergency police or animal control. Provide them with the precise location and vehicle description so they can act swiftly.<br><br>#Look around for the owner. Ask mall staff or make an announcement over the mall's public address system if possible.<br><br>#Stay by the car to monitor the dog's condition until help arrives. If the dog falls unconscious or shows signs of heatstroke, consider breaking the window, ideally the one opposite the dog.<br><br>#Document the situation. Take photographs or videos of the car, the dog, and the car's license plate. They can serve as evidence if the authorities choose to press charges against the car's owner.<br><br>#After the dog is rescued, report the incident to the mall's management and ask them to consider implementing a policy discouraging shoppers from leaving pets in their cars on hot days.",4,6
R_7r7GMXlSKUxm3yN,"#Immediately signal to someone off stage or nearby - preferably someone directly involved with the wedding planning process - to inform them about the missing ring.<br><br>#Ask a member of the wedding party who is not immediately involved in the ceremony, like an usher, to try and contact the taxi company to retrieve the ring.<br><br>#Use any available technology (e.g. a mobile phone tracking app) to help locate and recover the ring if the taxi company cannot be reached or is unable to help.<br><br>#Quietly confide the issue to the groom, who may have an additional spare ring or a symbolic replacement that can be used temporarily.<br><br>#If all else fails, discreetly find a replacement ring such as a borrowed one from a family member or friend, or even a basic band for the duration of the ceremony.",4,8
R_3iO5eNCCTWyqFUH,"#Call a tow truck to move his car off the highway.<br><br>#Use a ride-hailing app like Uber or Lyft to get a quick ride to the airport.<br><br>#Contact the airline to explain his situation and possibly reschedule his flight, if necessary.<br><br>#Flag down a passing car and request help or a lift to the nearest public transport station.<br><br>#Check local transit schedules on his phone to find a bus or train that could get him to the airport on time.",3,2
R_3iO5eNCCTWyqFUH,"#Maintain a safe distance from the suspected intoxicated driver to avoid any potential accidents.<br><br>#Take down the license plate number of the potentially impaired driver for reporting purposes.<br><br>#Call the local authorities or a non-emergency police line to report the erratic driving behavior, providing the car description and license plate number.<br><br>#If safe, use a dash cam or mobile device to record the driver's behavior as evidence of their erratic driving.<br><br>#Seek an alternate route home, to avoid driving behind the suspected intoxicated driver.",3,4
R_3iO5eNCCTWyqFUH,"#Immediately take a picture of the car's license plate and any identifying information.<br><br>#Call the local non-emergency police or animal control, informing them about the situation with all details.<br><br>#Gather witnesses around to help identify and testify to the suffering of the dog.<br><br>#Try to locate the owner of the car by asking around or making an announcement within the mall if possible.<br><br>#Remain near the car (at a safe distance) to monitor the dog's condition until help arrives.",3,6
R_7bTYX519sW4PlGF,"#Research alternative insurance plans or supplemental insurance that might cover the required medication.<br><br>#Contact the pharmaceutical company that manufactures the medication to ask if they have patient assistance programs or discounts for those who cannot afford it.<br><br>#Explore crowdfunding possibilities or charity organizations that might be able to provide help in such situations.<br><br>#Ask the doctor if there is an affordable alternative medication or treatment that could be as effective.<br><br>#Seek assistance from local community centers, non-profits, or church groups that may have funds to assist individuals in such situations.",3,1
R_7bTYX519sW4PlGF,"#Call for roadside assistance to either fix the car on the spot or tow it to the nearest garage.<br><br>#Hail a taxi, request a ride-share service, or use public transportation, if available, to continue the journey to the airport.<br><br>#Contact the airline to inform them about the situation and inquire about the possibility of rescheduling the flight without penalty due to an emergency.<br><br>#Reach out to a friend or family member who might be able to give him a ride to the airport.<br><br>#Look for nearby car rental services where he could potentially rent a car for the trip to the airport.",3,2
R_7bTYX519sW4PlGF,"#Consider if he has enough fuel to take the lady to the requested city and still make it back home.<br><br>#Ask the woman if she can contribute to the fuel cost, especially considering this will use additional gas than initially planned.<br><br>#Check if he has enough time to drive the extra distance without jeopardizing his other plans or commitments.<br><br>#Assess the woman's situation to ensure his own safety before deciding to give her a ride.<br><br>#Consider calling a taxi or ride-sharing service on behalf of the woman if he feels this is a safer or more convenient option.",3,5
R_1WYzGZ0XsipotZ6,"#Call the ticket provider or check their website for a digital copy of Ted's ticket which may be valid for entrance.<br><br>#Ask the event staff if they can assist with a ticket reissue at the box office.<br><br>#Leave Ted at the entrance while the group rushes into the concert venue, then have one person come back with Ted's ticket after enjoying some of the concert.<br><br>#If the concert has multiple entrances and one of them has shorter queues, Ted could quickly take a cab to his house, get the ticket and then return.<br><br>#Purchase a new ticket at the entrance if available and affordable, to avoid missing out on the concert.",4,3
R_1WYzGZ0XsipotZ6,"#Create enough distance between his car and the vehicle ahead, maintaining a safe distance in case the car swerves unpredictably.<br><br>#Attentively monitor the erratic driver's behavior to anticipate any abrupt changes in their movement.<br><br>#Get the license plate number and the car description to report to the authorities.<br><br>#If possible, find a safe place to pull over and call local law enforcement to report the suspected drunk driver.<br><br>#Avoid trying to pass the vehicle or get the driver's attention on his own, as it may escalate the situation or put him in danger.",4,4
R_1WYzGZ0XsipotZ6,"#Immediately inform the wedding planner or a responsible member of the wedding party about the situation.<br><br>#Locate the taxi company's contact details, call them and explain the situation for possible help.<br><br>#Attempt to remember or find the taxi's license number or identification details to track it if possible.<br><br>#Ask if someone at the wedding has a duplicate or similar ring that can be used as a temporary replacement.<br><br>#Apologize to the bride and groom for the situation, ensuring them that quick action is being taken to resolve it.",4,8
R_1KP7DJG7oSLXN85,#Call a tow truck to remove his car from the highway.<br><br>#Phone for a taxi or a rideshare app like Uber or Lyft to take him to the airport immediately.<br><br>#Contact a friend or family member who might be able to pick him up and take him to the airport.<br><br>#Contact the airline to inform them of his situation and to inquire about possibly rescheduling his flight.<br><br>#Use a car rental app or service to rent a car for immediate pick-up if available nearby.,3,2
R_1KP7DJG7oSLXN85,"#Swiftly and calmly inform the airport security about the mistake before reaching the screening area to avoid any suspicious activities.<br><br>#Consider purchasing postage to mail the knife back home if the airport has this facility.<br><br>#Ask airport security if there is a way to store the knife at the airport until he returns from the trip.<br><br>#Consider leaving the knife with a friend or relative if they live nearby and can come pick it up.<br><br>#If the knife is irreplaceable and the time is permissible, leave the airport to safely store the knife and then return to catch a later flight.",3,7
R_1KP7DJG7oSLXN85,"#Call a reliable coworker to see if they can cover for him until his boss arrives.<br><br>#Leave a detailed note for his boss explaining the situation and his absence.<br><br>#Inform any customers that come into the store about the temporary lack of personnel.<br><br>#Lock the store temporarily and leave a sign indicating when it will reopen.<br><br>#Notify nearby businesses, if friendly with them, about the situation and request their assistance in watching the store front until his boss arrives.",3,9
R_7YchAmm5UAsjbKp,"#Maintain a safe distance from the suspected intoxicated driver to avoid any sudden accidents.<br><br>#Alert other drivers by using hazard lights if it's safe to do so.<br><br>#Pull over to the side of the road and call the local authorities to report the suspected intoxicated driver.<br><br>#Do not attempt to overtake the intoxicated driver, as this could put Eamon at risk.<br><br>#Record the vehicle's license plate number, description, and direction of travel to provide accurate information to the authorities.",4,4
R_7YchAmm5UAsjbKp,"#Contact the airport security promptly, explaining the situation and the professional necessity of the knife to his work.<br><br>#Search for any nearby postal services to mail the knife to his destination.<br><br>#Ask a friend or family member near the airport to collect the knife and take it home.<br><br>#Investigate if the airport has storage services where he can safely deposit the knife for collection on his return.<br><br>#Depending on the time available, he could consider retrieving the car from the airport parking and leaving the knife in there.",4,7
R_7YchAmm5UAsjbKp,"#Call a coworker or other personnel who might be able to fill in for him temporarily.<br><br>#Leave a detailed note for his boss explaining the situation and why he had to leave the store unattended.<br><br>#Close the store temporarily and put up a sign explaining that he had an urgent matter to attend to.<br><br>#Contact the police or other social services to inform them about the predicament, in order to protect himself legally.<br><br>#Alert any regular customers who come in early in the morning about the situation and request their understanding and support.",4,9
R_7fvkgs3vBFEFpOV,"#Call for roadside assistance to fix the car or tow it.<br><br>#Use a ride-hailing app such as Uber or Lyft to get a quick ride to the airport.<br><br>#Call a taxi service for immediate assistance to get to the airport.<br><br>#Flag down a nearby car and ask for a lift to the airport.<br><br>#Check for the availability of any nearby public transportation, such as a train or bus, that goes to the airport.",3,2
R_7fvkgs3vBFEFpOV,"#Ask the ticket checker if they could look up Ted's purchase by his name or some other form of identification.<br><br>#Contact the concert venue's customer service to verify if they can resolve the issue or provide a duplicate ticket.<br><br>#Check if a digital copy of Ted's ticket was sent to his email, which he could use instead.<br><br>#Ask around to see if anyone is selling an extra ticket near the entrance.<br><br>#Consider waiting with Ted and watching the concert via a livestream, if available, until he can retrieve his ticket.",3,3
R_7fvkgs3vBFEFpOV,"#Offer the woman a ride, ensuring that the additional miles do not significantly affect his overall trip.<br><br>#Politely decline and suggest other transportation options, such as a taxi or a bus.<br><br>#Ask for more information about the woman's situation, for example, if she is in a dire emergency that necessitates his assistance.<br><br>#Consider calling a ride-hailing service for the woman if he is uncomfortable transporting a stranger.<br><br>#Offer to contact someone else who could possibly help her, like a friend or family member.",3,5
R_7CdlOs0JzrLKojT,#Call a roadside assistance service like AAA to get his car towed.<br><br>#Use his phone to order a ride from a service like Uber or Lyft to the airport.<br><br>#Call a friend or family member who lives nearby to pick him up and bring him to the airport.<br><br>#Flag down a passing taxi or shuttle service to take him to the airport.<br><br>#Contact the airline to let them know he might be late and to ask about possible later flights he could take if he misses his original one.,3,2
R_7CdlOs0JzrLKojT,#Suggest Ted to check if the ticket can be retrieved digitally and shown at the entrance on his phone.<br><br>#Ask concert venue staff if Ted could be admitted with an ID and confirmation of purchase or if a replacement ticket could be issued.<br><br>#Consider quickly checking nearby ticket booths or resellers for a replacement ticket.<br><br>#Reach out to other friends or locals via social media to see if anyone has an extra ticket.<br><br>#Offer to share any videos or pictures taken during the concert to ensure Ted does not miss out completely.,3,3
R_7CdlOs0JzrLKojT,"#Return to the airport check-in desk and ask for advice on how to handle the situation.<br><br>#Locate a post office or courier service near the airport and mail the expensive knife to his destination or home.<br><br>#Search if there are storage lockers or a lost and found where he could potentially store his knife and retrieve it later.<br><br>#Find a kitchenware store nearby, possibly inside the airport, and ask them if they can hold the knife for him until he returns.<br><br>#Contact his colleagues at the food festival and ask if anyone has an extra knife he could use, implying that he may need to leave his knife behind.",3,7
R_65QNn4Zz8MWADUJ,#Research alternative medications that may be covered by insurance and discuss these options with the doctor.<br><br>#Reach out to charitable organizations or foundations that are known to fund medical bills or specific medications.<br><br>#Start a crowdfunding campaign on platforms like GoFundMe to raise the needed funds.<br><br>#Consult with a financial advisor to explore loan options or the possibility of restructuring the household budget.<br><br>#Contact the pharmaceutical company directly and inquire about patient assistance programs or discounts for the medication.,4,1
R_65QNn4Zz8MWADUJ,"#Assess the situation before making a decision, including considering if he's in a hurry and whether he has enough gas.<br><br>#Politely ask the woman for more details about the reason she needs a ride to determine if her request is necessary and safe.<br><br>#Decline the request if he feels uncomfortable or unsafe, promising to contact someone who can help instead.<br><br>#Agree to the request if he feels it's safe and he has enough time and resources to help.<br><br>#Consider contacting local authorities to report the woman if something seems suspicious about the situation.",4,5
R_65QNn4Zz8MWADUJ,"#Call a coworker to see if they could cover for him while he goes to his court appointment.<br><br>#Leave a note explaining the situation for his boss, detailing his court appointment and the attempted calls.<br><br>#Call his boss repeatedly to make sure his boss receives many missed call alerts, which may encourage him to check his phone.<br><br>#Arrange with a trusted friend or family member to run the store temporarily until his boss or a coworker can arrive.<br><br>#Close the store temporarily, putting up a sign explaining the situation to customers if his boss still does not show up and he doesn't have another solution.",4,9
R_134cJb0TIqoRdMy,"#Immediately call for roadside assistance and inform them about his urgent travel situation.<br><br>#Order a taxi, Uber, or any other ride-sharing service to drive him to the airport.<br><br>#Contact the airline to inform them about his predicament and ask about possible solutions, such as a delayed flight.<br><br>#Put on the emergency flashers, get out of the car and try to ask for help from other drivers who may be able to give him a ride.<br><br>#Consider renting a car from a nearby service, if possible, and continue his journey to the airport.",3,2
R_134cJb0TIqoRdMy,"#Offer to call customer service or check with the ticket booth and try to explain Ted's situation to see if there's a way to reprint the tickets at the venue.<br><br>#Suggest for Ted to show a digital proof of purchase if he had booked the ticket online, which would possibly still be on his phone or email.<br><br>#Propose to ask security or event organizers if they can allow Ted access with a photocopy or picture of the ticket from home, if available.<br><br>#Recommend Ted to buy another ticket at the ticket booth if possible and available.<br><br>#Consider going on to concert, and finding a way to send Ted a digital copy or picture of his ticket seamlessly and securely for him to show at the entrance.",3,3
R_134cJb0TIqoRdMy,"#Immediately notify the airport security personnel about the mistake, explaining the situation and significance of the knife.<br><br>#Contact his colleagues at the food festival and inform them about the situation, so they could arrange a temporary replacement.<br><br>#Ask the airport security if they can hold onto the knife until his return, or if they can advise on a safe storage solution available at the airport.<br><br>#Inquire with the airport's lost and found section about their policy of holding expensive items, in case they would allow them to store the knife for a short time.<br><br>#If time allows, consider arranging for the knife to be sent to his destination through a courier service.",3,7
R_1s5qT1UVcDCQ4kO,"#Start a fundraising effort through platforms such as GoFundMe to raise the money needed for the medication.<br><br>#Reach out to the pharmaceutical company directly, as many offer patient assistance programs for those that can't afford their medication.<br><br>#Contact local charities or foundations related to her illness; they might have funds available to help those in this situation.<br><br>#Explore cheaper options for medication such as generic brands or purchasing from different pharmacies.<br><br>#Consult a financial advisor to discuss creating a plan or budgeting strategy to save for the medication.",4,1
R_1s5qT1UVcDCQ4kO,"#Politely ask the woman for more details about her situation to fully understand why she needs help.<br><br>#Assess his own safety and comfort level with giving the woman a ride.<br><br>#Consider whether he has enough fuel, time, and is familiar with the added distance.<br><br>#Offer to call a cab or recommend a rideshare app if he is unable to assist.<br><br>#If he decides to help, make sure he informs someone about this detour and the situation.
",4,5
R_1s5qT1UVcDCQ4kO,"#Call a trusted coworker and ask if they can cover the shift until the boss arrives.<br><br>#Leave a detailed note for his boss explaining the situation and that he had no choice but to leave because of his important court appointment.<br><br>#Lock the store temporarily, putting up a sign stating that it will be momentarily closed due to an emergency.<br><br>#Contact the local police or a security company to watch over the store until the boss arrives.<br><br>#Attempt to rearrange his court appointment time if possible to ensure the store is not left unattended.",4,9
R_5NB0IrDBzIL8ShH,"#Seek assistance from charitable organsiations that help with medical expenses, they might be able to provide funds to cover the cost of the expensive medication.<br><br>#Contact local pharmaceutical companies or pharmacies to inquire about any patient assistance programs, as they often have programs to help cover the cost of medications for uninsured or under-insured patients.<br><br>#Reach out to family members and friends and share the situation with them, they may be willing to help financially.<br><br>#Set up a fundraising event or crowd-funding campaign to raise the required money and share their story hoping to get donations.<br><br>#Consult with the treating doctor about potential alternatives to the expensive medication, there might be a less expensive substitute available that is effective as well.",4,1
R_5NB0IrDBzIL8ShH,#Encourage Ted to check if he has an electronic version of the ticket that can be scanned from his phone.<br><br>#Ask the concert ticket office if they can issue a duplicate ticket based on Ted's ID and his purchase confirmation.<br><br>#Contact a friend who is already at the concert site and arrange for them to bring an extra ticket.<br><br>#See if any scalpers are selling tickets outside the venue to purchase one for Ted.<br><br>#Suggest the group wait for Ted to return from his house with his ticket in order not to leave him alone.,4,3
R_5NB0IrDBzIL8ShH,"#Maintain a safe distance from the suspected intoxicated driver to avoid any sudden moves they might make.<br><br>#Use a hands-free device to call local law enforcement, providing them with the car's license plate, color, and model and describing the erratic driving behavior.<br><br>#Turn on the car's dashboard camera if one is installed, to record the other car's behavior as potential evidence.<br><br>#Signal other drivers by flashing lights or honking to alert them about the situation.<br><br>#Avoid taking risky actions such as attempting to overtake or stop the suspected intoxicated driver.",4,4
R_6agEQDxMp1KQFSM,"#Research alternative but effective medications that might be less expensive and covered by her insurance.<br><br>#Contact the medication's pharmaceutical company to inquire about any patient assistance programs that they may offer.<br><br>#Consult a financial advisor or insurance specialist to explore possible solutions or money-management strategies.<br><br>#Start a crowdfunding campaign to seek financial help for the medication costs, taking care to explain the situation and its urgency.<br><br>#Consult with her doctor or a pharmacist for any available samples of the medication, or any recommendations they may have regarding assistance programs or alternative treatments.",4,1
R_6agEQDxMp1KQFSM,"#Contact mall security or local law enforcement immediately to report the situation.<br><br>#Try to locate the owner of the vehicle by going back to the mall and reporting the situation to the customer service desk. They might be able to make an announcement over the loudspeaker.<br><br>#Stay by the car to monitor the dog's condition while waiting for help to arrive.<br><br>#If the situation appears critical and help does not arrive quickly, consider breaking the window of the car farthest from the dog, considering potential legal repercussions.<br><br>#Afterward, help spread awareness about the dangers of leaving pets in hot cars through social media or local community groups.",4,6
R_6agEQDxMp1KQFSM,"#Contact a co-worker who can cover his shift until the boss arrives.<br><br>#Leave a note for his boss detailing the reason for his absence.<br><br>#Contact the court and inquire about the possibility of rescheduling his appointment.<br><br>#Notify any relevant higher-ups or the human resources department about the situation, if applicable.<br><br>#Secure the store by making sure that all the goods are safe, then lock the store before proceeding to his court appointment.",4,9
R_307uPDiy8d2sRPU,"#Assess the woman's situation and request, considering factors such as the time of day, the additional distance, and her apparent need.<br><br>#Politely ask her more about why she needs a ride and where exactly in the city she needs to go.<br><br>#Consider offering to call a taxi or rideshare service for her, particularly if he isn't comfortable giving her a lift.<br><br>#Weigh the benefits and drawbacks of helping her out versus the extra gas and time he would need to spend.<br><br>#Decide whether to agree to her request or to suggest alternatives, placing personal safety and comfort as priority considerations.",3,5
R_307uPDiy8d2sRPU,"#Quietly inform a wedding organizer or a member of the wedding party about the situation.<br><br>#Call the taxi company immediately to inform them about the lost ring, providing details of the taxi's number or the driver, if known.<br><br>#Ask a nearby friend or family member discreetly if they have a similar ring that could be used as a substitute for the meantime.<br><br>#Try to remember if there were any stops before arriving at the wedding venue where the ring could have been misplaced and contact these locations.<br><br>#If all else fails, communicate the issue to the bride and groom as discreetly as possible, informing them of the ongoing efforts to locate the ring.",3,8
R_307uPDiy8d2sRPU,"#Call a trustworthy co-worker to explain the situation and request them to cover until the boss or substitute arrives.<br><br>#Leave a detailed message for the boss explaining the urgency and the action taken.<br><br>#Inform any early morning regular customers about the situation and apologize for any inconvenience.<br><br>#Quickly complete any pending tasks, ensuring the store is neat and stocked up before leaving.<br><br>#If possible, ask a neighborhood shop if they could watch over the store temporarily or inform them about the situation in case the owner contacts them.",3,9
R_7TF4zzsm03FVP23,"#Maintain a safe distance from the suspected intoxicated driver to avoid any sudden maneuvers they might make.<br><br>#Attempt to remember or note down the make, model, and license plate of the car if it's safe to do so.<br><br>#Pull over to the side of the road in a safe location to call local law enforcement and report the suspected intoxicated driver. Provide them with as much information as possible.<br><br>#Use a hands-free device to alert 911 while driving, if pulling over is not an option. Give a detailed description of the vehicle and its behavior.<br><br>#Avoid trying to pass the car if possible, as the erratic driving could cause an accident.",4,4
R_7TF4zzsm03FVP23,"#Quietly notify the person officiating the ceremony about the missing ring.<br><br>#Contact the taxi company or driver discreetly, providing details about the dropped item and its last known location.<br><br>#Ask a trusted friend or family member in attendance to assist in retrieving the ring if possible.<br><br>#Proceed with an alternative, such as using a symbolic ring or other piece of jewelry for the ceremony.<br><br>#Apologize to the couple about the situation and reassure them of doing everything he can to rectify the situation.",4,8
R_7TF4zzsm03FVP23,"#Contact a reliable co-worker to see if they can cover the shift until the boss arrives.<br><br>#Leave a detailed note for the boss explaining the situation and what time he left.<br><br>#Ensure the store is secure by locking doors or shut off key areas before leaving for his appointment.<br><br>#Call the local police station to inform them of the situation, as leaving the store opened and unsupervised could lead to theft.<br><br>#Document the situation and lack of response from the boss as evidence of the necessity of his actions, in case of potential reprimands or job safety issues.",4,9
R_6MnZiQgxTjrDMqJ,"#Research and find out if there are any charitable organizations or programs that provide financial support for medications.<br><br>#Contact the pharmaceutical company directly to see if they have any patient assistance programs.<br><br>#Consult with the doctor or pharmacist to determine if there are cheaper, but equally effective, generic versions of the prescribed medication.<br><br>#Start a crowdfunding campaign online to raise funds for the necessary medication.<br><br>#Reach out to friends, extended family, or community members for financial help, explaining the urgency and importance of the situation.",3,1
R_6MnZiQgxTjrDMqJ,"#Quietly remove the knife from his bag, return to the check-in desk, and ship the knife separately to his destination in Chicago.<br><br>#Approach an airport staff member discreetly and explain the situation, asking for the proper method to handle this scenario.<br><br>#Find a safe storage location at the airport, such as a locker, where he can store the knife until he returns from Chicago.<br><br>#Hand over the knife to a security officer willingly and explain the situation that it was unintentionally brought.<br><br>#Reach out to a friend or family member near the airport to hold onto the knife until he returns from his trip.",3,7
R_6MnZiQgxTjrDMqJ,"#Call a trusted coworker to see if they can come and cover for him.<br><br>#Contact his boss again, this time leaving a voice message explaining the situation.<br><br>#Wait a while longer to see if the boss shows up while preparing for the court appointment as much as possible in the meantime.<br><br>#Reach out to other store employees or nearby store branches to see if assistance can be offered.<br><br>#Lock the store and leave a note for his boss explaining the situation and the emergency nature of his departure.",3,9
R_36ZCSk7WmAZbpjr,"#Immediately alert a security agent about the mistake and explain the situation, pending their advice on what to do.<br><br>#Try to find a post office or shipping service near the airport where he could mail the knife to his destination.<br><br>#Call a friend or family member who can come and collect the knife from the airport.<br><br>#Ask airport authorities if there is a storage facility where he could safely and temporarily store his knife.<br><br>#If no other options are feasible, prepare to surrender the knife at the security checkpoint, to avoid breaking airport security rules.",3,7
R_36ZCSk7WmAZbpjr,"#Signal subtly to an appropriate person (like a best man/maid or a parent) nearby about the missing ring while trying not to disrupt the ongoing ceremony.<br><br>#If the taxi company's number is known, try to call them to check if they found the ring in the taxi.<br><br>#Find an emergency substitute ring (like using his own or borrowing one temporarily from a helpful audience member) to at least continue the ceremony.<br><br>#If there's a chance that the taxi is still waiting outside, consider excusing himself quickly and sprinting to check the vehicle.<br><br>#Desperately search his pocket or around his immediate vicinity on the off chance that the ring may have dropped around him.",3,8
R_36ZCSk7WmAZbpjr,"#Call a reliable coworker to see if they can cover the shift until the boss arrives.<br><br>#Leave a note for the boss explaining the situation and his whereabouts.<br><br>#Temporarily close the store if it's possible and acceptable per company policy, ensuring the place is secure.<br><br>#Reach out to the boss via different means of communication like email and text in addition to call.<br><br>#Inform local law enforcement or local authority (depending on jurisdiction) about the temporary closure due to an emergency if feasible.",3,9
R_7re77puvrIgRBwB,"#Maintain a safe distance from the suspected intoxicated driver to avoid a potential collision.<br><br>#Try to identify any distinctive features of the car such as its color, make, model, or license plate number.<br><br>#Call the local law enforcement agency or the non-emergency police number to report the incident, providing them with as much detail as possible.<br><br>#If possible and safe, record the erratic behavior of the other driver using a dash cam or mobile phone, but ensure not to use the phone while driving.<br><br>#Try to alert other drivers in a safe manner, for example, by flashing headlights or using a car horn, but make sure not to cause panic or additional danger.",3,4
R_7re77puvrIgRBwB,"#Immediately seek help from the mall security to find the car owner or take appropriate action.<br><br>#Approach pet-loving bystanders and ask for their assistance in the situation.<br><br>#Call local animal control authorities, or non-emergency police, to provide professional help.<br><br>#Stay near the car to monitor the dog's condition while help is on the way.<br><br>#Find a store that sells water and a bowl, buy these items, and then try to provide water for the dog without breaking into the car.",3,6
R_7re77puvrIgRBwB,"#Call a trusted co-worker to temporarily cover his shift until the boss arrives.<br><br>#Leave a detailed note for the boss explaining his urgent situation and subsequent absence if no coverage is found.<br><br>#Alert local police about the absent boss if it's unusual behavior, as it might be an indication of a possible emergency.<br><br>#Reach out to the boss’s emergency contact, if available, to ascertain the boss's whereabouts.<br><br>#Secure the store, if feasible and not against company policy, so he can attend his important court appointment.
",3,9
R_55bE005zuVI0zL3,"#Call a taxi or use a ride-sharing app like Uber or Lyft to quickly get to the airport.<br><br>#Contact the airline to inform them of the situation and explore possibilities of taking a later flight.<br><br>#Call a tow truck or roadside assistance service to get the car moved off the highway.<br><br>#Reach out to a friend or family member who could potentially give a quick lift to the airport.<br><br>#Consider public transportation options, if available and time-efficient, such as buses or trains to get to the airport.",4,2
R_55bE005zuVI0zL3,#Suggest Ted to check if the ticket can be sent to his phone or email digitally.<br><br>#Offer to wait with Ted at the entrance while the rest of the group attends the concert.<br><br>#Ask the venue staff if they can accept a digital proof or a confirmation email as a ticket.<br><br>#Contact any mutual friends who may be attending the concert later or live nearby to bring an extra ticket.<br><br>#Consider asking a ticket reseller near the venue if they have any available tickets for purchase.,4,3
R_55bE005zuVI0zL3,"#Quickly step out of the security line and find a safe place to examine his bag.<br><br>#Contact airport officials or a nearby help desk and explain the situation to them.<br><br>#Find a post office or a shipping facility nearby the airport to mail the knife back home or to his destination.<br><br>#Enquire about the possibility of checking in the item separately if it's allowed in checked luggage and time permits.<br><br>#Depending on the value of the knife and time constraints, consider leaving the knife behind if none of the options work out.",4,7
R_3MEaPnuf84Cwca2,"#Research patient assistance programs that are sometimes offered by pharmaceutical companies to individuals who cannot afford their medications.<br><br>#Explore the possibility of applying for financial aid from non-profit organizations that provide support to individuals with specific illnesses.<br><br>#Consult with the treating doctor or pharmacist about possible cheaper alternatives or generic versions of the medication.<br><br>#Consider crowdfunding through platforms like GoFundMe or social media to raise funds for the medication.<br><br>#Reach out to friends, family, or religious communities to seek donations or interest-free loans to afford the necessary medication.",3,1
R_3MEaPnuf84Cwca2,"#Politely decline the woman's request and explain that he doesn't want to drive additional miles beyond his house.<br><br>#Agree to give the woman a ride to the nearby city, as long as she contributes to gas money for the additional 10 miles.<br><br>#Suggest alternative transportation options to the woman, such as public transit or ride shares, if they are available.<br><br>#Call a taxi or a ride share for the woman, offering to pay for the ride if he feels comfortable doing so.<br><br>#Provide the woman with directions to the nearby city and advise her on the best routes to take.",3,5
R_3MEaPnuf84Cwca2,"#Stay calm and discretely inform the wedding planner or a responsible party about the situation.<br><br>#Try to recall the taxi company's name or the cab number to contact them directly and explain the situation, asking if they can bring the ring to the wedding venue.<br><br>#Consider reaching out to a nearby friend or family member who could retrieve the ring if the cab or cab company's location is known.<br><br>#Check with the wedding coordinator or the couple if there is a backup ring or a symbolic prop that could be used temporarily.<br><br>#Apologize to his sister and the groom, assuring them that all necessary steps are being taken to retrieve the ring.",3,8
R_5BHyamjAkN0ukX7,"#Evaluate the situation and consider if he has enough time and gas to help the woman.<br><br>#Politely ask the woman more information about her situation to ensure his safety.<br><br>#Kindly suggest alternative transportation methods such as a taxi or rideshare service.<br><br>#Consider contacting friends or family who might be going towards the same city to arrange a ride for the woman.<br><br>#Offer to drive the woman part of the way, if the extra distance seems too out of his way.",4,5
R_5BHyamjAkN0ukX7,"#Immediately inform security about the knife in his bag and explain the situation honestly.<br><br>#Ask security if there's a way to ship the knife to his destination instead of carrying it on the flight.<br><br>#Contact his colleagues at the food festival to inform them about the situation and ask if they could arrange for a similar knife at the festival.<br><br>#Hereafter, inform the airline about the situation, they might have a solution or a suggestion.<br><br>#Explore local stores or online platforms in Chicago where he could potentially purchase a similar knife upon his arrival, if necessary.",4,7
R_5BHyamjAkN0ukX7,"#Call a co-worker or anyone who might be available to cover the shift temporarily and explain the situation.<br><br>#Leave a note at the store explaining the urgent situation and the reason for his absence.<br><br>#Contact the next shift worker to come in early if possible and ensure the store is operating smoothly.<br><br>#Reach out to the boss again via different means like email or messages to emphasize the urgency of the situation.<br><br>#Arrange transportation to court as quickly as possible, keeping in mind the time it will take to get there, to ensure he won't be late for the appointment.",4,9
R_5wEmRelhevTYFkR,"#Research government and non-government programs that may assist with the cost of the medication.<br><br>#Contact the pharmaceutical company directly to inquire about any patient assistance programs they may offer.<br><br>#Consult with the doctor if there are any cheaper alternative medications or treatment options available.<br><br>#Initiate a crowdfunding campaign to raise the necessary funds for the medicine.<br><br>#Explore selling or pawning unnecessary household items, or consider taking on extra work or freelance projects to earn the required money.",3,1
R_5wEmRelhevTYFkR,"#Remain calm and composed so as not to disturb the ongoing ceremony.<br><br>#Quietly inform the wedding couple, or the most appropriate person at the event, about the situation.<br><br>#Try to remember the taxi's number plate or company name and attempt to contact them immediately.<br><br>#If unable to reach the taxi, consider nearby sources for a temporary replacement ring, such as any available jewelry from guests.<br><br>#Ensure that this hiccup does not overshadow the rest of the ceremony by swiftly managing the situation and maintaining positivity.",3,8
R_5YJ9T5h1bEdxmwo,"#Darya could offer to call the ticket office and ask if they could reprint Ted's ticket at the box office, given that he's already bought it, and provide any needed confirmation details.<br><br>#Darya and her friends could decide to wait with Ted while he arranges for a friend or family member to bring the ticket.<br><br>#Ted could use a ride sharing app to get someone to pick up the ticket from his house and deliver it to him at the concert venue, thus minimizing the waiting time.<br><br>#If the tickets were bought online, Darya could suggest Ted to check his email or the ticket platform’s mobile app for an electronic version of the ticket.<br><br>#Darya and friends could explore if the concert venue has a 'Will Call' option that would allow Ted to present his ID and receive a printed ticket onsite.",3,3
R_5YJ9T5h1bEdxmwo,"#Ask the woman for more details about her situation to ensure his own safety and determine whether it's reasonable to help her.<br><br>#Consider the woman's request and compare the extra miles to his fuel level to see if his car can carry the extra distance without requiring another pit stop for gas.<br><br>#Prioritize his personal safety by politely telling the woman that he doesn't feel comfortable giving strangers a ride.<br><br>#Offer to call a cab or a rideshare service for the woman as a safe alternative.<br><br>#Accept her request, ensuring his address is set on GPS for his own safety, and drop her to her destination if he believes it's safe and has enough fuel.",3,5
R_5YJ9T5h1bEdxmwo,"#Immediately call the non-emergency police or animal control number to report the situation.<br><br>#Carefully document the situation by noting the car's make, model, color, and license plate number, and taking photos if possible.<br><br>#Stay with the dog while waiting for the authorities to arrive, monitoring its condition.<br><br>#Try to locate the dog's owner by asking nearby shop managers if they can make an announcement or call the car's license plate number.<br><br>#If the dog's condition rapidly worsens and help doesn't arrive in time, consider breaking into the car as a last resort, bearing in mind the legal implications.",3,6
R_1GrMgiVYLL6OFWN,"#Darya could call the event organizers or box office and inquire if they could reissue or provide a digital/printed copy of Ted's ticket at the venue.<br><br>#She could attempt to purchase a new ticket at the venue box office, ensuring Ted doesn't miss the concert.<br><br>#Darya could use a ride-hailing service to quickly retrieve Ted's forgotten ticket from his house.<br><br>#She could suggest running a video call with Ted if he has to go back home, so he could at least watch the concert remotely.<br><br>#Darya could ask around among other concert-goers, seeing if anyone might have an extra ticket they would be willing to sell or lend.",4,3
R_1GrMgiVYLL6OFWN,"#Immediately inform the mall's security about the situation, providing them with as much detail about the car and its location as possible.<br><br>#Contact the local animal control or non-emergency police number to report the situation if mall's security doesn't act immediately.<br><br>#Stay near the car, keeping an eye on the dog's condition until help arrives.<br><br>#Try to find the car owner by alerting nearby shops or making an announcement if possible.<br><br>#Take pictures or record a video of the situation as a proof, if it's safe to do so, before help arrives.",4,6
R_1GrMgiVYLL6OFWN,"#Immediately inform the security staff about the situation and explain why he has the knife with him.<br><br>#Ask the security staff if there is a way to store the knife at the airport until his return.<br><br>#Inquire with the airline if they provide a service to ship items on the same day, as some airlines do have this option available.<br><br>#Call a trusted friend or family member who could pick up the knife and keep it safe until Carl's return.<br><br>#If all options fail, consider giving the knife to security to dispose of, and plan on purchasing a new one upon arrival in Chicago.",4,7
R_1Qh1dnWzF8tcEEa,"#Immediately inform the airport security about the situation, explaining the purpose of the knife and his profession.<br><br>#Seek assistance from airport staff on how to handle the situation in a legal and responsible way.<br><br>#Inquire about alternatives to dispose of the knife properly or ship it separately if direct disposal is not preferred.<br><br>#Contact his colleagues in Chicago to arrange for a replacement knife if the current one can't be carried along.<br><br>#If time permits, consider going back outside to a shipping carrier and ship the knife directly to his destination.",3,7
R_1Qh1dnWzF8tcEEa,"#Immediately notify the person officiating the ceremony about the misplaced ring while trying to cause minimal disturbance.<br><br>#Contact the taxi service, provide the necessary details, and ask if they can check in the specific car he used.<br><br>#Try to recall if there were any distinguishing features of the cab, such as the driver's name or the cab number, to help identify which cab he took.<br><br>#Ask if anyone has a spare ring, such as a plain band, to use temporarily in the ceremony.<br><br>#Apologize to his sister privately at an appropriate moment for the oversight and reassure her that he's taking actions to retrieve the ring.",3,8
R_1Qh1dnWzF8tcEEa,"#Contact a trusted colleague, if any, to explain the situation and ask if they could temporarily cover the shift until the boss arrives.<br><br>#Leave a note at the store explaining the current emergency situation, and make sure to secure the store before leaving.<br><br>#Inform the nearest law enforcement office about the unattended store if no one could cover for him, ensuring minimal risk to the property.<br><br>#Arrange for someone trustworthy from his personal contacts to wait at the store until his boss arrives while he attends his court appointment.<br><br>#Call the local non-emergency number or similar to report a ""business left unattended"" scenario due to an emergency situation, giving him a chance to retain some peace of mind whilst he attends his important court appointment.
",3,9
R_5R1W8wtD4iBNxth,"#Maintain a safe distance from the suspected intoxicated driver to avoid any sudden moves they might make.<br><br>#Attempt to note down the vehicle's make, model, color, and if possible, the license plate number.<br><br>#Find a safe place to pull over, if possible, and call the local law enforcement non-emergency number to report the suspected intoxicated driver.<br><br>#Use hands-free device to call for help while driving if stopping is not immediately possible.<br><br>#Avoid attempting to overtake or confront the intoxicated driver to minimize personal risk.",4,4
R_5R1W8wtD4iBNxth,"#Ask the woman detailed information about her situation to better understand the urgency or necessity of her request.<br><br>#Consider the extra fuel cost, time, and distance required for the detour and how this might affect his schedule or plans.<br><br>#Inform the woman that he needs time to think about her request before giving an affirmative response.<br><br>#Check the time and traffic situation on the route to the city to assess the feasibility of the trip.<br><br>#Ensure his own personal safety by asking for the exact location he needs to drop her off, considering it's evening time and a potential risk involved.",4,5
R_5R1W8wtD4iBNxth,"#Call a reliable coworker explaining the situation and ask if they can cover the shift until the boss arrives.<br><br>#Leave a detailed note for the boss explaining the reason for his absence and the steps he took before leaving.<br><br>#Secure the store as much as possible, ensuring all money is kept safely locked away, then leave to attend the court appointment.<br><br>#Contact a neighbor or any adjoining shops to alert them that the store will be temporarily unattended.<br><br>#Reach out to his boss through alternative contact methods, such as social media or via family members, to inform about the situation and request immediate action.",4,9
R_6j83lLSyPh2mpxN,"#Research if there are prescription assistance programs, such as government or non-profit plans, that may help cover the cost of the medication.<br><br>#Consult with the prescribing doctor about potential cheaper, yet equally effective, alternatives to the expensive medication.<br><br>#Consider starting a crowdfunding campaign online to assist with the cost of the medication.<br><br>#Reach out to the drug manufacturer directly. Sometimes they offer patient assistance programs or discounts.<br><br>#Seek support from friends, relatives or community organizations who may be willing to contribute financially.",3,1
R_6j83lLSyPh2mpxN,"#Call a tow truck to get his car moved off the road and to a repair shop.<br><br>#Use a ride-sharing service like Uber or Lyft to get to the airport quickly.<br><br>#Contact the airline to inform them of his situation and see if they can arrange for a later flight without additional charges.<br><br>#Try to fix the car problem himself if he has basic knowledge in car repairs and necessary tools in his car.<br><br>#Ask for help from passersby, especially if there is a possibility they could give him a lift or help fix his car.",3,2
R_6j83lLSyPh2mpxN,"#Call the ticket company or check the ticket website to see if there is a digital version of the ticket that can be accessed from Ted's phone.<br><br>#Ask the concert organizers if they can verify Ted's ticket purchase and allow him in without the physical ticket.<br><br>#Check if there are any available tickets for sale at the box office and purchase one for Ted.<br><br>#See if there's a lost and found or customer service desk at the venue, they may have some solution for the forgotten ticket.<br><br>#Consider using an express delivery service to get the ticket from Ted's house to the concert venue, though this may be expensive.",3,3
R_6QQjzUS9sNDEfRX,"#Ask the woman for more details about her situation, to understand why she needs a ride.<br><br>#Evaluate if he has enough time and gas to go the extra 10 miles to the nearby city.<br><br>#Consider the possible safety risks associated with giving strangers a ride.<br><br>#Offer to call a taxi or rideshare service for the woman if he doesn't feel comfortable giving her a lift.<br><br>#Check if there is a bus or train service that she could use to get to her destination.",3,5
R_6QQjzUS9sNDEfRX,"#Try to find the owner of the car by checking surrounding stores, making an announcement, or alerting mall security.<br><br>#Immediately dial the non-emergency number of the local police or animal control, reporting the situation to them accurately.<br><br>#Stay near the car to monitor the dog's condition and try to provide it with shade if possible.<br><br>#Take note of the car's make, model, and license plate number to provide to the authorities.<br><br>#If the dog's condition deteriorates rapidly before help arrives, consider carefully breaking the window farthest from the dog to provide it with fresh air after ensuring your safety.",3,6
R_6QQjzUS9sNDEfRX,"#Consider informing the security personnel about the mistake immediately, explaining his profession and the importance of the knife to his work.<br><br>#Look for a post office or shipping service nearby, where he could potentially mail the knife to his destination.<br><br>#Search for a storage facility or locker service at the airport where he may be able to store the knife and pick it up after his return.<br><br>#Reach out to his colleagues at the festival and ask if there's anyone who can lend him a similar knife for the event.<br><br>#Check if it's possible to get out of the line and leave the knife in his car or give to a friend who could bring it back home.",3,7
R_7034R23vBlJYxB7,#Consult with the physician or pharmacist about potential generic or alternative medications that serve the same purpose and are less expensive.<br><br>#Research and apply for financial aid or grant programs specifically designed to support patients who are unable to afford necessary medications.<br><br>#Discuss the situation with other family members or close friends and consider organizing a fundraiser or crowdfunding campaign to help cover the cost of the medication.<br><br>#Contact the drug manufacturer directly. Some pharmaceutical companies offer patient assistance programs to cover the cost of certain drugs for those who can't afford them.<br><br>#Explore health insurance options such as supplemental plans or different providers that might offer coverage for the specific medication.,4,1
R_7034R23vBlJYxB7,"#Offer to lend Ted your phone so that he could try to locate a digital copy of the ticket in his email or on the concert provider's website.<br><br>#Ask others in the group if they have an extra ticket that Ted could use.<br><br>#Suggest that Ted talk to the concert event staff to see if they can assist in replicating the ticket using his ID and credit card info as verification.<br><br>#Propose to Ted to buy another ticket at the box office, though this might be expensive or even sold out.<br><br>#Consider going back with Ted to his house so that he doesn’t miss the concert alone and you could both share a ride back, mitigating some time loss.",4,3
R_7034R23vBlJYxB7,"#Assess the woman's situation and decide if he feels comfortable and safe to give her a ride.<br><br>#Politely decline the woman's request if he feels uncomfortable or if he doesn't want to extend his travel distance.<br><br>#Agree to give the woman a ride to the city, if it doesn't cause a significant inconvenience, and he feels safe to do so.<br><br>#Suggest other modes of transportation that the woman might use if he is unable to assist, such as a taxi, ride service, or public transportation.<br><br>#Call local law enforcement or help line if the woman seems to be in distress and needs immediate assistance.",4,5
R_6Nm5wKjy9fdPjBY,"#Research for any available assistance programs, such as local charities or government aid, that can help cover the cost of the medication.<br><br>#Contact the medication manufacturer. Some manufacturers have assistance programs that provide medications at a reduced cost or for free to those who are unable to afford them.<br><br>#Talk to the treating doctor or pharmacist about alternative medications that are cheaper and covered by the insurance but can have similar effects.<br><br>#Set up a crowdfunding campaign on platforms such as GoFundMe, explaining the situation and asking for financial help.<br><br>#Consider discussing the issue with close family and friends who might be willing to offer financial assistance.",4,1
R_6Nm5wKjy9fdPjBY,"#Call for roadside assistance immediately to try to get the vehicle repaired as quickly as possible.<br><br>#Use a ride-hailing service like Uber or Lyft to get to the airport while leaving the car behind.<br><br>#Hail a taxi if one is nearby, or use public transportation if it's a viable and quicker option.<br><br>#Contact the airline to see if the flight can be delayed or if arrangements can be made for a later flight.<br><br>#Call a friend or family member who might be able to provide a quick ride to the airport.",4,2
R_6Nm5wKjy9fdPjBY,"#Immediately notify the security personnel about the forgotten knife in his bag.<br><br>#Inquire about possible solutions, such as shipping it to his destination or keeping it stored at the airport until his return.<br><br>#Find a nearby shipping store within the airport premises to ship his knife to the destination.<br><br>#Contact his colleagues at the food festival and ask if they could arrange a replacement knife, just in case.<br><br>#Check with the airport's lost and found or left luggage facilities about the possibility of leaving the knife there until his return.",4,7
R_74ocetsavJcSRWM,"#Maintain a safe distance from the car in question to avoid an accident if they swerve unexpectedly.<br><br>#Prepare to take evasive action if necessary, such as pulling off to the side of the road.<br><br>#Record the license plate number, car model, and any other distinguishable features for identification.<br><br>#Call the local non-emergency police number to report the suspected drunk driver, giving them the information you gathered.<br><br>#If feasible and safe, follow the car at a distance until the police arrive, providing the dispatcher with updates.",3,4
R_74ocetsavJcSRWM,"#Assess the safety of the situation before making a decision.<br><br>#Politely inquire about the woman's reason for needing a ride and judge whether it seems credible.<br><br>#Consider the extra gas required for the additional mileage and whether he can afford it.<br><br>#Decide whether he has the spare time to drive the extra distance.<br><br>#If the situation feels safe and he is able and willing, offer the woman a ride to the city.",3,5
R_74ocetsavJcSRWM,"#Call another employee, if any, who can take his place for a short while.<br><br>#If possible, lock the store temporarily and put up a sign explaining the situation to the customers.<br><br>#Contact the police or a legal advisor to inform them about his circumstances and ask for advice.<br><br>#Write a note or send an email explaining the situation to his boss, for transparency and documentation.<br><br>#Arrange for someone trustworthy (like a friend or family member) to temporarily watch over the store while he attends the court appointment.",3,9
R_5Ehp8yWkGeoNNYY,"#Discuss the situation with the doctor to explore any possibilities of getting the prescription via alternative means like patient assistance programs or generic versions.<br><br>#Contact the pharmaceutical company directly to inquire about any available patient assistance programs.<br><br>#Reach out to local charities, nonprofits, or religious institutions that might have resources or programs to assist with covering prescription costs.<br><br>#Explore fundraising options, such as crowdsourcing platforms or community fund drives, to help raise the money needed.<br><br>#Look for other insurance providers that could possibly cover the medication, or consider adjusting their current plan to include the necessary prescription coverage.",3,1
R_5Ehp8yWkGeoNNYY,"#Maintain a safe distance from the suspected intoxicated driver to avoid any potential accidents.<br><br>#Record the license plate number, car make and model, and a description of the driver's erratic behavior.<br><br>#Make a non-emergency call to the local police station or use the appropriate hotline to report an intoxicated driver.<br><br>#Turn on dashboard camera if available, to capture the erratic driving behavior.<br><br>#Find a safe opportunity to overtake the erratic driver, if and only if it is legal and safe to do so.",3,4
R_5Ehp8yWkGeoNNYY,"#Contact another employee or a trustworthy friend who can cover the shift temporarily until the boss arrives.<br><br>#Leave a detailed note for the boss at an obvious place in the store explaining the situation and also indicating the time he had to leave for the court.<br><br>#Inform the customers briefly about the situation and ask them to wait for a while or visit after some time.<br><br>#Secure all cash and valuable goods, close the store temporarily, and put a sign outside indicating that the store will reopen once the owner arrives.<br><br>#Try to reschedule the court appointment, if possible, to avoid jeopardizing both the job and the legal obligation.",3,9
R_6esIHkdWPObeKNX,#Politely decline the woman's request if he is concerned about his fuel economy or personal safety.<br><br>#Ask the woman more details about her situation to assess if he can help her without compromising his own safety.<br><br>#Agree to give her a ride acknowledging it would help her and he can bear the extra distance.<br><br>#Offer to call her a taxi or Uber if possible and comfortable for Cameron.<br><br>#Contact local authorities or social services that could possibly assist the woman if he suspects she's in trouble.,3,5
R_6esIHkdWPObeKNX,"#Immediately call the local non-emergency police or animal control department, providing them with the exact location and car details.<br><br>#Attempt to locate the car owner by asking nearby shops or mall security if they can make an announcement.<br><br>#Stay near the car to monitor the dog's condition until help arrives.<br><br>#If possible, take photos or videos of the dog and the car as evidence of animal cruelty.<br><br>#Spread awareness about the incident on social media platforms to educate others about the dangers of leaving pets in hot cars.",3,6
R_6esIHkdWPObeKNX,#Contact a trusted colleague who may be able to cover the shift until the boss arrives.<br><br>#Leave a detailed note explaining the situation for his boss at a prominent place in the store.<br><br>#Inform any morning regular customers about the situation and request their understanding.<br><br>#Lock up the store and place a sign on the door indicating it will be temporarily closed due to an emergency.<br><br>#Leave a message for his boss explaining the situation and his actions that he took due to the emergency appointment.,3,9
R_36onj2b4AkPb94t,"#Maintain a safe distance from the car ahead to avoid any unexpected and sudden movements.<br><br>#Alert the local police by dialing the non-emergency line to report a potentially intoxicated driver, providing the location and a description of the car.<br><br>#Use his car's dash camera, if available, to record the erratic behavior of the vehicle ahead for evidence.<br><br>#If safe and legal, attempt to overtake the car when there are no oncoming vehicles in the other lane.<br><br>#Flash his headlights or honk his horn cautiously to alert the suspected intoxicated driver about their erratic driving.",4,4
R_36onj2b4AkPb94t,"#Immediately inform the security personnel about the accidentally packed knife to avoid surprising them during a bag scan.<br><br>#Ask security if they have a lost and found or a place he can retrieve the knife upon his return, to avoid its confiscation.<br><br>#Consider asking other passengers, perhaps those who live nearby, if they could potentially take the knife and return it at a later date.<br><br>#Consider shipping the knife to his location in Chicago using an airport postal service, if available.<br><br>#If there's sufficient time, leave the security line to check in his bag and ensure the knife reaches his destination.",4,7
R_36onj2b4AkPb94t,"#Immediately signal to someone offstage or in the nearby area and express the urgency of the situation quietly and discreetly.<br><br>#Confide in the ceremony's officiant immediately, if possible. They might have experience handling such scenarios and could suggest a contingency plan.<br><br>#Try to recall the cab company or any unique identifiers about the taxi, like the driver's name or taxi number, and ask someone to call them.<br><br>#Ask a responsible person to go back to the pick-up location to check for the ring or contact the cab company.<br><br>#Consider using a placeholder ring if one is available or ask around to see if anyone has a suitable ring that can be used temporarily.",4,8
R_1GCy5mc0Flrp14D,"#Call a car towing service for his broken down vehicle.<br><br>#Use a ride-hailing app like Uber or Lyft to arrange fast transport to the airport.<br><br>#Reach out to friends or family members who might be able to give him a quick ride to the airport.<br><br>#Check if there is a public transportation option, such as a bus or train, that could get him to the airport quickly.<br><br>#Call the airline to inform about his situation and ask if it's possible to be put on a later flight.",4,2
R_1GCy5mc0Flrp14D,"#Immediately inform the airport security staff about the accidental possession of the knife.<br><br>#Explain his profession as a chef and the reason why he is carrying the knife - to assist at a food festival.<br><br>#Ask if the knife can be stored safely with airport personnel and picked up upon his return trip.<br><br>#Consider checking in his carry-on bag containing the knife, if airport policy permits.<br><br>#If the knife can't be kept at the airport or checked in, contact someone outside the airport to pick it up and keep it safe until he's back.",4,7
R_1GCy5mc0Flrp14D,"#Immediately inform a close family member or a wedding planner about the missing ring situation, trying to remain calm and not to create unnecessary panic.<br><br>#Come up with a temporary solution such as using a sentimental family ring or a replica for the ceremony.<br><br>#Try reaching out to the taxi company, providing them with all the details to help track down the taxi he took and possibly retrieve the ring.<br><br>#If possible, quickly reach out to some guests who might be able to bring in a substitute ring.<br><br>#If all else fails, disclose the situation to the bride and groom when a suitable moment occurs, letting them know of the actions taken to retrieve the ring and assuring them of his continued efforts.",4,8
R_1BLnv88zFTTPSNz,#Research patient assistance programs and charities that can help cover the cost of the medication.<br><br>#Start a crowdfunding campaign on a platform such as GoFundMe to appeal for financial assistance from the public.<br><br>#Contact the pharmaceutical company that manufactures the medication to inquire about any available programs or discounts for patients in need.<br><br>#Consult with the doctor to explore if there are any alternative treatments or medications that might be less expensive but equally effective.<br><br>#Seek advice from a financial counselor or social worker who can guide them through possible options or resources to procure the required funds.,3,1
R_1BLnv88zFTTPSNz,"#Immediately alert airport security of the accidental carry-on and attempt to show goodwill and cooperation.<br><br>#Inquire about the possibility of shipping the knife to his destination directly from the airport, if available.<br><br>#Call a trusted friend or family member who can come and collect the knife from the airport.<br><br>#Ask the airport staff if there is a storage service where he could leave the knife and collect it upon his return.<br><br>#Research nearby stores in Chicago where he could potentially replace the knife temporarily if it cannot be taken with him.",3,7
R_1BLnv88zFTTPSNz,"#Call a trusted coworker who might be willing to cover for him until the boss arrives.<br><br>#Briefly close the store and leave a note for the owner explaining the situation.<br><br>#Contact a higher-up or a manager, if there is one, to explain the situation and ask for assistance.<br><br>#Instead of leaving the store unattended, Jeff could alert a nearby business or neighbor that he is leaving for a brief period.<br><br>#If possible, ask someone reliable from his personal network, like a friend or family member, to temporarily watch the store until his boss arrives.",3,9
R_1331xUhY5zy6gSR,"#Call for a taxi, Uber, or other ride-sharing services to get to the airport on time.<br><br>#Contact a roadside assistance service or call a tow truck to help with the car breakdown.<br><br>#Check if there's a nearby car rental service that available right away.<br><br>#Call the airport to see if the flight can be delayed or if they can get on the next available flight.<br><br>#Check if any public transportation routes, such as a bus or subway, go directly to the airport.",4,2
R_1331xUhY5zy6gSR,"#Maintain a safe distance from the suspected drunk driver to avoid sudden erratic maneuvers.<br><br>#Identify identifying details of the car like the color, make/model, and license plate number for future reference.<br><br>#Contact local law enforcement, providing the car's description and location to report the suspected drunk driving.<br><br>#Use a hands-free device to call, ensuring Eamon maintains full control of his own vehicle while on the phone.<br><br>#Look for a safe way to pass the car if possible and legal, to prevent being involved in a potential accident.",4,4
R_1331xUhY5zy6gSR,"#Immediately inform a security staff member of the situation, explaining that the knife is a culinary tool necessary for his work at a food festival.<br><br>#Ask the airport staff if there is a way to mail the knife to his destination or a safe place where he can leave it and pick it up on his return.<br><br>#Research online or by calling the airline to see if it's possible to check his bag containing the knife, despite being already in the security line.<br><br>#Consider contacting a colleague at the food festival in Chicago to check if he can borrow a similar knife or if there's a store to purchase a new one upon arrival.<br><br>#Assess other kitchen tools in his bag to identify any other items that may not be allowed through airport security.",4,7
R_6g7uN6AB0LMeheK,#Call a taxi or an Uber to quickly get to the airport.<br><br>#Contact his car insurance or roadside assistance for immediate help with the vehicle.<br><br>#Request a friend or family member who is nearby to come and pick him up.<br><br>#Consider using public transportation if it is readily available and can get him to the airport in time.<br><br>#Inform the airline about the situation to explore options for later flights or accommodations.,3,2
R_6g7uN6AB0LMeheK,"#Politely decline the woman's request, explaining that he does not usually offer rides to strangers.
  
#Offer to call a cab or rideshare service for the woman, if he is comfortable doing so.

#Agree to give the woman a ride but only if she can contribute to the cost of gasoline for the additional miles.

#Suggest that the woman ask the gas station attendant if there's a public transportation option available to get to the city.

#Consult with a trusted friend or family member before deciding whether to give the woman a ride, to ensure his own safety and comfort.",3,5
R_6g7uN6AB0LMeheK,"#Immediately call the local animal control or police department to report a dog left in a hot car.<br><br>#Take note of the car's make, model, color, and license plate in case this information is needed for the police or animal control.<br><br>#Stay near the car to monitor the dog's condition while waiting for help to arrive.<br><br>#Alert a security guard or staff members at the mall to broadcast an announcement regarding a pet left in a car.<br><br>#If the dog's condition is quickly deteriorating before help can arrive, consider breaking the car window furthest from the dog, but only as a last resort and as per the local laws.",3,6
R_3Orxc8y6gHpqO93,"#Immediately call for help. Inform the mall security or the local Animal Control department about the situation.<br><br>#Try to communicate with the dog through the car window to assess the level of distress.<br><br>#Record the car's license plate and make, in case it may be needed for identification purposes later.<br><br>#Look for the car owner nearby. Announce over a loudspeaker or ask the mall management to make a public announcement.<br><br>#Ensure that you stay in the area until help arrives to monitor the condition of the dog.",4,6
R_3Orxc8y6gHpqO93,"#Immediately approach a security official and inform them about the knife, explaining the situation honestly and calmly.<br><br>#Check if there are any mail facilities or courier services at the airport, which can be used to ship the knife back home.<br><br>#Consider leaving the line and finding a safe, identified place outside the secure area to leave the knife, making sure it's not within reach of unsupervised individuals.<br><br>#Find out if the airport lost and found might be able to temporarily hold onto the knife until Carl's return.<br><br>#Consider asking someone not going through security, if possible like a taxi driver or a friendly stranger, to hold onto the knife until he comes back. Any person entrusted with the knife should be reliable and trustworthy.",4,7
R_3Orxc8y6gHpqO93,"#Remain calm and discreetly inform the bride (his sister) or the person conducting the ceremony about the missing ring.<br><br>#Call the taxi company immediately, describing the situation and providing them with the taxi number (if he remembers) to help locate the taxi and recover the ring.<br><br>#Ask someone in the wedding ceremony if they have a car and could quickly drive him to retrieve the ring if the taxi is still nearby.<br><br>#If someone in the wedding party has a similar size ring, ask if it could be used as a temporary replacement until the original ring can be retrieved.<br><br>#Apologize to his sister and the groom, assuring them that he will do everything he can to rectify the situation as quickly as possible.",4,8
R_1Ybn2PhpE655YvT,"#Research alternative medications or generic versions of the prescribed drug that may be less expensive and ask the doctor if they could be a suitable substitution.<br><br>#Contact the pharmaceutical company directly and inquire about any patient assistance programs they may offer for individuals who can't afford their product.<br><br>#Explore community resources like local charities, non-profit organizations, or religious communities that may be willing to provide financial aid for medical necessities.<br><br>#Set up a crowdfunding campaign through platforms like GoFundMe or Facebook to raise the necessary funds.<br><br>#Consider meeting with a financial advisor to discuss the possibility of taking out a short-term loan or finding other financial strategies to afford the expensive medication.",4,1
R_1Ybn2PhpE655YvT,"#Propose that Ted use his mobile device to access a digital version of the ticket if he purchased it online.<br><br>#Consider reaching out to the concert venue's customer service to explain the situation and see if they can reissue a ticket.<br><br>#Ted could allow the group to enter the concert while he waits outside in case someone is selling spare tickets.<br><br>#Suggest riding a taxi or faster modes of transportation to retrieve the ticket and return swiftly.<br><br>#Explore the possibility of someone else from the group, who lives closer to Ted's house, fetch the ticket for him.",4,3
R_1Ybn2PhpE655YvT,"#Contact airport security personnel and inform them about the situation before it becomes a security issue.<br><br>#Ask security staff about protocol for situations like this, and the possibility of getting the knife shipped to his destination.<br><br>#Find a nearby mail or storage service where he could either store his knife for a later time or have it shipped to his destination.<br><br>#Reach out to someone nearby (such as a friend or family member) who could take the knife back home.<br><br>#Consider leaving the knife at the airport's lost and found, depending on their policy, and possibly retrieving it upon return.",4,7
R_5q95bC4IyTHqIgv,"#Consider discussing the situation with the healthcare provider or the pharmacy to understand if there are any discounts, plans, or programs that can help reduce the cost of the medication.<br><br>#Research patient assistance programs, as many pharmaceutical companies offer such programs that provide expensive medications at a discounted rate or for free to eligible individuals.<br><br>#Explore crowdfunding options such as creating a campaign on GoFundMe or similar platforms to raise the necessary funds.<br><br>#Seek financial advice about the refinancing options available. This could include a personal loan, or using assets like property or vehicles as collateral.<br><br>#Inquire about generic alternatives to the expensive medication as they are often much less costly but hold similar effectiveness. Discuss this with the treating physician and pharmacist.",3,1
R_5q95bC4IyTHqIgv,"#Stay a safe distance behind the suspected intoxicated driver to avoid any potential accident.<br><br>#Record the license plate number, vehicle description and location in a safe manner, not compromising own driving safety.<br><br>#Call local law enforcement or a non-emergency police number to report the suspected intoxicated driver, providing them with the details recorded.<br><br>#Turn on the car's hazard lights to alert other drivers of a potential danger on the road.<br><br>#If it is safe and legal to do so, consider overtaking the vehicle to put a safer distance between Eamon and the potentially intoxicated driver.",3,4
R_5q95bC4IyTHqIgv,"#Start calling his colleagues to check if any of them can cover up for him.<br><br>#If he has the contact of any family members or friends of the store owner, reach out to them and explain the situation.<br><br>#Consider closing the store temporarily, leaving a sign explaining the situation and the estimated reopening time.<br><br>#Report the situation to the authorities or the local police station if he has to leave but cannot close the store securely.<br><br>#Attempt to arrange a delay for the court appointment by calling the courthouse, explaining the situation, and asking if his appointment could be pushed back.",3,9
R_5JEHcyydFD1u3iF,"#Call for a taxi or rideshare service to take him to the airport while he arranges for his car to be towed.<br><br>#Try to flag down a passing motorist, explaining his situation and asking for a ride to the airport.<br><br>#Contact the airline to see if his flight can be delayed or to arrange for a later flight due to his unforeseen circumstance.<br><br>#Call a nearby friend or family member to drive him to the airport as soon as possible.<br><br>#Use a car rental service to reach the airport on time if one is within walking distance.",4,2
R_5JEHcyydFD1u3iF,"#Call the police and report the erratic driving, providing them with the make, model, and license plate of the car.<br><br>#Maintain a safe distance from the swerving car to prevent endangering himself.<br><br>#If it is safe to do so, turn on his hazard lights to warn other drivers of the potential danger.<br><br>#Consider taking an alternate route home to avoid the potentially dangerous vehicle.<br><br>#Try to capture the car's behavior on a dashcam, if available, to provide evidence to the police.",4,4
R_5JEHcyydFD1u3iF,"#Immediately call the local animal control or the non-emergency police department to report the situation.<br><br>#Take down information about the vehicle such as its make, model, color, and license plate number.<br><br>#Stay by the car to monitor the dog's condition and to ensure it doesn't get worse.<br><br>#Inform the mall's security or management about the situation, giving them the specifics of the car's location and description.<br><br>#Spread awareness by informing any bystanders about the dangers of leaving pets in hot cars, to prevent such incidents in the future.",4,6
R_1JgUNzFk8pmHlLK,#Call for roadside assistance or a tow truck to handle the broken down car.<br><br>#Use a ride-sharing app or taxi service to quickly get transport to the airport.<br><br>#Reach out to a nearby friend or family member to provide a quick lift to the airport.<br><br>#Contact the airline to explain the situation and potentially reschedule the flight if necessary.<br><br>#Look for public transport options that might be feasible for reaching the airport.,4,2
R_1JgUNzFk8pmHlLK,"#Immediately call the animal control or non-emergency police in her area and report the situation.<br><br>#Take a picture of the car and its license plate, as well as the dog. This might be needed as evidence.<br><br>#Stay near the car (without trespassing) and monitor the dog's condition while waiting for help to arrive.<br><br>#Try to locate the owner of the car by asking around or having the mall management make an announcement.<br><br>#After law enforcement or animal control arrive, provide them with all the details about the situation, including any photos taken, for their report.",4,6
R_1JgUNzFk8pmHlLK,"#Inform the security officer about the knife immediately, explaining the unintentional mistake and his professional need for it as a chef.<br><br>#Ask about the procedure to ship the knife to his destination, if it's not allowed in carry-on or checked baggage.<br><br>#Contact colleagues attending the festival asking them to bring an extra chef's knife, in case his has to be surrendered.<br><br>#Search online to quickly purchase a similar knife and arrange for it to be delivered to his accommodation or the festival location in Chicago.<br><br>#Look for airport stores that offer storage services for prohibited items, to retrieve upon his return.",4,7
R_14HOA7OpsxxMkV8,"#Maintain a safe distance from the suspected intoxicated driver to avoid any sudden erratic moves they might make.<br><br>#Record the car's license plate, make, and model, if it's safe to do so.<br><br>#If possible, pull over and make a call to the local non-emergency police hotline, providing them with details about the driver's behavior and car information.<br><br>#Avoid trying to overtake the potentially intoxicated driver, as this could lead to unsafe conditions.<br><br>#If the driver shows extreme erratic behavior, such as rapid acceleration or deceleration, consider pulling over and waiting for them to move far ahead before continuing your journey.",3,4
R_14HOA7OpsxxMkV8,"#Evaluate the situation and decide if he feels comfortable giving a stranger a ride.<br><br>#Ask the woman more information about why she needs a ride to the nearby city.<br><br>#Consider the cost and time of the additional miles to his journey.<br><br>#Inform the woman about any local transportation alternatives like buses or taxis.<br><br>#If he agrees to give her a ride, let a family member or a friend know about the situation for safety reasons.",3,5
R_14HOA7OpsxxMkV8,"#Call a coworker to see if they could possibly cover the shift until the boss arrives.<br><br>#Leave a detailed note for the boss explaining the situation and the time he had to leave.<br><br>#Contact a nearby sister store, if applicable, ask if they can send someone over temporarily.<br><br>#Lock the store and leave a note for customers explaining the situation and apologizing for any inconveniences.<br><br>#Before leaving, ensure all merchandise is secure, cash is safe, and the store is clean to demonstrate responsibility despite the unusual circumstances.",3,9
R_6riUgrYIQsmESTj,"#Immediately inform the airport's security personnel about the presence of the knife in his bag. Honesty could potentially reduce the severity of the situation.<br><br>#Inquire if there is a possibility to ship the knife to his destination. Some airports offer mail facilities.<br><br>#Speak to a manager or supervisor regarding the situation. They might be able to provide options tailored to his circumstance.<br><br>#Contact his colleagues at the food festival and inform them about the situation. They might be able to provide an alternative solution or provide a spare knife.<br><br>#As a last resort, he could possibly rent a locker at the airport (if available) to store his knife, then arrange a courier service to collect and deliver it to Chicago if he has ample time.",4,7
R_6riUgrYIQsmESTj,"#Quietly signal to the closest person in the wedding party about his predicament and ask whether a spare ring might be available.<br><br>#Text or call the taxi company, give them the taxi number if he noted it, describe the ring and his situation, and ask if they might dispatch the taxi back to him.<br><br>#Discreetly ask a family member or friend, not immediately involved in the ceremony, to leave the event temporarily and retrieve the ring from wherever the taxi may be.<br><br>#Consider using his own ring if he is wearing one that could potentially fit, ensuring that the ceremony carries on smoothly.<br><br>#Apologize for the mishap later by explaining the situation to his sister and brother-in-law, and offer to pay for any replacement or return costs involved.",4,8
R_6riUgrYIQsmESTj,"#Contact a fellow employee to inform them of the situation and ask if they could cover the shift until the boss arrives.<br><br>#Reach out to family or friends nearby who would be able to temporarily step in, given they know the basics of running the store.<br><br>#Lock the store temporarily and leave a note explaining the situation for customers and the boss.<br><br>#Inform regular customers who might show up early about the situation and request their understanding.<br><br>#If he has enough time, Jeff could wait for a little while longer before leaving for his appointment, continuously trying to reach his boss.",4,9
R_71F6DXSC5gAMH5I,#Research alternative or generic versions of the medication that may be cheaper.<br><br>#Contact the drug company directly to inquire about patient assistance programs or discounts.<br><br>#Consult with a social worker or healthcare navigator to explore options for financial assistance or subsidized healthcare programs.<br><br>#Start a fundraising campaign via a platform such as GoFundMe to solicit donations to cover the cost of the medication.<br><br>#Discuss the situation with the treating doctor and ask if there are any other treatments available that could be more affordable but still effective.,3,1
R_71F6DXSC5gAMH5I,"#Call a road assistance service to help fix the car quickly, if he has that option.<br><br>#Hail a taxi or use a ride-sharing service like Uber or Lyft to get to the airport.<br><br>#Contact the airline to inform them about his situation and request a later flight.<br><br>#Try to flag down a good Samaritan who might be able and willing to give a lift to the airport.<br><br>#Check for available public transportation options, like a bus or a train, that could reach the airport.",3,2
R_71F6DXSC5gAMH5I,"#Politely decline the woman's request, explaining that he has to get home and can't drive to the city.<br><br>#Accept the woman's request and give her a lift to the nearby city, as it is in the same direction that he is heading.<br><br>#Offer to drop the woman at a bus station or a safe public place closer to his home, so she could find another mode of transport to reach the city.<br><br>#Inform the woman that he cannot help, but offer to call a cab or arrange an Uber for her that can take her to the designated city.<br><br>#Ask the woman for more details – such as who she is, why she needs to get to the city, and if she has any other options – before deciding whether he will help or not.",3,5
R_3s0skq3unPR2SDI,"#Research various patient assistance programs provided by pharmaceutical companies, government agencies, or non-profit organizations that help cover the cost of prescription medications.<br><br>#Contact the doctor or pharmacist to inquire about potential generic alternatives or other therapeutic substitutes that might be cheaper.<br><br>#Explore crowdfunding options such as GoFundMe or Kickstarter to raise funds for the medication.<br><br>#Consult a financial advisor to discuss possible methods of rearranging finances, withdrawing from retirement savings, or selling assets.<br><br>#Inquire with local charities or social organizations if they offer financial aid or have resources for securing needed medication for chronic illnesses.",3,1
R_3s0skq3unPR2SDI,"#Call for roadside assistance to come and repair his car.<br><br>#Order a taxi, Uber, or other ride-share to quickly get to the airport while the car is being repaired.<br><br>#Contact the airport to inform them about his situation and check if the flight can be delayed or rescheduled.<br><br>#Ask for help from passers-by or friendly drivers near the intersection.<br><br>#Call a friend or family member who lives close by to pick him up and drive him to the airport.",3,2
R_3s0skq3unPR2SDI,"#Contact a nearby coworker and ask them to cover the shift until the boss arrives, explaining the situation and the urgency of the court appointment.<br><br>#Leave a note at the cashier counter explaining the situation and location of the keys before leaving so the boss can know why he had to leave.<br><br>#Inform local law enforcement about the unattended store if no one can be found to cover the shift, ensuring its safety until the boss arrives.<br><br>#Reach out to a trusted friend or relative who may be able to watch the store briefly as a last resort.<br><br>#Call the court to notify them of the situation and inquire about the possibility of rescheduling the appointment if all other options fail.",3,9
R_7sGYdt4OkpMzj21,"#Contact the medication manufacturer to inquire about any patient assistance programs, which often provide medications at a reduced cost for those who cannot afford it.<br><br>#Research financial aid opportunities from local health departments, non-profit organizations, or pharmaceutical companies offering assistance with medication costs.<br><br>#Speak with a social worker or financial counselor at the hospital or health center. They may be able to help navigate the complexities of healthcare funding.<br><br>#Consult with the prescribing doctor about possible less expensive alternative medications or treatments that could also be effective.<br><br>#Consider organizing a fundraising effort using social media channels or platforms like GoFundMe, to help cover the medication costs.",4,1
R_7sGYdt4OkpMzj21,"#Immediately call the local police or animal control to report the unattended dog in a hot car.<br><br>#Stay near the car, making sure to keep a safe distance, to monitor the dog's condition until help arrives.<br><br>#If possible, find and make a note of the car’s license plate number and car model to accurately describe the situation to the authorities.<br><br>#Try to locate the car owner, by asking in nearby stores or making an announcement in the mall, if the situation isn't too critical yet.<br><br>#After the situation is under control, educate others about the dangers of leaving pets in hot cars to prevent future occurrences.",4,6
R_7sGYdt4OkpMzj21,"#Call a trusted coworker who might be able to cover for him for a short while.<br><br>#Leave a note for his boss explaining the situation and his absence.<br><br>#Contact his lawyer to inform about the situation and ask if the court appointment time can be moved.<br><br>#Notify the police station about the situation and ask for advice, as they might be able to liaise with the court for a delay.<br><br>#Start making preparations to secure the store without anyone's presence and call his boss again to fill him in about the situation.",4,9
R_1J30S3Bt0e7B63Q,#Politely decline the woman's request explaining his current circumstances and suggesting she seek a public transport option instead.<br><br>#Accept to give the woman a ride and adjust his travel plans accordingly.<br><br>#Contact a taxi or rideshare service for the woman if he is uncomfortable driving her to the desired location.<br><br>#Inquire more about the woman's situation to better understand her request and assess the risk involved.<br><br>#Offer to alert a nearby police station or road service for assistance if the woman appears to be in distress.,4,5
R_1J30S3Bt0e7B63Q,"#Immediately communicate discreetly with the closest wedding official or coordinator about the missing ring situation, seeking advice on how to proceed.<br><br>#Contact the taxi company to report the missing ring and ask if it can be recovered quickly.<br><br>#Ask a reliable family member or friend who may have a car to rush and retrieve the ring, providing them with exact details about the taxi.<br><br>#Consider using the substitute ring if there is any available, after discussing with the wedding couple or an official.<br><br>#Apologize to his sister and the groom, explaining the situation and assuring them that he is taking immediate steps to fix the issue.",4,8
R_1J30S3Bt0e7B63Q,"#Contact a trusted co-worker who may be able to take over his shift temporarily.<br><br>#Write a notice to customers explaining the current situation and the projected time he will be back, if possible.<br><br>#Secure all cash and other valuables, following company protocols, to prevent any loss during his absence.<br><br>#Lock the store, if company policy permits, to maintain security during his absence.<br><br>#Leave a detailed note or voicemail for his boss explaining the situation, ensuring his boss knows the reason for his absence and the steps he took to maintain the store's safety.",4,9
R_6AYKe8wrlrJA5Yw,#Investigate alternative insurance plans or supplemental policies that might cover the medication. This could be either private insurance or through government programs.<br><br>#Research patient assistance programs. Many pharmaceutical companies have assistance programs to help financially stretched patients afford their medications.<br><br>#Look for discount programs or coupons for the medication. Online resources and local pharmacies sometimes offer these for certain prescriptions.<br><br>#Discuss a payment plan with the pharmacy or healthcare provider. They may be willing to allow Heinz and his wife to pay for the medication in installments.<br><br>#Explore the possibility of fundraising. Heinz might start a crowdfunding campaign to help cover the cost of the medication. Social media platforms often host such fundraisers.,3,1
R_6AYKe8wrlrJA5Yw,"#Approach the car to get a better look at the dog's condition and note down the license plate.<br><br>#Immediately call the non-emergency police number or animal control to report a dog being left in a hot car.<br><br>#Inform mall security or management about the situation to see if they can make an announcement over the mall's PA system.<br><br>#Stay near the car (at a safe distance to avoid alarming the dog more) until help arrives.<br><br>#Document the situation - take pictures or recordings of the dog and the car, which can be useful in case an investigation is needed later.",3,6
R_6AYKe8wrlrJA5Yw,"#Immediately signal to someone close, possibly a bridesmaid or groomsman, about the issue without causing a major disruption to the wedding ceremony.<br><br>#Identify if there's any senior family member present who can deal with the situation wisely and calmly without alarming others.<br><br>#Check if he has the contact details of the taxi company or driver and if so, call them immediately to ask about the ring.<br><br>#Consider using a placeholder ring for the ceremony, this could be any piece of jewelry that could fit on the bride's finger and the situation can be explained privately after the ceremony.<br><br>#Apologize to the couple privately after the ceremony, and make arrangements to retrieve the lost ring or replace it, if necessary.",3,8
R_3MhP6L7CtQyC4lf,#Research programs and organizations that offer financial assistance for expensive medications and apply for help.<br><br>#Reach out to the medication manufacturer or pharmaceutical company to find out if they have a patient assistance program.<br><br>#Discuss alternative medications or treatment options with the wife's doctor that might be more affordable and still effective.<br><br>#Consider setting up a fundraising campaign online or in their local community to raise the needed funds.<br><br>#Contact their insurance company to discuss the situation and see if there is any possibility of getting coverage for the medication.,4,1
R_3MhP6L7CtQyC4lf,"#Ask the event staff if they have any way of verifying purchased tickets electronically by providing necessary identification or purchase confirmation.<br><br>#Call someone at Ted's home to find his ticket and send a picture of it, which might be accepted at the entrance.<br><br>#Consider purchasing a new ticket at the box office if it's possible and if Ted can afford the extra expense.<br><br>#Check if the concert venue has a lost ticket service where they can issue a replacement ticket.<br><br>#Have Ted check his email or messaging apps in case he was sent an electronic version of the ticket that he overlooked.",4,3
R_3MhP6L7CtQyC4lf,"#Politely decline citing personal or safety reasons, if Cameron is not comfortable with the situation.<br><br>#Ask the woman why she needs the ride and make a decision based on his judgement of the situation.<br><br>#Offer to call a taxi or other transportation for her if he has the means and feels the situation justifies it.<br><br>#Agree to give the woman a ride if he feels safe and comfortable doing so, but verify the location and decide if the extra journey is manageable.<br><br>#If possible, involve a gas station attendant or other witnesses. They could help assess the situation and deter potential safety risks.",4,5
R_5nBEckECekk5OrD,"#Call a roadside assistance service to help fix the car or tow it to a nearby mechanic.<br><br>#Order a taxi, ride share, or use public transportation to get to the airport while the car is being taken care of.<br><br>#Contact the airline to inform them about the situation and explore options for rescheduling the flight if necessary.<br><br>#Reach out to any friends or family nearby who might be able to give him a lift to the airport.<br><br>#Find a nearby location where he can rent a car to continue his journey to the airport.",3,2
R_5nBEckECekk5OrD,"#Maintain a safe distance from the suspected intoxicated driver to avoid any unpredictable movements from that vehicle.<br><br>#Use a hands-free device to call the local police and report the erratic driving, providing a description of the car and its license plate number, if visible.<br><br>#Stay aware of alternative routes or pull-off areas in case the driver's behavior becomes increasingly erratic or unpredictable.<br><br>#Signal to other drivers about the danger by flashing headlights or using hazards, without creating confusion or additional risk.<br><br>#Record the car's behavior, if safe and feasible, as evidence when the police arrive.",3,4
R_5nBEckECekk5OrD,"#Immediately inform a nearby wedding official or family member of the situation and apologize for the mishap.<br><br>#Ask a family member or a friend at the ceremony to call the taxi company immediately to retrieve the ring.<br><br>#Use a substitute ring if one is available, to continue the ceremony without disruption.<br><br>#Go outside the venue and check if the taxi is still around or if there is another taxi from the same company nearby that could help.<br><br>#Remain calm and composed to avoid creating unnecessary anxiety or attention during the wedding ceremony.",3,8
R_1IbiBprrwgySqYl,"#Research different pharmaceutical companies to see if they offer the medication at a lower price or have patient assistance programs.<br><br>#Explore crowd-funding options, such as GoFundMe or Facebook charity fundraisers, to help cover the cost of the medication.<br><br>#Contact local and national health charities that might offer financial aid or guidance in sourcing the medication.<br><br>#Speak with their healthcare provider about any generic versions of the medication that might be cheaper but equally effective.<br><br>#Consult a financial advisor to help them reorganize their budget or implement a payment plan that takes their situation into account.",3,1
R_1IbiBprrwgySqYl,"#Offer Ted to call the concert organizers and explain the situation, asking if they could reissue his ticket at the gate.<br><br>#Suggest to Ted that he could use a ride-share service like Uber to quickly get to his house and back, instead of driving himself.<br><br>#Propose to check around the vicinity for a ticket scalper or someone who might be selling their extra ticket.<br><br>#Consider using an e-ticket app to see if a digital version of Ted's ticket could be found and used.<br><br>#Recommend Ted to talk to the security at the gate about his situation, they might let him inside with a proper identity verification.",3,3
R_1IbiBprrwgySqYl,"#Immediately call the local non-emergency police or animal control number to report the situation.<br><br>#Note the car make, model, and license plate number to relay to authorities.<br><br>#Assemble a group of bystanders to witness and support actions taken to rescue the dog.<br><br>#If the authorities are taking too long and the dog's condition is deteriorating, carefully consider breaking the window for which legal consequences vary by area.<br><br>#After the dog is safe, stay around until authorities arrive to provide the information about what happened.",3,6
R_7INuqY1rcsugVU9,#Call for road assistance to fix the car as soon as possible.<br><br>#Order a ride from a reliable taxi service or ride-sharing app to proceed to the airport while the car is being fixed.<br><br>#Contact someone he knows who lives nearby and ask for a ride to the airport.<br><br>#Contact the airline to inform them about his situation and inquire about possible options for rescheduling his flight.<br><br>#Look for public transportation options that could get him to the airport if other options are unavailable or impractical.,4,2
R_7INuqY1rcsugVU9,"#Maintain a safe distance from the suspected intoxicated driver to avoid any sudden mishaps.<br><br>#Note the license plate, car model and color of the suspected intoxicated driver.<br><br>#Call local law enforcement or the non-emergency police number to report the driver.<br><br>#If possible without endangering oneself, record the behavior of the driver for evidence.<br><br>#Avoid trying to stop or confront the driver directly as it could escalate the situation.",4,4
R_7INuqY1rcsugVU9,"#Immediately call the local animal control or non-emergency police hotline to report the situation, providing the car's make, model, color, and license plate number.<br><br>#Stay near the vehicle to monitor the dog's condition until help arrives but maintain a safe distance to avoid causing additional stress to the dog.<br><br>#Inform the mall's security personnel about the situation and ask them to make an announcement to find the car's owner.<br><br>#Try to find out if any nearby stores have drinking water that can be offered to the dog, but only if it is safe and feasible.<br><br>#Capture photographic or video evidence of the dog in the car, which can be useful for tracking down the negligent owner for authorities.",4,6
R_3vyMOD4nrX8XpYt,"#Call a taxi or use a ride-share app to secure a ride to the airport as quickly as possible.<br><br>#Contact roadside assistance to report the car breakdown and arrange for the vehicle to be towed or repaired.<br><br>#Find a nearby public transportation option, such as a bus or train, that would lead towards the airport.<br><br>#Contact the airline to inform them about his situation, and inquire about the possibility of rescheduling his flight.<br><br>#Reach out to a friend or family member who may be able to assist with a ride to the airport.",4,2
R_3vyMOD4nrX8XpYt,"#Immediately inform the wedding officiant and family discreetly to avoid causing panic or drawing attention.<br><br>#Attempt to recall the taxi's details such as model, color or number if possible and inform the wedding planner or a responsible person to help find the taxi.<br><br>#Use a mobile phone to call the taxi service or use the taxi app's ride history feature, explain the situation, and ask for their help in retrieving the ring.<br><br>#Suggest to use a substitute ring, if available, to continue the ceremony while waiting for the original one.<br><br>#If the ring can't be retrieved in time, apologize sincerely to the bride and groom, assure them that the matter is being handled and remind them that the ceremony's significance lies beyond the material symbol of the ring.",4,8
R_3vyMOD4nrX8XpYt,#Call a coworker and ask if they can take over his shift temporarily until the boss arrives.<br><br>#Leave a note at the store explaining the situation and lock the store if possible.<br><br>#Notify the police or non-emergency services about the situation if leaving the store unattended is not a legal option.<br><br>#Contact a close friend or family member to temporarily watch the store while he is at his court appointment.<br><br>#Request a cab or ride service to be ready as soon as his boss arrives so he can quickly get to his court appointment.,4,9
R_5qJRpCkYZ1ljalG,"#Maintain a safe distance from the suspected intoxicated vehicle and observe its actions.<br><br>#Contact the local authorities via non-emergency line to report the erratic driving behavior, providing location and vehicle details.<br><br>#Record the vehicle details such as registration number, make, model and color for reporting purposes.<br><br>#If possible and safe, try to warn other drivers about the potential hazard using vehicle lights or honk.<br><br>#Avoid trying to overtake or confront the potentially intoxicated driver since this can escalate the situation and risk a collision.",4,4
R_5qJRpCkYZ1ljalG,"#Retrieve the knife and immediately inform the security personnel about the mistake, explaining his profession and the purpose of having the knife.<br><br>#Attempt to find a local post office or shipping store within the airport to send the knife back home or to his destination.<br><br>#Ask airport staff if there is a facility where he can securely store the knife until his return.<br><br>#Contact a friend or family member who could come pick it up if they live close to the airport.<br><br>#Offer to relinquish the knife to airport security while explaining the situation and expressing his understanding of the security protocols.",4,7
R_5qJRpCkYZ1ljalG,"#Contact a reliable coworker to see if they can cover the shift until the boss arrives.<br><br>#Leave a detailed note for the boss or any person who might step in, explaining the situation and apologizing for the absence.<br><br>#Secure the store before leaving for the court appointment, making sure all goods are locked away and the cash register is secure.<br><br>#Inform the nearest police station about the situation, for them to periodically check the store for security.<br><br>#Call the boss one more time, leaving a message about the urgent nature of the court appointment and the necessity to leave the store unmanned.",4,9
R_32Kj2ZsL2wJkCMF,#Consider setting up a GoFundMe page or other crowdfunding efforts to raise the necessary funds for the medication.<br><br>#Reach out to local community organizations or charities that might offer financial support for such circumstances.<br><br>#Consult with the doctor or pharmacist for any possible alternatives or generics to the medication which might be less costly.<br><br>#Explore health assistance programs or negotiate a payment plan with the hospital or healthcare provider.<br><br>#Research participating in pharmaceutical company assistance programs that may provide the medication at a reduced cost or for free.,3,1
R_32Kj2ZsL2wJkCMF,"#Call a taxi or a ride-sharing service like Uber or Lyft to get him to the airport as fast as possible.<br><br>#Contact the local automobile association or car insurance company (if they offer roadside assistance) to help with the car breakdown.<br><br>#Inform the airline about the situation and inquire if there are any later flights he could take if he misses the current one.<br><br>#Check local public transportation options (bus or train) that could take him to the airports.<br><br>#If any friends or family live nearby, call them and ask for help, either to fix the vehicle or to provide a ride to the airport.",3,2
R_32Kj2ZsL2wJkCMF,"#Politely explain to the woman that he can't go 10 miles out of his way but is willing to drop her at a closer location.<br><br>#Offer to call or pay for her a taxi or a rideshare service to get to her destination.<br><br>#Suggest other possible transport options such as a local bus or train that could take her to the city.<br><br>#Question her further to understand her safety situation, it might be that she is in distress and needs immediate help.<br><br>#Agree to take her the entire way to the city but ask for contribution towards the additional fuel cost.",3,5
R_3ImeqLQ09a7POs9,"#Research about organizations, charities, and foundations that may help with medical costs.<br><br>#Contact the medication's manufacturer. Some companies offer patient assistance programs to help cover medication costs.<br><br>#Explore crowdfunding options, such as starting a GoFundMe campaign, to raise funds for the medication.<br><br>#Consult with the doctor or a pharmacist about potential generic or less expensive alternative medications.<br><br>#Reach out to local community centers, religious groups, or social service organizations. They might know of resources or initiatives that can provide financial assistance.",4,1
R_3ImeqLQ09a7POs9,"#Offer the woman a ride to the nearby city if he has sufficient fuel and time.<br><br>#Politely refuse the woman's request if he feels uncomfortable or unsafe.<br><br>#Suggest that the woman tries a rideshare app or calls a taxi if he is unable to assist.<br><br>#Call a local non-emergency help line for assistance or advice if he's unsure.<br><br>#Offer to take the woman part of the way, as far as his planned route, if the full journey isn't convenient.",4,5
R_3ImeqLQ09a7POs9,"#Contact a coworker to see if they could come in and cover his shift until the boss arrives.<br><br>#Leave a detailed note for his boss explaining the situation and where he his headed.<br><br>#Call the court to inform them about the possible delay and check if there is a possibility to reschedule the appointment.<br><br>#Close the store temporarily, making sure it is secure, and leave a note for customers explaining there will be a delay in opening.<br><br>#Record a video message in the store showing the time and conditions just in case his boss or anyone else questions his absence after the fact.",4,9
R_7h8mYdopwD4RSHn,#Research alternative insurances that may cover the needed medication.<br><br>#Investigate if there are any medical charities or foundations that provide financial support for patients needing this particular medication.<br><br>#Consult with the doctor to check if there might be a less expensive alternative or a generic version of the medication needed.<br><br>#Reach out to the pharmaceutical company that makes the medication directly. Some companies have programs to provide medications at reduced costs for patients who cannot afford them.<br><br>#Start a crowdfunding campaign to raise funds to cover the medical expenses.,3,1
R_7h8mYdopwD4RSHn,#Call a taxi or an Uber to pick him up and bring him to the airport.<br><br>#Contact the airport to inform them about his situation and ask about the possibility of delaying the flight.<br><br>#Call a roadside assistance service like AAA to get his car repaired as quickly as possible.<br><br>#Contact a friend or family member who may be able to give him a lift to the airport.<br><br>#Look for public transportation options that could take him to the airport.,3,2
R_7h8mYdopwD4RSHn,"#Immediately find a security staff member and inform them of his mistake, explaining he is a professional chef and forgot to remove the knife from his bag.<br><br>#Check if there is a way for the airport to securely store his knife for pickup on his return.<br><br>#Consider if a trusted friend or family member that's not too far away could come to the airport and take the knife home.<br><br>#Inquire about mailing services available in or near the airport. It might be possible to mail the item back to his home.<br><br>#If none of these options are feasible, consider accepting the loss, turn the knife over to the airport security, then purchase a replacement once he arrives in Chicago.",3,7
R_1ZkmnFe2xKTk50J,"#Offer to wait with Ted while he arranges for someone to bring his ticket from his home.<br><br>#Suggest to Ted to use mobile admission if the concert offers digital tickets, he might be able to download it onto his phone.<br><br>#Ask around to see if anyone has an extra ticket that Ted could purchase or borrow.<br><br>#Inquire at the entrance about lost ticket protocol, there might be a possibility to reprint the ticket there.<br><br>#Consider foregoing the concert to support Ted, forming a Plan B such as going to a nearby bar or restaurant for fun.",3,3
R_1ZkmnFe2xKTk50J,"#Slow down to keep a safe distance from the suspected intoxicated driver.<br><br>#Call the local authorities or a highway patrol number, providing them with the vehicle's description and location.<br><br>#Avoid overtaking the suspected intoxicated driver, unless it's absolutely safe to do so.<br><br>#Turn on hazard lights to alert other drivers to the potential danger ahead.<br><br>#If possible without endangering himself, Eamon could record the erratic driving behavior as evidence for police.",3,4
R_1ZkmnFe2xKTk50J,"#Call animal services or the non-emergency police line to report the situation, providing as many details as possible, like the car's make, model, color and plate number.<br><br>#Look for the owner in the nearby area and urge them to immediately provide proper care to their pet by opening the windows or turning on the car's air conditioning.<br><br>#Stay close to the vehicle to monitor the dog's condition while waiting for help to arrive.<br><br>#Record the incident on her mobile device to have proof of the situation, should it be required.<br><br>#Attract attention from other bystanders to increase the urgency and likelihood of finding the owner or getting more immediate assistance.",3,6
R_3eabTgd20Ow0wGm,"#Call a reliable ride-hailing service like Uber or Lyft to get to the airport as soon as possible.<br><br>#Contact the airplane company to inform them about the situation and possibly delay the flight if feasible.<br><br>#Find a nearby towing service to move the broken-down car out of the way and to fix it later.<br><br>#Contact friends or family living in the area for immediate assistance and a ride to the airport.<br><br>#Locate a nearby public transportation option, like a train or bus, that could potentially get him to the airport in time.",3,2
R_3eabTgd20Ow0wGm,#Suggest Ted to check with the ticket office if they can print a replacement ticket or provide a digital one.<br><br>#Offer to call a cab for Ted to get back home and retrieve the ticket as fast as possible.<br><br>#Ask the other friends if any of them have a spare ticket or suggest buying another ticket for Ted.<br><br>#Contact the event organizers to explain the situation and see if they can make an exception for Ted.<br><br>#Recommend Ted to use a ticket resale platform to buy a new ticket instantly.,3,3
R_3eabTgd20Ow0wGm,#Ask the woman for more information about why she needs a ride to evaluate the situation better.<br><br>#Check his car's fuel level to see if he has enough to extend his trip by 20 miles and back without needing to refill again.<br><br>#Consider the current time and his plans at home to evaluate whether he has enough time for this detour.<br><br>#Ask the woman if she can contribute to the cost of the additional gas needed for the detour.<br><br>#Evaluate his sense of personal safety and comfort with giving a ride to a stranger.,3,5
R_19n7T1YyZu9KtJk,"#Call the ticket office at the concert venue to see if they can issue a replacement ticket.<br><br>#Check if a digital version of the ticket is available on Ted's email or the app where the ticket was purchased.<br><br>#Ask another friend or family member who is at Ted's house to quickly bring the ticket to the venue.<br><br>#See if it's possible for Ted to purchase another ticket at the door of the venue.<br><br>#Consider speaking to the event security or management and explaining the situation, they might allow Ted to enter.",3,3
R_19n7T1YyZu9KtJk,#Immediately alert airport security about the unintentional carry-on of the knife to demonstrate transparency and cooperation.<br><br>#Ask if there is an option to ship the knife to his destination instead of carrying it on the plane.<br><br>#Consider leaving the line and seeking out a post office or courier service to ship the knife to the Chicago food festival.<br><br>#Inquire about secure storage services at the airport where the knife could be kept until he returns from his trip.<br><br>#Consider the possibility of leaving the knife behind if all other options are not feasible to ensure the safety and rules of air travel.,3,7
R_19n7T1YyZu9KtJk,"#Quietly inform the wedding officiant about the situation and request a brief pause.<br><br>#Contact the taxi company immediately to inform them about the forgotten item and ask if it could be returned as quickly as possible.<br><br>#Ask a reliable wedding attendee to rush home or to a nearby jewelry store to get a temporary substitute for the actual ring.<br><br>#Contact the wedding planner or the person in charge of organising the event, informing them about the situation to seek their advice or assistance in handling the situation.<br><br>#Stay calm and handle the situation professionally to avoid causing undue stress and anxiety to the bride and groom during their special day.",3,8
R_3dLmD9YHnrTxbYi,"#Research for alternate or generic versions of the medication that could be less expensive.<br><br>#Contact the pharmaceutical company directly to inquire about patient assistance programs or discounts.<br><br>#Seek advice from the treating doctor or pharmacist on potential cost-saving ways to acquire the medication.<br><br>#Consider crowdsourcing funds through friends, family, or online platforms like GoFundMe.<br><br>#Explore potential local or national charities and non-profits that provide financial aid for medical expenses.",4,1
R_3dLmD9YHnrTxbYi,"#Call roadside assistance to report the car breakdown and request immediate help.<br><br>#While waiting for the roadside assistance, utilize a ride-hailing app like Uber or Lyft to request a ride to the airport.<br><br>#In the case of not having a ride-hailing app, call a taxi service to arrange for an immediate pickup.<br><br>#Contact the airport or airline to inform them of the situation and explore possible options such as flight rescheduling.<br><br>#In the worst-case scenario, flag down a passing vehicle for assistance, making sure to exercise caution and choose a safe location to do so.",4,2
R_3dLmD9YHnrTxbYi,"#Immediately call the local animal control or the non-emergency number of the police department.<br><br>#Take note of the vehicle's make, model, and license plate number, it could be useful for the authorities.<br><br>#Stay in the area to monitor the condition of the dog and provide this information to authorities. <br><br>#If possible, try to locate the owner of the car by asking mall security or making an announcement within the mall.<br><br>#Alert any nearby individuals to the situation. They can help keep an eye on the dog and potentially aid in finding the owner.",4,6
R_7eQPp2GMyPdArG1,"#Offer to call the concert venue's box office to see if they can verify Ted's purchase and let him in without the physical ticket.<br><br>#Look up public transport or taxi options for Ted, in case he decides to go back home and retrieve the ticket.<br><br>#Suggest that Ted use a mobile version of the ticket if it's available, by checking the ticket vendor's website or app.<br><br>#Ask other friends or nearby concert-goers if anyone has an extra ticket they're willing to sell or give away.<br><br>#Consider missing the beginning of the concert and accompanying Ted back to his house to fetch the ticket to ensure he doesn't miss the entire event.",4,3
R_7eQPp2GMyPdArG1,"#Agree to the woman's request, explaining that he'll need extra gas money to cover the additional journey.<br><br>#Politely decline her request citing personal reason or concern about personal safety.<br><br>#Offer to call a taxi or rideshare service for the woman if she doesn't have the means to do so herself.<br><br>#Suggest that she ask the gas station attendant for help or if they know any public transport options.<br><br>#Connect the woman with any trustworthy local resources, like community rideshare programs or emergency services, to ensure she gets to her destination safely.",4,5
R_7eQPp2GMyPdArG1,"#Immediately call local animal control or the non-emergency police number to report the situation.<br><br>#Note down the car's make, model, and license plate number. This information will be necessary for the authorities to locate and rescue the dog.<br><br>#Stay at the location, maintaining a safe distance from the vehicle and observing the dog's condition until help arrives.<br><br>#Ask mall security or management to make an emergency announcement to locate the car's owner if time allows.<br><br>#Take photos or video of the dog and the car to document the situation for possible legal action against the owner for negligence.",4,6
R_5gBeViQ3vboG6oL,"#Call a reliable cab service or book a ride-sharing service like Uber or Lyft to take him to the airport.<br><br>#Contact his roadside assistance company and inform them about the situation; they could tow his car while he goes to the airport.<br><br>#Reach out to a friend or family member who is nearby, explaining his situation and asking if they could drive him to the airport.<br><br>#Consider renting a car for a quick solution if there's a nearby rental agency, ensuring he makes it in time for his flight.<br><br>#Request help from any passing drivers, making sure to prioritize his safety while doing so.",4,2
R_5gBeViQ3vboG6oL,"#Politely ask the woman for more details about why she needs a ride and consider her response in his decision.<br><br>#Check the fuel level in his car to ensure that he has enough gas to take the woman to the city and still reach his own home.<br><br>#Consider his schedule and verify it will not be inconvenienced by driving the extra 10 miles.<br><br>#Call any family members or roommates to inform them of the situation and the potential delay.<br><br>#If Cameron feels comfortable and safe, agree to give the woman a ride to the nearby city.",4,5
R_5gBeViQ3vboG6oL,#Call a colleague who is available to cover the shift until his boss arrives.<br><br>#Inform the customers in the store of the situation and lock the store temporarily if no one can cover.<br><br>#Contact a news agency or neighboring business to inform them of the situation in case they can offer immediate assistance.<br><br>#Leave a detailed note or message for his boss explaining why he had to leave and the tasks accomplished during his shift.<br><br>#Notify the police or a security agency to watch over the store until his boss or a reliever arrives to take over.,4,9
R_6frFqDy52Bhhfvm,#Keep a safe distance from the suspected intoxicated driver to avoid any potential accident.<br><br>#Try to observe the license plate number and the make and model of the car. This information could be useful if a report is to be made to the police.<br><br>#Look for an opportunity to safely overtake the potentially intoxicated driver if the road and traffic conditions allow it.<br><br>#Consider pulling over and calling the local law enforcement to report the person's erratic driving.<br><br>#Use a hands-free device to report the situation immediately to the non-emergency police number if available and safe to do while driving.,4,4
R_6frFqDy52Bhhfvm,"#Agree to give the woman a ride, considering it's not far out of his way and he would be helping someone in need.<br><br>#Suggest the woman to use a ride-sharing app if he does not feel comfortable giving her a ride.<br><br>#Offer to call a taxi for the woman if he can afford it and if he prefers not to give her a ride personally.<br><br>#Politely decline her request explaining that he cannot go that far or that he has other commitments.<br><br>#Check if there is a nearby bus station or other public transport options she could use to reach her destination.",4,5
R_6frFqDy52Bhhfvm,"#Immediately inform the officiant or closest responsible person, such as the bride or groom, discreetly that the ring is missing.<br><br>#Call the taxi company ASAP to report the lost ring and try to retrieve it.<br><br>#Ask the attendees if anyone has a similar ring that can be used as a temporary stand-in.<br><br>#If there is enough time, go back to the seat location to look for the ring, or send someone who is not integral to the ceremony.<br><br>#Apologize to his sister and assure her that everything is being done to retrieve the ring or find a temporary solution.",4,8
R_7QLwOIG407NVAhW,"#Maintain a safe distance from the suspected intoxicated driver to avoid any sudden collisions.<br><br>#Attempt to record the license plate number, car model, and color to provide specific information to the authorities.<br><br>#If possible, pull over to a safe location and dial local authorities or emergency numbers to report the erratic driver.<br><br>#Try to signal the driver subtly, if it's safe, to get them off the road, but without instigating a road rage incident.<br><br>#Avoid trying to confront or stop the driver on your own; instead, allow law enforcement officials to handle the situation.",3,4
R_7QLwOIG407NVAhW,"#Immediately inform the security personnel about the expensive knife, explaining it as an accidental inclusion.<br><br>#Offer to have the security send the knife back to your home via a delivery service, bearing the costs personally.<br><br>#Ask the security if they can store the knife in a safe place to be retrieved upon return, demonstrating his Chef's ID as proof of professional use.<br><br>#Contact a nearby colleague or friend who could take the knife back home or to a safe place, if they are not travelling on a plane.<br><br>#Purchase a secure postal box at the airport, if available, and mail the knife back home.",3,7
R_7QLwOIG407NVAhW,"#Call his boss again, leaving a clear voicemail explaining the emergency situation and that he needs to leave work early.<br><br>#Ask a trusted coworker, if available, to temporarily cover the shift until the boss arrives.<br><br>#Contact a local temp agency or employment service to swiftly provide someone to fill in.<br><br>#Leave a note for the boss explaining the situation, along with the contact number of the court so they can verify the appointment.<br><br>#Lock the store and leave, ensuring the premises is secure, if all other options are exhausted and Jeff's court appointment cannot be postponed.",3,9
R_7D0Sr6oqV6HlhRq,"#Consider the woman's request and evaluate whether it will significantly disrupt his plans.<br><br>#Ask the woman more questions about why she needs a ride, to ensure that it is a safe situation.<br><br>#Agree to give the woman a ride to the nearby city, if he feels comfortable and it doesn't conflict with his schedule.<br><br>#Suggest alternate modes of transportation to the woman if he is not able to assist, such as public transport or a taxi service.<br><br>#Call for local authorities or an officer if the woman seems to be in danger or needs immediate help.",4,5
R_7D0Sr6oqV6HlhRq,"#Immediately call the local animal control or non-emergency police number to report the situation.<br><br>#If possible, stay near the car to keep an eye on the dog's condition until help arrives.<br><br>#Take down the make, model, and license plate number of the car to provide to authorities, in case the owner returns and leaves before help arrives.<br><br>#Alert the mall security or management regarding the situation, as they might be able to locate the car owner or assist in some way.<br><br>#In cases of extreme urgency and lack of immediate help, consider reaching out to bystanders for support in breaking into the car to free the dog, ensuring everyone's safety and minimizing potential legal implications.",4,6
R_7D0Sr6oqV6HlhRq,"#Call a coworker and see if they can cover the time between now and when the boss arrives.<br><br>#Leave a note explaining the situation for the boss at the most visible place, like on the cash register.<br><br>#Close and lock the store temporarily if possible, notifying nearby police of the situation and your reasons.<br><br>#Leave a voicemail explaining the urgency and your situation, if the boss has a business or personal voicemail.<br><br>#Contact the court and see if the appointment can be postponed due to this emergency situation.",4,9
R_3JENViVO0sB02fo,"#Discuss with the doctor or pharmacist for any alternative or generic medications that are cheaper but have the same effect.<br><br>#Reach out to charities or non-profit organizations that assist with medical expenses.<br><br>#Consult with the pharmaceutical company that manufactures the medication to inquire about patient assistance programs.<br><br>#Seek financial help from friends, family, or through a crowdfunding platform to help cover the cost of the medication.<br><br>#Explore the possibility of medical loans or payment plans that might be available through the healthcare provider or financial institutions.",4,1
R_3JENViVO0sB02fo,"#Assess the situation and the woman's request to gauge personal safety before making a decision.<br><br>#Politely ask the woman why she needs a ride to the city and if there are any other options she has considered.<br><br>#Offer to call a taxi, ride-share service, or local authorities on her behalf if he isn't comfortable giving her a ride.<br><br>#If he is willing and feels safe, agree to give her a ride, ensuring they first establish a consensus about drop-off spot and any detours required.<br><br>#Check fuel level and, if necessary, refill the tank to ensure it is sufficient for the extra distance.",4,5
R_3JENViVO0sB02fo,"#Call a coworker to see if they can come in early and cover for him until the boss arrives.<br><br>#Inform any regular customers about the situation in case they can assist by temporarily taking over.<br><br>#Leave a note at the cash register explaining the situation, lock the store temporarily, and trust the boss will understand the emergency.<br><br>#Contact the local police station to ask if they are aware of any incidents involving his boss.<br><br>#Seek legal advice regarding his options, such as leaving the store unattended for this critical personal matter.",4,9
R_5AtSylViUlTkAbD,"#Discuss the situation with the prescribing doctor and explore if there are any cheaper alternatives or generics available for the medication.<br><br>#Research patient assistance programs or charitable organizations that may be able to help with the cost of the medication.<br><br>#Look into getting a part-time job or freelance work to help generate additional income.<br><br>#Consider starting a crowdfunding campaign via platforms like GoFundMe to raise funds.<br><br>#Contact the drug manufacturer directly, as some pharmaceutical companies offer discounts or assistance programs to people who can't afford their medications.",4,1
R_5AtSylViUlTkAbD,"#Immediately notify the officiant of the situation in the most discreet manner possible and ask for a pause in the ceremony.<br><br>#Get in contact with the taxi company to alert them of the situation and attempt to locate the taxi he rode in.<br><br>#Ask a close family member or friend present at the wedding to assist him in resolving the issue quickly to avoid drawing more attention.<br><br>#Check if there's a spare or ceremonial ring available which can be used as a substitute temporarily.<br><br>#If unable to retrieve the ring promptly, suggest proceeding with the ceremony using a symbolic object, explaining the situation later to all concerned parties.",4,8
R_5AtSylViUlTkAbD,"#Call his boss again, leaving a detailed message about the situation and his need to leave soon.<br><br>#Contact colleagues or other team members who might be able to cover the shift until his boss arrives.<br><br>#Write a note explaining the situation and leave it in a visible location in case his boss comes in later.<br><br>#Secure the store as much as possible, by closing the register and turning off unnecessary equipment, in case he has to leave before his boss arrives.<br><br>#Notify nearby businesses or reliable acquaintances about the situation as a courtesy, and ask if they could keep an eye on the store until his boss arrives.",4,9
R_1Oq2aa0rEDoAdRB,"#Explore alternative payment methods with the medical provider or pharmacy, such as setting up a payment plan or applying for financial assistance.<br><br>#Research into charities and non-profit organizations that help cover the cost of medications.<br><br>#Consult with the physician about potentially switching to less expensive, but equally effective treatments.<br><br>#Consider setting up an online fundraising campaign on a platform like GoFundMe to solicit donations from the larger community.<br><br>#Investigate whether the pharmaceutical company offers a patient assistance plan for the medication.",3,1
R_1Oq2aa0rEDoAdRB,"#Keep a safe distance from the erratic driver to avoid potential collisions.<br><br>#Attempt to memorize the intoxicated driver's license plate in case a report needs to be filed.<br><br>#If possible, pull off the road and call the local authorities to report the suspected intoxicated driver.<br><br>#Make a note of the car make, model, and color for ease in identification by the police.<br><br>#Do not attempt to pass the erratic driver if it seems dangerous or potentially life-threatening.",3,4
R_1Oq2aa0rEDoAdRB,"#Politely tell the woman he cannot provide the ride due to his scheduling or other personal reasons.<br><br>#Agree to give her a ride as long as it doesn't significantly detour from his planned route home.<br><br>#Offer to call a taxi or ride-sharing service for the woman if he feels uncomfortable giving a stranger a ride.<br><br>#Suggest she find a local public transportation option, such as a bus or train.<br><br>#Direct her to the gas station staff to ask for assistance if she appears to be in distress or facing a crisis.",3,5
R_5xyhZeaVY9UpWst,"#Research alternative medications or generic versions of the required drug that may be cheaper and covered by their insurance.<br><br>#Start a crowdfunding campaign on platforms like GoFundMe, emphasizing the urgency of the situation and the need for financial help.<br><br>#Consult with their healthcare provider or pharmacist about any patient assistance programs or discounts available for the medication.<br><br>#Seek advice from a financial advisor or social worker regarding potential financial assistance programs or grants they might qualify for.<br><br>#Consider reaching out to local charities or non-profit organizations that might provide support for such emergencies.",3,1
R_5xyhZeaVY9UpWst,"#Ask the concert organizers if they have digital tickets or can verify tickets using ID proof.<br><br>#Check if there is a spare or resale ticket available at the venue or online for Ted.<br><br>#See if someone already inside the concert could leave to hand over their ticket to Ted, then go back in, and let Ted use the same ticket to enter.<br><br>#Contact a friend or family member who is close to Ted's house to retrieve the ticket and deliver it to the venue quicker.<br><br>#Ted could try explaining the situation to the security and ask if they could allow him to enter without the ticket.",3,3
R_5xyhZeaVY9UpWst,"#Panic discreetly, while trying to catch the attention of the maid of honor or the best man to inform them about the missing ring.<br><br>#Confide in the closest person on the altar about the misplaced ring, prompting them to improvise or find a temporary solution.<br><br>#Quickly but subtly use his phone to call the taxi company and inform them about the missing ring, hoping that they could get it back.<br><br>#Consider using his own ring or a piece of jewelry as a substitute for the missing wedding ring.<br><br>#Apologize to his sister and her fiancé, suggesting to proceed with the ceremony and implying the ring exchange, with the hope of getting the actual ring back later.",3,8
R_6r1CHxmVmpZKwDu,"#Call the ticketing company to see if they can provide a digital copy of the ticket or allow Ted to enter with ID proof.<br><br>#Check if there's an option to buy another ticket at the venue, just in case Ted can't get a digital copy.<br><br>#Ask venue staff if they can assist or provide a solution, they might have protocols for this type of situation.<br><br>#See if any of the friends have a spare ticket. There may be a no-show who was also expected to attend the concert.<br><br>#Consider using a delivery service or a trusted person to collect the ticket from Ted's house and deliver it to the concert venue.",3,3
R_6r1CHxmVmpZKwDu,"#Maintain a safe distance from the erratically moving vehicle to avoid a potential accident.<br><br>#Observe any other unusual driving behaviors, such as erratic changes in speed, not using turn signals, or failure to stop at traffic signs.<br><br>#Record the license plate number, car model, color, and any distinguishing features of the vehicle.<br><br>#Contact local police or highway patrol to report the incident, providing them with the information collected.<br><br>#Follow the suspected intoxicated driver at a safe distance until law enforcement arrives, only if it doesn't endanger his own safety.",3,4
R_6r1CHxmVmpZKwDu,"#Call a reliable coworker to see if they can cover the shift until the boss arrives.<br><br>#Leave a detailed note for the boss explaining the situation and the exact time of departure.<br><br>#Inform nearby local businesses that may know the boss, making them aware of the situation in case they see him.<br><br>#Secure all cash and valuables in a safe place before leaving, to ensure the security of the store until someone arrives.<br><br>#Notify the police non-emergency number or a private security company to periodically check on the store until the boss or a coworker arrives.",3,9
R_3xRIsd1akeWOb1H,"#Call for a roadside assistance service to quickly repair or tow the car.<br><br>#Order a taxi or use a ride-sharing app like Uber to get to the airport immediately.<br><br>#Reach out to a friend, family member, or acquaintance who might be able to give him a lift.<br><br>#Consider reaching out to the airline to inform them of his situation and ask if they can reschedule the flight.<br><br>#Look for nearby public transportation options that could get him to the airport in time.",3,2
R_3xRIsd1akeWOb1H,"#Immediately call the local animal control or a non-emergency police line to report a pet locked in a hot car.<br><br>#Make note of the car's make, model, and license plate number, the situation's exact location and provide this information to authorities.<br><br>#Stay near the car, and if possible, in a shady area to monitor the dog's condition more closely while waiting for help.<br><br>#Contact any nearby businesses or the mall's security office to make an announcement about the vehicle and see if the owner can be located rapidly.<br><br>#If the dog looks in severe distress and there is no immediate help from authorities or the owner, considering state laws, decide if breaking a window to get the dog out as a last resort is appropriate. This decision should be guided by the perceived urgency of the situation and the likelihood of causing more harm than good.",3,6
R_3xRIsd1akeWOb1H,"#Immediately inform the best man or the closest responsible adult about the missing ring, trying to do so quietly without causing a scene.<br><br>#Recall the taxi's license plate, the driver's name, and the company name - if remembered - and note it down.<br><br>#Call the taxi company, inform them about the situation and provide all necessary details to help them find the ring.<br><br>#Borrow a phone if his own is inaccessible and use a ride-hailing app to track the cab's location if it was booked from there.<br><br>#Ask the wedding coordinator, if available, to find a replacement ring or a stand-in for the ceremony while ensuring the real ring is retrieved later.",3,8
R_3xQK3YDvAd4DOEN,"#Call for road assistance or a tow truck to fix the car or move it off the road.<br><br>#Book a taxi, rideshare service, or hire a car to get to the airport as soon as possible.<br><br>#Contact the airline to see if there is a possibility of rescheduling the flight due to the unexpected delay.<br><br>#Reach out to a friend or family member who can quickly come and drive him to the airport.<br><br>#Evaluate nearby public transportation options, such as buses or trains, if accessible and time-efficient to reach the airport.",4,2
R_3xQK3YDvAd4DOEN,"#Immediately inform the airport security personnel about the mistake, specifying that the knife is a professional tool.<br><br>#Offer to check the bag containing the knife to comply with airplane safety guidelines.<br><br>#Inquire whether there is an option to mail the knife to himself or to his place of work in Chicago.<br><br>#Look for an information desk or airport official to get advice on the best way to handle the situation.<br><br>#Consider buying a lockable case at the airport, if available, to securely store the knife in line with travel restrictions.",4,7
R_3xQK3YDvAd4DOEN,"#Contact the taxi service, if he knows through which company he booked the ride, and explain the situation to see if the driver can return with the ring.<br><br>#Consider using a substitute ring, if there is one available at the ceremony, to keep the wedding going while working on retrieving the real one.<br><br>#Confess to a trusted person nearby about the situation and ask for their assistance in either providing a substitute ring or help to contact and retrieve the ring from the taxi.<br><br>#If he has the taxi driver's number, he can call the driver directly and ask him to bring back the ring.<br><br>#If possible, use a tracking app, such as FindMyiPhone or Google Find My Device, if he connected to the taxi's Wi-Fi, this could help find the taxi's current location.",4,8
R_19cNfbgg5OrCi7n,"#Research for possible generic versions of the prescribed medication that could be cheaper but equally effective.<br><br>#Contact the pharmaceutical company directly to inquire about patient assistance programs that may provide the medication for free or at a reduced cost.<br><br>#Consult with the treating physician about any alternative treatments or medications that could be more affordable but still effective.<br><br>#Crowdsource funds through platforms like GoFundMe, sharing the story on social media to garner support and donations.<br><br>#Reach out to local charities, non-profit organizations, or governmental assistance programs that may offer help in acquiring necessary medications for those facing financial hardship.",3,1
R_19cNfbgg5OrCi7n,#Follow the car at a safe distance to avoid any sudden and unpredictable moves from the suspected intoxicated driver.<br><br>#Contact local law enforcement by dialing non-emergency number or 911 to report the erratic driving behavior and provide them with the car's description and license plate number.<br><br>#Record the behavior if it is safe to do so. This can provide evidence to law enforcement officials.<br><br>#Avoid attempting to pass the car since the driver's actions are unpredictable and it could result in a collision.<br><br>#Warn other drivers if possible by flashing headlights or using the car horn. This could alert them to the potential danger on the road.,3,4
R_19cNfbgg5OrCi7n,"#Immediately notify the ceremony officiant or a nearby responsible party discreetly, explaining about the misplaced wedding ring.<br><br>#Try to recall the taxi number or company and contact them, explaining the situation and asking them to check the taxi seat.<br><br>#Check if there is an alternative ring available, such as a family heirloom or someone's own ring that can be used temporarily.<br><br>#Consider asking someone at the wedding venue if it’s possible to borrow a ring or if there’s a nearby store where a temporary replacement can be purchased.<br><br>#Inform the couple about the situation at an appropriate time. This might be immediately, in order to resolve the issue within the ceremony's time frame, or afterwards if it can't be quickly solved.",3,8
R_7xPqzNl1qJ5xEIC,"#Maintain a safe distance from the suspected intoxicated driver.<br><br>#Turn on vehicle's dashboard camera to record the erratic driving for evidence.<br><br>#Use a hands-free device to call the local non-emergency police number and report the situation.<br><br>#Try to take note of the vehicle's license plate number, type, and color without endangering himself.<br><br>#If possible, turn off from the road or take a different route home to avoid any possible accidents.",3,4
R_7xPqzNl1qJ5xEIC,"#Offer the woman a ride, considering it might be a sign of distress and she could be in need of help.<br><br>#Politely decline her request if he identifies any signs of potential danger or doesn’t feel comfortable with the situation.<br><br>#Share the information with the workers at the gas station who might be able to assist her in a more secure manner.<br><br>#Suggest the woman use a taxi or rideshare service if it's available in that area.<br><br>#Offer to call law enforcement or a local social service agency who might be able to provide her with safe transportation.",3,5
R_7xPqzNl1qJ5xEIC,"#Immediately call the local authorities or animal control to report the situation.<br><br>#Take note of the car’s make, model, color, and license plate number to provide to the authorities.<br><br>#Stay by the car while waiting for the authorities, reassuring the dog that help is on the way.<br><br>#Try to alert mall security or any nearby staff about the situation.<br><br>#If necessary and advised by the authorities, consider breaking the car window to get the dog out, but only as a last resort.",3,6
R_6Ub6mWHe0Ec2kU1,"#Call a tow truck to take his broken down car to a nearby service station.<br><br>#Use a ride-sharing app like Uber or Lyft to get a ride to the airport as soon as possible.<br><br>#In case he waits for a mechanic, Josh should inform the airline about his situation and see if they can reschedule his flight.<br><br>#Contact a friend or family member who could possibly give him a quick ride to the airport.<br><br>#Ask for help from passing drivers or from local authorities to reach the airport in time.",3,2
R_6Ub6mWHe0Ec2kU1,"#Identify the make and model of the car and try to find the owner by asking around in the mall or contacting mall security.<br><br>#Call local animal control or the non-emergency police number to report a dog left in a hot car.<br><br>#Stay with the dog to monitor its condition while waiting for help to arrive.<br><br>#If the dog appears to be in immediate danger and help isn't arriving quick enough, consider safely breaking a window farthest from the dog to provide ventilation.<br><br>#After the situation is handled, educate others about the dangers of leaving pets in cars during hot weather.",3,6
R_6Ub6mWHe0Ec2kU1,"#Contact a coworker who might be able to fill in for him until the boss arrives.<br><br>#Leave a detailed note for the boss about the current status of the store, the tasks he completed, and any outstanding issues.<br><br>#Secure the store by locking it up temporarily and informing any customers about the temporary closure.<br><br>#Notify the police or security company about his situation and ask them for advice or assistance.<br><br>#Request a nearby business owner or acquaintance to look after the store until his boss or coworker arrives.",3,9
R_1CIxBcS6977dG7H,#Call for roadside assistance or a tow truck to help with his broken down vehicle so it does not remain a traffic hazard.<br><br>#Use a ride hailing app like Uber or Lyft to arrange for a quick pick-up to continue his journey to the airport.<br><br>#Consider contacting any nearby friends or family who might be able to give him a ride to the airport to avoid missing his flight.<br><br>#Inform the airline about his situation and seek advice on whether they can accommodate him on a later flight without any extra charges in case he misses his original flight.<br><br>#Take advantage of any airport shuttle services that might have stops near his location for a direct ride to the airport.,3,2
R_1CIxBcS6977dG7H,"#Slow down and maintain a safe distance from the suspected impaired driver to avoid a potential accident.<br><br>#Call local law enforcement or a non-emergency police number to report the erratic driver, providing a description of the vehicle and its location.<br><br>#Film or record the driver's behavior, if it is safe to do so, to provide evidence to the police.<br><br>#Try to obtain the car's license plate number to give to the police. Ensure this is done without risking safety.<br><br>#Consider taking an alternative route to avoid interaction with the potential dangerous driver.",3,4
R_1CIxBcS6977dG7H,"#Take a picture of the car, noting its make, model, and license plate.<br><br>#Call the local animal control or the police to report a dog left in a hot car.<br><br>#Stay by the vehicle to monitor the dog's condition while waiting for help to arrive.<br><br>#Look for any nearby mall security or shops that can make an announcement to find the car's owner.<br><br>#Once the authorities arrive, provide them with as much information as possible, including the photo and details of the car seen earlier.",3,6
R_6eJmL4gP3l9LMhC,"#Darya could immediately check online if the concert allows digital tickets and, if possible, help Ted buy a replacement e-ticket.<br><br>#If the concert venue offers a will call or ticket pick up service, Ted could try getting a replacement ticket from there.<br><br>#Darya or one of the other friends could offer to share their copy of the ticket, if the event allows entry for one person per ticket copy rather than per unique ticket.<br><br>#Darya and her friends could quickly call or text other friends attending the concert to see if they have an extra ticket.<br><br>#Darya and her friends could find a spot nearby to wait and enjoy the concert from outside, ensuring Ted does not miss out completely.",3,3
R_6eJmL4gP3l9LMhC,"#Maintain a safe distance from the suspected intoxicated driver to avoid any potential accidents.<br><br>#Take note of the car's make, model, color, and if possible, the license plate number.<br><br>#Call the local non-emergency police number to report the suspected drunk driver, giving them the details about the car and the observed behavior.<br><br>#If possible and safe, pull over to the side of the road to allow the erratic driver to get further ahead.<br><br>#Look for alternative routes home to avoid sharing the road with the potentially dangerous driver.",3,4
R_6eJmL4gP3l9LMhC,"#Assess the woman's situation to determine why she needs a ride and evaluate her safety.<br><br>#Consider if he has enough gas to accommodate the extra mileage and get back home.<br><br>#Ask the woman if she can contribute to the additional gas costs.<br><br>#Contemplate if the city is really on the way to his home and determine if the time spent could interfere with his plans.<br><br>#Consider calling a taxi or ride-share service for the woman if he feels unable to assist her himself.
",3,5
R_7OKaBzCLXKHtUum,"#Assess whether he has enough gas and time to take the woman to the nearby city and then return home.<br><br>#Politely decline if he doesn't have the resources (fuel, time) to help the woman.<br><br>#Offer to call a cab or an Uber for the woman if he's uncomfortable giving her a ride.<br><br>#Ask her more details about why she needs the ride and where specifically she wants to go in the city.<br><br>#Give her a ride to the city if he feels comfortable doing so and his resources allow him to.",4,5
R_7OKaBzCLXKHtUum,"#Inform the airport security personnel about the forgotten utensil and see if there is a resolution given the professional purpose of the knife.<br><br>#Contact the airline's customer service, inform them about the situation and ask whether the knife can be shipped to the destination separately.<br><br>#Reach out to his colleagues who are already at the food festival in Chicago, and inquire if there are extra professional-grade knives he could use for the event.<br><br>#Check if there is a post office nearby where he could mail the knife to himself at his destination.<br><br>#Consider going back home and leaving the knife, then return to the airport, given he has enough time for his flight.",4,7
R_7OKaBzCLXKHtUum,"#Quietly inform the wedding officiant about the situation during a discreet moment such as when a hymn is being sung.<br><br>#Contact the taxi company as soon as possible to report about the forgotten ring, providing them with exact details about the ride.<br><br>#Ask the bride and groom's permission to use a substitute ring from a family member or friend until the original ring can be retrieved.<br><br>#Apologize sincerely to the bride and groom for the oversight and assure them you will rectify the situation promptly.<br><br>#Enlist another guest to help liaise with the taxi company or locate the missing ring, reducing disruption to the ceremony.",4,8
R_6rNEQK6iB6iegCo,"#Call an emergency roadside service for immediate car repair or towing.<br><br>#Use a ride-sharing service like Uber or Lyft to quickly get to the airport.<br><br>#Contact the airline to inform them about the situation and potentially delay the flight.<br><br>#Ask a friend or family member nearby to pick him up and drop him off at the airport.<br><br>#Use public transportation, if available and times align with the flight schedule.",3,2
R_6rNEQK6iB6iegCo,"#Offer Ted her cellphone to access his electronic ticket via email or an app, in case he has one.<br><br>#Suggest Ted to check with the box office if they can reprint his ticket or provide a duplicate.<br><br>#Ask her friends if anyone has an extra ticket available or if they know someone selling one outside the venue.<br><br>#Recommend Ted to purchase a new ticket at the box office or online if they are still available.<br><br>#Propose to wait with Ted outside until intermission and then ask a departing attendee if they could pass on their ticket.",3,3
R_6rNEQK6iB6iegCo,"#Reach out to any colleagues who might be available to cover the shift until the boss arrives.<br><br>#Leave a detailed note explaining the situation for the boss, making sure to mention that this was an unavoidable and important appointment.<br><br>#Close the convenience store temporarily, with proper signage explaining the situation and an estimated reopening time.<br><br>#Call the boss again and leave a voice message emphasizing the urgency of the situation.<br><br>#Contact a nearby branch or the corporate office, if available, and explain the situation so they can make arrangements for the store's operation.",3,9
R_6Q3PxgSRCeRwVFL,"#Call a tow company to remove the car from the highway.<br><br>#Make use of roadside assistance, if he has such a service, allowing professionals to handle his car issue.<br><br>#Take out his phone and use a ride-hailing app such as Uber or Lyft to arrange for a ride to the airport.<br><br>#Contact the airline, inform them about his situation, and ask if it's possible to reschedule his flight.<br><br>#Reach out to a friend or family member who may be able to give him a quick ride to the airport.",4,2
R_6Q3PxgSRCeRwVFL,"#Keep a safe distance from the vehicle ahead to avoid any sudden or unpredictable movements from the suspected drunken driver.<br><br>#Try to capture the vehicle's license plate number and description without endangering his own safety.<br><br>#Call the local law enforcement non-emergency number to report the behavior and provide the details he has gathered.<br><br>#Alert other drivers on the road by flashing his lights or honking his horn, if it can be done without causing panic or confusion.<br><br>#Avoid attempting to overtake the vehicle on the potentially risky two-lane road.",4,4
R_6Q3PxgSRCeRwVFL,"#Contact another employee who might be available to cover the shift until the boss arrives.<br><br>#Inform customers in the store of the situation, asking for their understanding and patience.<br><br>#Leave a note for the boss explaining the situation and his absence, reassuring him that he tried to find cover before he had to leave.<br><br>#Lock up the store temporarily until the boss or another employee arrives, leaving a sign on the door explaining the situation.<br><br>#Determine the store's policies for such situations. If allowed, he could hire a temporary assistance from a staffing agency or ask a trusted friend to help.",4,9
R_5NqZO5iKPahHLhl,"#Maintain a safe distance from the suspected intoxicated driver to avoid any sudden, unpredictable movements from their vehicle.<br><br>#Note the license plate, make, and model of the car if it is safe to do so.<br><br>#Call local law enforcement or a non-emergency number to report the suspected drunk driver, providing as many details as possible.<br><br>#Attempt to pass the suspected intoxicated driver when there is a clear and safe opportunity to do so, ensuring to use signals and maintaining a safe speed.<br><br>#Pull over to the side of the road and allow the suspected intoxicated driver to continue on, thereby increasing your own safety.",3,4
R_5NqZO5iKPahHLhl,"#Quickly assess the situation to decide immediate actions such as looking for the car owner or alerting mall security.<br><br>#Try to find any information about the car owner in the surroundings. This might involve asking passers-by or alerting mall announcements.<br><br>#Contact local authorities or animal control as leaving a dog in a hot car is considered animal cruelty in most jurisdictions.<br><br>#Stay near the car to monitor the dog's situation while waiting for relevant authorities to reach the scene.<br><br>#If the situation seems critical, consider breaking the car window to rescue the dog, but only if it is legal and safe to do so in the jurisdiction.",3,6
R_5NqZO5iKPahHLhl,"#Immediately inform airport security about his mistake, explaining that he is a professional chef and needs the knife for work purposes.<br><br>#Ask airport security if it's possible to check in his hand-carry bag that contains the knife, despite already being at the security line.<br><br>#Contact his colleagues in Chicago to update them about the situation and discuss the possibility of borrowing a knife for the food festival.<br><br>#See if there is a postage service available at the airport where he can mail the knife to his destination or home address.<br><br>#Consider leaving the knife with airport security, and purchasing a replacement knife upon arrival in Chicago.",3,7
R_7SAgfBeEhk5rEU9,"#Inquire more about the woman's situation to understand why she needs a ride.<br><br>#Evaluate personal safety and the validity of the woman's story before making a decision.<br><br>#Calculate how much extra fuel is needed for the additional distance and whether he can afford it.<br><br>#Contact local authorities or a local transport service to help the woman if he feels uncomfortable giving her a ride.<br><br>#Consider accompanying her to a local bus station, taxi stand, or another type of public transportation if he decides not to give her a ride directly.",3,5
R_7SAgfBeEhk5rEU9,"#Immediately dial the local animal control or non-emergency police services number and provide them with the car's location and license plate number.<br><br>#Scan the area to see if the car owner is nearby. If they are, inform them about the dangers of leaving pets in a hot car.<br><br>#Stay near the car to monitor the situation until help arrives, ensuring not to scare or agitate the dog further.<br><br>#Solicit help from other passerby or shoppers, spread awareness about the situation.<br><br>#If the conditions worsen and the dog's life seems in immediate danger, carefully consider taking action such as breaking the car window farthest away from the dog. Consult with authorities first if possible.",3,6
R_7SAgfBeEhk5rEU9,"#Calmly inform the bride and groom about the situation without causing widespread panic.<br><br>#Instruct someone from the wedding party to call the taxi company right away and explain the situation, hoping they can locate the taxi.<br><br>#Consider asking someone who is not immediately involved in the ceremony, like a family member or close friend, to go to the location where the taxi was last used to possibly retrieve the ring.<br><br>#Temporarily use a different ring for the ceremony if one can be found, ensuring the ceremony can proceed as planned.<br><br>#Apologize to the bride, groom and all involved parties for the mistake and ensure them that every effort is being made to resolve the issue.",3,8
R_5dKiAF4KryM6a8X,"#Keep a safe distance from the erratic driver to avoid an accident.<br><br>#Call local law enforcement or a non-emergency number to report the potentially intoxicated driver, giving details about the car, its behavior, and its current location.<br><br>#Attempt to pass the car if it is safe and legal, making sure to use signals and checking blind spots.<br><br>#Take note of the car's license plate, make, and model to assist law enforcement.<br><br>#Use a dash-cam to document the driver's erratic behavior, if available, without endangering himself or others around him on the road.",4,4
R_5dKiAF4KryM6a8X,"#Note the car's make, model, color, and license plate number.<br><br>#Contact local animal control or non-emergency police department immediately to report a dog left in a hot car.<br><br>#Stay nearby the vehicle till help arrives, keeping an eye on the dog's condition.<br><br>#Notify mall security about the situation, they also might be able to provide aid.<br><br>#Try to establish contact with the owner by having the car's license plate announced over the mall's public address system.",4,6
R_5dKiAF4KryM6a8X,"#Contact a fellow coworker to ask if they can cover for him until his boss arrives.<br><br>#Leave a detailed note for his boss explaining why he had to leave and the current status of the store.<br><br>#Contact the police or a legal adviser to inquire about the possible consequences of not attending the court appointment.<br><br>#Secure all cash and important items in a safe place, ensuring the security of the store before he leaves.<br><br>#Reach out to his boss or relevant authority via email, with evidence of his court appointment, to ensure a documented evidence of his situation.",4,9
R_3pS7TTP1KI276A8,#Consider setting up a crowdfunding campaign online to raise funds for the medication.<br><br>#Explore the possibility of negotiating with the hospital or pharmacy for a payment plan or reduced cost.<br><br>#Reach out to charities or organizations that provide financial assistance to individuals in need of expensive medication.<br><br>#Research alternative medications or treatments that may be less costly but equally effective.<br><br>#Consult with their insurance company to talk about a potential exception or adjustment to their coverage that could include the medication.,4,1
R_3pS7TTP1KI276A8,"#Maintain a safe distance from the suspected intoxicated driver to avoid any unpredictable movements.<br><br>#Attempt to capture the license plate number of the driver, without compromising own safety.<br><br>#Pull over safely and contact local law enforcement with the details about the vehicle and the driving behavior witnessed.<br><br>#Continue following the vehicle at a safe distance until law enforcement is able to get to the scene.<br><br>#Avoid attempting to engage or confront the suspected intoxicated driver.",4,4
R_3pS7TTP1KI276A8,"#Immediately inform the security personnel about the unintentional inclusion of the knife in his carry-on bag.<br><br>#Consider shipping the knife to his destination if the airport provides such services.<br><br>#Ask the airport's lost and found or storage if he can leave the knife there and pick it up after returning from Chicago.<br><br>#Request the security personnel or airport staff if they can help with storing the knife securely until his return.<br><br>#If there's enough time, exit the security line and call a trustworthy friend or a taxi service to take the knife home.",4,7
R_1BOQCPO97nAFqUh,"#Research alternative insurance options that may cover the expense of the medication.<br><br>#Explore patient assistance programs or nonprofit organizations that help individuals who cannot afford their medications.<br><br>#Consult with the doctor or pharmacist about possible generic or cheaper versions of the medication, or different treatments that might be less costly.<br><br>#Start a fundraiser campaign, using platforms like GoFundMe, to raise financial support for his wife's medical expenses.<br><br>#Contact the medication's manufacturer to inquire about direct discounts or rebate programs that could lower the cost.",3,1
R_1BOQCPO97nAFqUh,"#Calmly explain the situation to the wedding officiant, and ask for a brief pause.<br><br>#Contact the taxi company immediately, providing details about the car and driver if possible, to try and locate the ring.<br><br>#Ask a trusted friend or family member to help address the issue, perhaps by contacting the taxi office while you explain the delay.<br><br>#Consider a temporary replacement for the ring - a close relative may have a suitable ring that could be used for the ceremony.<br><br>#When the ring is eventually retrieved, either before or after the ceremony, make a sincere and public apology to the bride, groom and guests.",3,8
R_1BOQCPO97nAFqUh,"#Call a fellow employee who might be able to cover the shift until the boss arrives.<br><br>#Leave a detailed note for the boss at the store describing the situation and emphasizing the importance of the court appointment.<br><br>#Secure the store (if that's an option) and leave for his court appointment, informing the boss voicemail or a text message.<br><br>#Contact the boss's emergency contact (if known) to inform them of the situation and ask for help with the issue.<br><br>#Inform the local police department of his situation and ask if he is legally allowed to leave the store unattended in this emergency situation.",3,9
R_1eqcFrAmkqAdeyz,"#Reach out to the pharmaceutical company that manufactures the medication, and ask if they have a patient assistance program that could provide the medication for free or at a reduced cost.<br><br>#Contact local and national charities that assist with medical expenses to see if they can help cover the cost of the medication.<br><br>#Consider starting a crowdfunding campaign on a platform like GoFundMe to raise money from friends, family, and the wider community for the medication.<br><br>#Consult with the doctor about possible alternative treatments or medications that might be more affordable and still effective.<br><br>#Explore the possibility of applying for a personal loan or enlisting the help of a financial advisor to navigate the situation.",4,1
R_1eqcFrAmkqAdeyz,"#Maintain a safe distance from the potentially intoxicated driver to avoid an accident.<br><br>#Record the vehicle's license plate number and any other distinguishing features.<br><br>#Call the local police or highway patrol and report the erratic driving, giving them the details of the vehicle and its location.<br><br>#If there's a safe opportunity and it's allowed in your area, carefully overtake the vehicle to avoid a potential accident.<br><br>#Be alert and prepared for unpredictable movements from the possibly intoxicated driver.",4,4
R_1eqcFrAmkqAdeyz,"#Take note of the car's make, model, color, and license plate number.<br><br>#Immediately call the local animal control or police department to report the situation.<br><br>#Stay by the car to monitor the dog's condition while waiting for help to arrive.<br><br>#Alert mall security about the situation, providing them with the details of the car and the state of the dog.<br><br>#If possible, gather witnesses around the car to support the urgency of the situation and increase the chance of swift authorities' action.",4,6
R_5VmZNnnkXoACbXQ,#Suggest Ted to use a digital version of his ticket if he has it on his email or on the concert's website/app.<br><br>#Ask the staff at the entrance if they can reprint Ted's ticket provided he has some identification or booking confirmation.<br><br>#See if another friend or family member who is at Ted's house could photograph the ticket and send it so it can be shown at the entrance.<br><br>#Consider asking others going into the concert if they have a spare ticket that Ted could buy.<br><br>#Inquire if the venue has a will-call option where Ted might retrieve his ticket by providing his booking details and identification.,3,3
R_5VmZNnnkXoACbXQ,"#Immediately call the local police or animal control to report a pet left in a hot car.<br><br>#Take note of the car's make, model, color, and license plate number to provide to the authorities.<br><br>#Stay nearby the vehicle to monitor the dog's condition and provide updates to the authorities.<br><br>#If possible, locate the car owner within the mall through broadcasting a message over the mall's PA system.<br><br>#In case the situation becomes severe before authorities arrive, be prepared to break a window (preferably the one farthest from the dog) to provide air, but only as a last resort after consulting with authorities.",3,6
R_5VmZNnnkXoACbXQ,"#Immediately communicate to the officiant or wedding coordinator about the missing ring in a discreet manner.<br><br>#Request a temporary hold on the ceremony, citing a minor obstacle without specifying the missing ring.<br><br>#Quickly reach out to the taxi service and request them to check if they have found the ring.<br><br>#Ask if there's a replacement ring or something symbolic that can be used temporarily until the original ring is retrieved.<br><br>#Consider confessing to his sister in a calm, contrite manner, ensuring her that measures are being taken to retrieve the ring.",3,8
R_7Ij0GAPw4qre1zj,"#Immediately call local animal control, providing them with as much detail as possible about the situation and the vehicle.<br><br>#Attempt to track down the vehicle owner by noting the location and type of vehicle, and alerting mall security or management.<br><br>#Stay near the vehicle to monitor the dog's condition and ensure it doesn't worsen.<br><br>#Take photos of the situation, including the car's number plate, as evidence if needed for later.<br><br>#Contact local police if animal control isn't able to arrive promptly or if the dog's condition becomes critical.",4,6
R_7Ij0GAPw4qre1zj,"#Discreetly inform the closest family member or wedding planner of the situation.<br><br>#Call the taxi company immediately to report the lost item and provide them with the exact details.<br><br>#If the taxi cab can't return quickly, consider purchasing a temporary replacement ring from a nearby store; this will allow the ceremony to proceed without delay.<br><br>#Apologize to his sister and the groom and assure them that every effort is being made to retrieve or replace the ring.<br><br>#After the ceremony, if the original ring was retrieved, replace the temporary ring with the original one and explain the situation to the couple.",4,8
R_7Ij0GAPw4qre1zj,"#Jeff could leave a note explaining the situation for the boss, lock up the shop, and attend his court appointment.<br><br>#He could reach out to any other employees who might be able to cover the store on short notice.<br><br>#Try calling his boss again, possibly from a different phone number or using a public phone to ensure he gets through.<br><br>#Jeff might decide to wait a bit longer in case his boss arrives late, then rush to his court appointment.<br><br>#Contact the police or a local authority to inform the situation if he needs to leave but cannot securely close the shop.",4,9
R_14w04Qhc7egToqa,"#Darya could call the ticket office or customer service of the event to explain the situation and see if there's any alternative solution, such as reissuing the ticket or providing a proof of purchase.<br><br>#Darya could suggest Ted to use a ride sharing service or taxi to get home and back quickly.<br><br>#They could ask if any of the employees working at the concert can provide assistance or suggest a solution.<br><br>#Darya and friends could offer to wait with Ted and watch the concert late so that he doesn't have to go in alone.<br><br>#Ted could try to access a digital version of his ticket, from his email or the concert website/app, which he can show at the entrance.",4,3
R_14w04Qhc7egToqa,"#Immediately notify the airport security personnel about the situation, explaining that it was an unintended mistake.<br><br>#Ask security if there's a possibility to store the knife in a safe place until his return.<br><br>#Inquire if there is a shipping service at the airport to send the knife back to his home or restaurant.<br><br>#Try to contact any colleagues or friends who might not yet have left for the airport and whom he could possibly hand over the knife.<br><br>#Consider the possibility of leaving the knife at the airport's lost and found, to retrieve it upon his return.",4,7
R_14w04Qhc7egToqa,"#Stay calm and not draw attention to the situation during the ceremony.<br><br>#Quietly inform the best man, maid of honor, or closest family member about the situation to ask for help.<br><br>#Quickly contact the taxi company to check whether the ring is still in the cab and arrange for its return if possible.<br><br>#Prepare an alternative ring or object that can temporarily replace the missing ring for the ceremony.<br><br>#Apologize to the bride and explain the situation after the ceremony is over to arrange for a way to return the original ring.",4,8
R_7uQq9IlFDf6Cifn,#Call a taxi or use a ride-share app to get to the airport quickly.<br><br>#Contact road assistance for help with the broken car.<br><br>#Alert the airlines about his situation to see if there is any leeway or a later flight he can catch instead.<br><br>#Check with the nearby public transportation options that could possibly lead to the airport.<br><br>#Look for luggage-friendly hotels nearby where he can stay and catch a flight the next day.,4,2
R_7uQq9IlFDf6Cifn,"#Maintain a safe distance from the suspected intoxicated driver to avoid any potential accidents.<br><br>#If possible, safely change lanes or take a different route to avoid driving behind the potentially dangerous vehicle.<br><br>#Note the color, make, model, and license plate of the vehicle for identification purposes.<br><br>#Without risking his own safety, Eamon can try to record the driver’s erratic behavior as evidence.<br><br>#Call the local authorities, providing them with the observed details of the situation, including the specific location and direction the driver is heading.",4,4
R_7uQq9IlFDf6Cifn,#Immediately notify the Transportation Security Administration (TSA) officials about the situation before his bag is scanned.<br><br>#Ask the TSA if it is possible to mail the knife to his destination instead of carrying it on the plane.<br><br>#Look for a nearby courier service in the airport to send the knife to the destination.<br><br>#Check if the airport has storage facilities where he could leave his knife and retrieve it upon his return.<br><br>#Contact colleagues who are already at the festival to discuss hiring or buying a replacement knife in case the original cannot be transported.,4,7
R_7ExVHzHLu0QK0Kq,"#Create a safe distance between his vehicle and the one ahead to avoid any immediate danger.<br><br>#Call the local law enforcement or highway patrol to report the suspected intoxicated driver, providing the vehicle description and location.<br><br>#Record the vehicle's license plate number, but only if he can do it safely without causing a distraction or a danger to himself or other road-users.<br><br>#Require passengers to put on their seat belts if they haven't already to ensure their safety.<br><br>#Slow down to let the suspected intoxicated driver pull ahead, decreasing the likelihood of a collision.",4,4
R_7ExVHzHLu0QK0Kq,"#Consider the woman's situation and assess whether it is safe, comfortable, and practical to give her a ride.<br><br>#Ask the woman more about her circumstances and destination to further evaluate the situation.<br><br>#Evaluate the fuel in the car and calculate if there is enough gas to drive the additional distance.<br><br>#Check the time and his personal schedule to ensure that he will not be inconvenienced by the extra journey.<br><br>#Politely decline if he doesn't feel comfortable with the situation, assuring the woman that it's not personal but due to safety concerns.",4,5
R_7ExVHzHLu0QK0Kq,"#Immediately notify the mall's security personnel about the situation, providing specific details about the location and description of the car.<br><br>#Call the local animal services or the non-emergency police number to report a dog left in a hot car.<br><br>#Try to locate the car owner by taking note of the car's license plate number and asking the mall's customer service or security to make an announcement.<br><br>#Stay nearby the car to monitor the dog's condition until help arrives.<br><br>#Avoid trying to break the car window herself to prevent potential legal repercussions or physical harm.",4,6
R_5ifVW90UZ8hJBeu,"#Call the local non-emergency police number to report a pet left in a hot car. Provide them with the exact location, car model, color, and license plate number.<br><br>#Check the nearby shops or announced in the mall to try to find the car owner and inform them about the urgent situation.<br><br>#Stay with the dog to monitor its condition while waiting for help to arrive.<br><br>#If there are bystanders, ask them for help. They might know who owns the car or they can assist in dealing with the situation.<br><br>#Once the authorities arrive, provide a comprehensive account of the incident to assist them, including the time you noticed the dog in the car and changes in its condition.",4,6
R_5ifVW90UZ8hJBeu,"#Immediately inform the airport security about the presence of the knife in his bag to prevent any misunderstandings.<br><br>#Ask the airport security if there is a way to ship the knife to his destination rather than carry it on the plane.<br><br>#Inquire about any available options to store the knife at the airport until he returns from his trip.<br><br>#If allowed, make a quick return trip home to leave the knife if he has enough time before his flight.<br><br>#Consider purchasing a chef's knife upon arrival at his destination to avoid future security issues.",4,7
R_5ifVW90UZ8hJBeu,"#Quietly inform the marriage officiant of the situation and ask for a temporary pause.<br><br>#Confide in his sister about the situation if possible, letting her decide how to proceed.<br><br>#Call the taxi service immediately and explain the situation, asking them to check in the vehicle for the ring.<br><br>#Quickly arrange for a temporary replacement ring to be used in the ceremony.<br><br>#After the ceremony, take responsibility for retrieving the original ring, and replace the temporary one if found.",4,8
R_5mCrPI1n879Sjpb,"#Call a tow truck to move his broken car from the intersection and take it to a nearby garage for repair.<br><br>#Call a taxi or use a ride-sharing service like Uber or Lyft to continue his journey to the airport.<br><br>#Contact the airline to inform them of his situation and see if the flight can be delayed or if he can be put on a later flight.<br><br>#Seek assistance from nearby drivers or pedestrians, they might be able to help with a quick fix if the car problem is minor.<br><br>#Consider renting a car from a nearby car rental if available and continue his journey to the airport.",3,2
R_5mCrPI1n879Sjpb,"#Suggest to Ted to check with the venue's box office to see if they can reissue a ticket.<br><br>#Advise Ted to contact the concert promoter or ticketing company for assistance, they may be able to verify his purchase and provide a digital ticket.<br><br>#Propose that one friend waits at the entrance while the rest enjoy the concert, then meet Ted when he returns with his ticket.<br><br>#Ask around if anyone nearby has an extra ticket to sell or give away.<br><br>#Recommend Ted to watch the concert from a nearby place if possible, such as a nearby bar or restaurant that may have a view of the stage.",3,3
R_5mCrPI1n879Sjpb,"#Firstly, Erica should take note of the vehicle's make, model, color, and license plate number.<br><br>#Next, she could attempt to locate the owner of the car and the dog by asking around or getting help from the shopping mall's management.<br><br>#She can also call the non-emergency number for local law enforcement or animal control to report that a dog has been left in a hot car.<br><br>#If the dog's condition gets worse, Erica could take more immediate action like breaking into the car if the law in her area permits it.<br><br>#Capture evidence such as photos or videos of the dog and the vehicle to support possible animal cruelty charges.",3,6
R_51cvTJol5sTFASz,"#Immediately call local animal control or the non-emergency number for the police department to report a pet left in a hot car.<br><br>#Record the car's make, model, color, and license plate number to assist the authorities in identifying the owner.<br><br>#Stay near the car without leaving until authorities arrive to ensure the dog's condition does not deteriorate.<br><br>#If the authorities take too long to arrive and the dog's condition worsens, consider taking action such as breaking the car window when state/local laws permit this for life-saving reasons.<br><br>#After the incident, raise awareness about the danger of leaving pets in hot cars by sharing the story on social media or local community organizations.",4,6
R_51cvTJol5sTFASz,"#Politely explain the situation to the security personnel and request assistance in resolving the issue without losing the knife.<br><br>#Check if the airport provides a mailing service, or if there is a nearby shipping store, where he might send the knife to his final destination.<br><br>#Ask a trusted friend or family member who lives nearby to come and retrieve the knife.<br><br>#Check with lost and found or airport storage facilities where he could potentially leave the knife and pick it up after his trip.<br><br>#Consider if there's time to exit the security line and check the knife in with his checked luggage, if he has any and if it's not yet loaded onto the plane.",4,7
R_51cvTJol5sTFASz,"#Quietly inform the bride or groom about the situation immediately.<br><br>#Quickly contact the taxi company or driver, if possible, to check if the ring is still in the vehicle.<br><br>#Ask a close family member or friend present at the wedding if they have a ring that can be used temporarily for the ceremony.<br><br>#Seek the help of the wedding venue staff to try to find a suitable replacement for the ring.<br><br>#Apologize sincerely to the bride and groom for the situation and offer to cover the cost if the ring needs to be replaced.",4,8
R_5mw6UsFDDtmlkje,"#Research about alternative medicines or treatments that may be more affordable but still effective.<br><br>#Consult with the doctor or pharmacist about possible discounts, payment plans, or generic versions of the medication.<br><br>#Reach out to non-profit organizations or charities that assist individuals facing significant medical expenses and difficulties in affording their medication.<br><br>#Consider setting up a crowdfunding campaign to seek help from family, friends, and public to raise money for the medication.<br><br>#Investigate their insurance company's appeal process to argue for coverage of the medication, potentially with the support of her doctor providing a letter or other evidence of its necessity.",4,1
R_5mw6UsFDDtmlkje,"#Immediately inform the security personnel about the knife, explaining that he is a chef and it was unintentional.<br><br>#Ask security if there is a way to mail the knife to his destination, as it has professional significance.<br><br>#Inquire with the airport authorities if there's a locker or safe place where he could store the knife until he returns.<br><br>#Request the security to hold onto the knife in a secure location so someone else could pick it up later.<br><br>#Check if he can quickly exit the line and arrange for the knife to be shipped from a nearby post office or delivery service to his destination in Chicago.",4,7
R_5mw6UsFDDtmlkje,"#Calmly signal for the officiant to pause the ceremony.<br><br>#Quietly communicate the issue to the bride and groom, suggesting they use a stand-in ring if one is available.<br><br>#Try to remember the taxi number or company name, then contact them immediately to see if the ring is still in the vehicle.<br><br>#In case the taxi company isn't responsive or can't find the ring, Daniel should consider asking someone at the wedding to go back to where the taxi was hailed, to see if they can locate the same taxi or the driver.<br><br>#Apologize to his sister and propose to personally replace or pay for a new ring if it cannot be recovered.",4,8
R_5RlvEBEmixKcmiv,"#Flag down a passing motorist and ask for assistance or a lift to the airport.<br><br>#Call a towing service to take his car to a nearby garage while he catches a taxi or ride-share service to the airport.<br><br>#Use a roadside assistance mobile app to request immediate help with his broken car.<br><br>#Contact family, friends, or a colleague who could potentially drive him to the airport.<br><br>#Use public transportation or a shuttle bus service, if available, to get to the airport.",3,2
R_5RlvEBEmixKcmiv,"#Darya could check if there are any alternative options to enter, such as presenting a digital copy of the ticket at the entrance.<br><br>#Darya could investigate if there’s an option to purchase another ticket at the venue.<br><br>#Call someone who can access Ted’s home and has the ability to send a digital copy of the ticket.<br><br>#Darya could consider asking the concert managers or security staff if they can help in some way, such as allowing Ted to enter now and providing proof of the ticket later.<br><br>#If there are vendors around, consider buying a spare ticket from one of them, ensuring it's not counterfeit.",3,3
R_5RlvEBEmixKcmiv,"#Instantly signal the best man or a wedding coordinator, using unobtrusive hand gestures or eye contact, to inform them of the situation.<br><br>#Slip out discreetly if possible and call the taxi company to ask if they can return the ring, providing information about the vehicle and driver if available.<br><br>#Ask a family member or friend in attendance who is not critical to the ceremony to go and retrieve the ring if the taxi is nearby and there's a chance they could make it back in time.<br><br>#Improvise by borrowing a wedding planner's ring or any spare one if they have any to continue the ceremony, while attempts to get the original continue.<br><br>#Confess to his sister quietly during a less critical moment in the ceremony, and ask her how she would like to proceed, if none of the other options are viable.",3,8
R_5rPv3M2zqUq2JHL,#Research if there are any assistance programs through the pharmaceutical company that produces the medication.<br><br>#Apply for financial aid from charitable organizations or non-profits that assist individuals with medical costs.<br><br>#Start a fundraising campaign on a crowdfunding site to raise money for the medication.<br><br>#Contact friends and relatives to ask for their financial assistance in this difficult time.<br><br>#Consider negotiating the charges with the hospital or consulting with a medical billing advocate who might be able to help reduce the costs.,4,1
R_5rPv3M2zqUq2JHL,"#Suggest to Ted to show an e-ticket, if it is available, as most venues accept digital versions of tickets.<br><br>#Ask if any of the group members have a spare ticket that Ted could use.<br><br>#Check with the box office if they can reissue the ticket under Ted's name if proof of purchase can be provided.<br><br>#Offer to lend Ted money to buy another ticket, if possible and available.<br><br>#Propose the group to wait until the intermission for Ted to go and collect the ticket.",4,3
R_5rPv3M2zqUq2JHL,#Consult with a security officer about the situation and remember to follow any directives given.<br><br>#Look for any airport post office or shipping center where the knife can be safely shipped to his destination.<br><br>#Securely store the knife in a checked suitcase if he has one and there's enough time to check it in.<br><br>#Reach out to a trusted friend or family member who might be able to pick up the knife at the airport.<br><br>#Think about asking the airport Lost & Found or other storage option if he can leave the knife there and retrieve it once he comes back.,4,7
R_5G3AeuTn7EfdVbI,"#Research and apply for financial aid programs or health charities that assist with the cost of medications.<br><br>#Contact the medication's manufacturer or pharmaceutical company. They often have patient assistance programs providing medications at reduced costs or for free.<br><br>#Consult with the treating physician to explore alternative medications or treatments that could be effective and are covered by the insurance.<br><br>#Inquire about the possibility of purchasing a generic version of the prescribed medication, which tends to be less expensive.<br><br>#Initiate a fundraising campaign within their community or online, such as GoFundMe, to help raise the necessary funds.",4,1
R_5G3AeuTn7EfdVbI,"#Ted could call his housemates or family members to check if they can find the ticket and send its digital copy or picture.<br><br>#Darya and the rest of the friends could try to convince the gatekeepers to let Ted in by showing their own tickets and vouching for him.<br><br>#Ted could use an app or website to buy a new ticket digitally and show the e-ticket at the entrance.<br><br>#They could contact the concert ticket seller's customer service to report the issue and seek a resolution.<br><br>#Darya and the friends could wait outside for the concert to start, usually latecomers are allowed into concerts without strict ticket checks, although it's less reliable.",4,3
R_5G3AeuTn7EfdVbI,"#Maintain a safe distance from the suspected vehicle, and monitor its movements. Avoid tailgating to prevent any possible collisions.<br><br>#Contact local authorities immediately, providing them with the location and direction of the suspected intoxicated driver as well as any other relevant information like car model, color, and license plate number.<br><br>#Warn other drivers, if possible and safe to do so, by flashing your high-beam lights or honking your horn in a pattern.<br><br>#Exit the road or take an alternate route if possible, to distance yourself from the potential danger and reduce risk.<br><br>#Keep your car's dashboard camera, if available, recording in case any incident does occur, which can be used as evidence.",4,4
R_6dA6wMK0DjMeiNW,"#Contact the concert's customer service or assistance line to inquire about possible solutions for forgotten tickets.<br><br>#Look for digital alternatives. Perhaps Ted's ticket can be found in his email or on an app associated with the venue.<br><br>#Ask the ticket booth at the venue if they can reprint the ticket, having Ted present his ID and payment confirmation.<br><br>#Consider buying a new ticket at the venue if available and affordable.<br><br>#Ted remains at a nearby location, enjoying the ambience while the others attend the concert, but catching up after the show is over.",4,3
R_6dA6wMK0DjMeiNW,"#Maintain a safe distance from the car in question to avoid any potential accidents.<br><br>#Signal or honk at the driver to alert him of his erratic driving.<br><br>#Pull over to the side of the road, and once it's safe, continue driving.<br><br>#Call the local authorities and provide details of the driver's behavior and car description.<br><br>#Stay alert and prepared to take evasive action if the car continues to swerve unpredictably.",4,4
R_6dA6wMK0DjMeiNW,"#Contact any other employees who could potentially cover the shift until the boss arrives, stating the urgency of the situation.<br><br>#Leave a detailed note for the boss explaining the situation and apologizing for any inconvenience, while also making sure all duties are done for a proper shift change.<br><br>#Call the boss again, leaving a voicemail if necessary, to inform him about the situation and the importance of the court appointment.<br><br>#Inform the customers in the store about the situation and apologize for any inconvenience upon leaving.<br><br>#Reach out to the court to inform them about the potential delay if none of the above actions are successful.",4,9
R_5sRTfDQceEwbhoB,#Research different payment assistance programs that can help with the cost of the medication.<br><br>#Contact the pharmaceutical company that produces the medication to inquire about patient assistance programs or discounts.<br><br>#Consult with the treating doctor regarding possible alternatives that are less expensive but equally effective.<br><br>#Set up a fundraiser or crowdfunding campaign to help cover the cost of the medication.<br><br>#Contact local charities or non-profit organizations that provide medical aid or financial assistance to individuals in need.,3,1
R_5sRTfDQceEwbhoB,"#Politely decline the woman's request, explaining his inconvenience due to the extra travel distance.<br><br>#Agree to the woman's request and drive her to the nearby city, considering it a good deed.<br><br>#Offer to drop the woman off at a public transit station where she can catch a bus or train to her destination.<br><br>#Suggest the woman hail a taxi or use a ride-sharing app like Uber for her journey.<br><br>#Recommend the woman to ask the gas station attendant or any other individuals present at the station for help as he may not be able to assist.",3,5
R_5sRTfDQceEwbhoB,"#Contact a co-worker, specifically someone who might be available, and explain the situation, potentially asking them to take over until the boss arrives.<br><br>#Reach out to the owner's assistant or another key contact who might be able to locate the boss.<br><br>#Leave a detailed note for the boss explaining the situation and the measures taken, as well as the time of departure.<br><br>#Prioritize the court appointment; lock up the store, ensuring it’s secure, then head to the appointment.<br><br>#Inform a neighboring store or business about the urgent situation so they can keep an eye out for any problems until the boss or a coworker arrives.",3,9
R_1PsPUuPcckPaW0h,"#Contact a roadside assistance service to get his car fixed or towed.<br><br>#Order a ride service like Uber or Lyft to take him to the airport.<br><br>#Call a friend or family member who could pick him up and drive him to the airport.<br><br>#Find a nearby public transportation route like a bus or train that could get him to the airport.<br><br>#Reach out to the airline to notify them of the situation and see if they can accommodate him on a later flight, if he fails to reach on time.",4,2
R_1PsPUuPcckPaW0h,"#Darya could suggest that Ted check if he has an electronic version of his ticket in his email or on a ticket-selling platform, which can be presented at the entrance.<br><br>#She could propose making a quick call to the concert organizers explaining the situation to see if they have a record of Ted's purchase and could provide a replacement ticket.<br><br>#Darya could propose splitting a fast round trip taxi fare with her friends to Ted's house to retrieve the ticket, so that he does not miss too much of the concert.<br><br>#She could suggest sending another friend who lives nearby to pick up the ticket from Ted's house.<br><br>#If the concert venue sells tickets, Darya could suggest that Ted buy another ticket at the entrance.",4,3
R_1PsPUuPcckPaW0h,"#Assess the woman's situation and reasoning before offering help to decide if it is safe or feasible.<br><br>#Politely decline the woman's request, explaining he was not planning to go that far.<br><br>#Offer to take the woman as far as his own destination, minimizing his detour but still assisting her.<br><br>#Agree to take the woman to the nearby city, considering his fuel level and time constraints to ensure it won't disrupt his own plans.<br><br>#Suggest alternative options to the woman, such as advising her to try a taxi service or a ride-sharing app.",4,5
R_5HOz55C60Uc8j80,"#Call a taxi, an Uber, or any other ride-hailing service immediately to continue his journey to the airport.<br><br>#Contact the airport and inform them about his situation, asking if there's a possibility to delay the flight or get on the next one.<br><br>#Call a towing service or roadside assistance to get his car moved to a safe place and prevent traffic problems.<br><br>#Find out if public transportation, like a bus or metro, are available and start moving towards the nearest station.<br><br>#Ask a friend or family member nearby to quickly pick him up and take him to the airport.",4,2
R_5HOz55C60Uc8j80,"#Immediately call the local animal control or the non-emergency police number to report the situation.<br><br>#Stay near the vehicle until help arrives to monitor the dog's condition.<br><br>#Ask mall security or make an announcement in the mall to find the owner of the vehicle and let them know about the situation.<br><br>#Take down the car's make, model, color, and license plate number to give an accurate description to the authorities.<br><br>#If the dog's condition deteriorates dramatically before help arrives, consider whether it might be justified to break the window, while being aware of any legal ramification this might hold.",4,6
R_5HOz55C60Uc8j80,"#Call a reliable coworker to cover the shift until the boss arrives, explaining the urgency of the situation.<br><br>#Leave a detailed note for the boss about the cash register status and stock condition, so they can take over seamlessly when they arrive.<br><br>#Lock up the store if feasible and legal, placing a note on the door explaining the temporary closure.<br><br>#Contact a nearby friend or relative who may be able to help manage the store until the boss gets there.<br><br>#Inform local regular customers, if any are around, that the store might not be open for a while due to an emergency.",4,9
R_7OqXkKYzlsjkL46,"#Research alternative insurance plans that might cover the cost of the prescription and consider switching insurances.<br><br>#Approach the pharmacy or the drug manufacturing company to check if there are any patient assistance programs available.<br><br>#Contact local charities, foundations or government programs that may provide financial aid to individuals in need of expensive medications.<br><br>#Consider setting up a crowdfunding campaign to raise funds to cover the medication costs.<br><br>#Explore generic or less costly alternatives of the medication. Consult with a healthcare provider to ensure the alternative is safe and effective.",4,1
R_7OqXkKYzlsjkL46,#Ask the box office if there is any way to verify Ted's purchase and reissue his ticket.<br><br>#See if Ted can pull up his ticket confirmation on his phone and present a digital copy instead of a physical one.<br><br>#Check if the concert tickets have been sent through email and can be printed out at a nearby internet café or at the concert venue.<br><br>#Consider having one member of the group wait outside for Ted as he returns home to retrieve his ticket.<br><br>#Explore nearby entertainment options that Ted could enjoy while the rest of the group attends the concert.,4,3
R_7OqXkKYzlsjkL46,"#Immediately inform someone nearby, preferably a family member or a wedding organizer, about the situation.<br><br>#Try to recollect any details about the taxi, like the company name or number, which might help in retrieving the ring.<br><br>#Reach out to the taxi company explaining the urgency of the situation, and request them to search for the ring.<br><br>#Ask a trusted person at the wedding to be ready to dash out and receive the ring from the taxi driver or go and collect it.<br><br>#If necessary, have a backup ring available for the ceremony while attempts to retrieve the original one continue in order not to interrupt the wedding.",4,8
R_1Py1Y1UUqvsIWvD,"#Maintain a safe distance from the vehicle to avoid any potential crashes caused by the driver's erratic behavior.<br><br>#Memorize or take a picture (if it is safe to do so) of the vehicle's make, model, and license plate number.<br><br>#Pull over to a safe area if the driving becomes extremely erratic or dangerous, and let the vehicle pass.<br><br>#Call the local non-emergency police line or use a designated hotline to report suspected drunk driving, providing details on the vehicle and the driver's behavior.<br><br>#Follow the directions given by the police or emergency operator, continuing to observe the vehicle's movements without engaging or confronting the driver directly.",3,4
R_1Py1Y1UUqvsIWvD,"#Quickly take the knife out of the bag and hand it over to the security personnel, explaining the situation and apologizing for the oversight.<br><br>#Ask a friend or family member living nearby to come and collect the knife from the airport.<br><br>#Inquire if the airport has a service where they can hold prohibited items for a certain period. He could then collect it on his return.<br><br>#Consider mailing the knife to his destination or home if a post office or courier service is accessible nearby.<br><br>#Find out if there are any stores at the airport where he could safely store the knife until he returns from the festival.",3,7
R_1Py1Y1UUqvsIWvD,"#Call a fellow coworker who might be able to cover for him until the boss arrives.<br><br>#Prepare a note detailing important events that occurred overnight and any pending tasks to leave for his boss.<br><br>#Secure the store as much as he can, making sure all money and valuable items are locked away safely.<br><br>#Alert nearby businesses or security personnel about his situation and that the store may be unattended for a while.<br><br>#Leave a voicemail or send a text message to the boss informing about the urgent situation and his necessary departure.",3,9
R_1B3yUYDk0ATzOrL,"#Maintain a safe distance from the potentially intoxicated driver to avoid any accidents.<br><br>#Take note of the car's make, model, color and license plate number if possible.<br><br>#Call the local non-emergency number or highway patrol to report a potentially intoxicated driver, providing the details noticed.<br><br>#If necessary and safe, pull over to the side of the road to make the call and let the suspected intoxicated driver get farther ahead.<br><br>#Look for an alternate route to home to avoid sharing the road with the potentially dangerous driver.",4,4
R_1B3yUYDk0ATzOrL,#Assess the situation and the woman's behavior to ensure personal safety before making a decision.<br><br>#Politely ask the woman additional questions to ascertain the urgency or necessity of her request.<br><br>#Offer to call a taxi or arrange for a rideshare service to help her reach her destination if he doesn't feel comfortable giving her a ride.<br><br>#Decide to drive the woman to the nearby city while ensuring fuel efficiency and car capacity.<br><br>#Ensure the car has enough fuel for the extra 10 miles and refill the vehicle if required.,4,5
R_1B3yUYDk0ATzOrL,"#Immediately contact mall security and provide them with the exact location and description of the vehicle.<br><br>#Call animal control or local non-emergency police number to report the situation.<br><br>#Remain near the vehicle to monitor the dog's condition while waiting for help.<br><br>#Try to find the owner of the car by asking around or by getting the mall to make an announcement.<br><br>#Take note of the car's make, model, color, and registration number to assist authorities in locating the owner.",4,6
R_1HZxyJlH62RJoLD,"#Explore the option of getting financial aid from non-profit organizations, such as health-focused charities or foundations, that support individuals who cannot afford their medical treatments.<br><br>#Proactively discuss with the treating physician to possibly prescribe a generic or less expensive alternative that is covered by insurance.<br><br>#Consider starting a fundraising campaign, like a GoFundMe, where friends, family, and people from around the world can donate towards the medication.<br><br>#Contact the pharmaceutical company directly that manufactures the medication; some companies have Patient Assistance Programs to offer drugs at a lower cost or even for free for individuals that can't afford them.<br><br>#Look into state and federal programs, such as Medicaid or the Medicine Assistance Tool (MAT), that might assist with the cost of expensive medications.",3,1
R_1HZxyJlH62RJoLD,"#Suggest Ted to contact the event organizers to see if they can reissue a ticket at the entrance.<br><br>#Offer to share a live video call with Ted from the concert while he returns home to get his ticket.<br><br>#Ask other friends if they have an extra ticket that Ted could use.<br><br>#If the concert venue is not too strict, consider sneaking Ted into the concert.<br><br>#Consider postponing entering the concert to wait for Ted to return with his ticket, if the group doesn't mind missing the beginning of the event.",3,3
R_1HZxyJlH62RJoLD,"#Eamon can maintain a safe distance from the suspected intoxicated driver to avoid any sudden mishaps.<br><br>#He can take note of the vehicle's license plate and car make or model.<br><br>#Eamon should contact local law enforcement and report the situation, providing them with the details he has noted.<br><br>#If possible and safe, Eamon could take a different route home to avoid being directly behind the possibly intoxicated driver.<br><br>#He can warn other drivers by flashing his lights or honking the horn, but he should do so while maintaining a safe driving behavior.",3,4
R_3kMKCcmFtmHg0Nx,"#Call the ticket agency or check their website for a digital copy of the tickets.<br><br>#Ask the concert organizers if they can check Ted in using his ID and confirmation number.<br><br>#Ted could take a cab home to grab his ticket while Darya and the other friends go ahead and get seats, then Darya or one of the other friends could meet him outside with his ticket.<br><br>#See if a friend who's already inside the venue could ask the concert organizers to let Ted in without his ticket.<br><br>#Try to find someone who's selling extra tickets near the concert venue to buy a replacement ticket.",4,3
R_3kMKCcmFtmHg0Nx,"#Maintain a safe distance from the suspected intoxicated driver to avoid any accident.<br><br>#Call local law enforcement or highway patrol and report the car providing as much detail as possible, such as its model, color, and registration number.<br><br>#Slow down and allow for other drivers to safely pass the erratic vehicle if possible.<br><br>#Try to signal to the driver, if it's safe to do so, in hopes of making them aware of their dangerous behavior.<br><br>#Pull over and stop your car at a safe place if the situation becomes highly dangerous or erratic to ensure your personal safety.",4,4
R_3kMKCcmFtmHg0Nx,"#Immediately call the local animal control or non-emergency police number to report a pet left in a hot car, providing them with the car's make, model, color, and license plate number.<br><br>#Locate mall security or a store manager to make an announcement for the owner of the car.<br><br>#Stay near the car within a safe distance so you can monitor the dog's condition until help arrives.<br><br>#Attract attention from other people around to make them aware of the situation and potentially have more people contact local authorities for help.<br><br>#If the situation reaches a dire state and animal control or police are not responding in a timely manner, consider calling an emergency service or breaking the window, though it's recommended to consult a lawyer first as this may have legal implications.",4,6
R_6JxfxE38BNrU4DW,"#Evaluate the woman's situation and ask for more details, such as why she needs help or if she has tried other transportation methods.<br><br>#Consider how much fuel his vehicle has and if it is enough to cover the extra distance to the city and then back home.<br><br>#Consider potential traffic and delays that might occur due to the extra drive to the farther city.<br><br>#Refuse politely and provide the woman information about public transportation or suggest a local cab service.<br><br>#Give the woman a ride, considering it's safe and feasible and he doesn't have urgent matters to attend back home.",4,5
R_6JxfxE38BNrU4DW,"#Immediately look for the owner of the car in the nearest shops or surrounding area.<br><br>#Call local animal control or the non-emergency number for the police department to report the situation.<br><br>#Attempt to provide shade for the dog if waiting for help to arrive.<br><br>#If possible, and if legal in your jurisdiction, cautiously break a window if the dog seems to be in immediate danger and authorities are not present.<br><br>#Document the car's make, model, color, and license plate number to give accurate information to authorities.",4,6
R_6JxfxE38BNrU4DW,"#Immediately alert someone nearby of the situation quietly so as not to disrupt the ceremony.<br><br>#Contact the taxi company, describe the situation, and ask whether they can check the cab for the ring.<br><br>#Ask the wedding coordinator or the person in charge if there's a backup ring or any other available alternative.<br><br>#Try to recall the taxi number or driver's name, and use this information to request a search for the lost ring.<br><br>#Apologize to the couple and explain the situation after the ceremony, once the immediate crisis is resolved, as the news may cause unnecessary stress during the ceremony.",4,8
R_1xDXbFF1trhx9sZ,"#Call a roadside assistance service to either fix the car or tow it to a repair shop.<br><br>#Hail a taxi, or use a ride-hailing app, to get a quick ride to the airport.<br><br>#Contact the airline to inform them about his situation and inquire if a later flight if available.<br><br>#Reach out to a friend or family member living nearby to ask for assistance with transportation.<br><br>#Identify any nearby public transportation options, such as a train or a bus, that could feasibly get him to the airport on time.",3,2
R_1xDXbFF1trhx9sZ,"#Immediately call the local non-emergency police or animal control and report the situation.<br><br>#Try to locate the owner of the car by asking around or using the mall's public announcement system.<br><br>#Stay by the car to monitor the dog's condition until help arrives.<br><br>#Take down the car's information including the make, model, and license plate number for the report.<br><br>#Use a phone to capture pictures or video evidence of the situation. This will be useful when reporting the incident.",3,6
R_5msgXIVRWsCr3kP,"#Agree to give the woman a ride, ensuring to adjust his schedule and fuel to accommodate the extra distance.<br><br>#Politely explain to the woman that he can't give her a ride, but offer to call a taxi or a rideshare service for her.<br><br>#Ask the woman for more details about her situation, to assess whether it's safe and appropriate to give her a lift.<br><br>#Offer to drive the woman to a nearby bus station or public transportation stop instead, if it's on his way.<br><br>#Contact local authorities or a social service agency, if the woman appears to be in distress or it's unsafe for her to travel alone.",4,5
R_5msgXIVRWsCr3kP,"#Immediately contact mall security or local authorities to report the situation and provide the car's details.<br><br>#Take note of the car's model, color, and license plate for the report.<br><br>#Look for any nearby people who might own the car, describe the situation and ask them to open the vehicle immediately.<br><br>#Stay near the vehicle to monitor the dog's condition while waiting for help to arrive.<br><br>#Try to provide shade or cooling by standing between the sun and the car window, if that does not directly expose you to danger.",4,6
R_5msgXIVRWsCr3kP,"#Call any other coworkers who might be able to cover until the boss arrives.<br><br>#Leave a detailed note for the boss explaining the situation and apologizing for the sudden leave.<br><br>#Briefly close the store, ensuring that the security cameras are on, and quickly go to the court appointment.<br><br>#Contact a trusted friend or family member to watch over the store for a short period of time while he is away.<br><br>#If possible, reschedule the court appointment for a later time when he is certain to be off work.",4,9
R_6GkRWflA61DNxC6,#Offer to lend Ted her phone so he can attempt a digital download of the ticket if possible.<br><br>#Suggest that they inquire at the box office if they would allow Ted's entry based on verification of his purchased ticket at home.<br><br>#Recommend contacting any friends that are home nearby to see if they could reach Ted's house and bring the ticket.<br><br>#Propose splitting a fast transport service such as an Uber with Ted to his house to retrieve the ticket as quickly as possible.<br><br>#Consider finding an alternative activity for the group that doesn't require the ticket such that no one misses out.,3,3
R_6GkRWflA61DNxC6,"#Identify the car’s model, color, and license plate number for potential identification purposes.<br><br>#Call the local non-emergency police or animal control for help, providing the specific vehicle's details.<br><br>#Look for the car owner by returning to the mall and notifying the management or security about the situation.<br><br>#Stay by the car to monitor the dog's condition while waiting for help to arrive.<br><br>#Inform other nearby bystanders about the situation so they can also watch the car and the dog in case you have to leave before assistance arrives.",3,6
R_6GkRWflA61DNxC6,"#Quietly inform the priest or officiator of the situation without causing a scene.<br><br>#Contact the taxi company immediately to report the lost item and provide as much information as possible for recovery.<br><br>#Ask a close family member or friend to discreetly borrow a substitute ring from one of the guests to use in the ceremony.<br><br>#Apologize to his sister and the groom, and assure them you will do everything possible to retrieve the ring.<br><br>#Investigate if anyone nearby has a similar ring, that could temporarily be used for the exchange of rings during the ceremony.",3,8
R_7QXminA7jAjo9qQ,#Call for a roadside assistance service to get the car fixed or towed.<br><br>#Get out of the car and try to hail a taxi or get a ride from a passing vehicle.<br><br>#Use a smartphone to book a ride from a ride-hailing service like Uber or Lyft.<br><br>#Contact the airline to inquire about the possibility of changing the flight due to unforeseen circumstances.<br><br>#Check nearby bus or train schedules using a travel app to see if there might be a faster public transit option.,3,2
R_7QXminA7jAjo9qQ,"#Decide to help the woman and offer her a ride to the nearby city.<br><br>#Politely decline her request, explaining that it's out of his way and that he has a long day of work tomorrow.<br><br>#Ask for more details about why she needs the ride or why she does not have any other transportation options.<br><br>#Offer to drive her to a bus station or taxi stand for safer transportation.<br><br>#Offer to call a friend, family, or a cab on her behalf.",3,5
R_7QXminA7jAjo9qQ,"#Immediately call the local animal control or a non-emergency police number to report the situation.<br><br>#Collect information about the car like its model, color, plate number, and other identifiable characteristics to help authorities locate the vehicle.<br><br>#Stay near the car to monitor the dog’s condition while waiting for help to arrive.<br><br>#If possible, take a picture or video of the situation for evidence if needed later.<br><br>#Try to find the car owner by notifying nearby stores or mall security to make announcements.",3,6
R_6PbZI9lKJxGIzuF,"#Call for roadside assistance to fix the car, or get a tow, if this can be done quickly.<br><br>#Use a ride-hailing service, like Uber or Lyft, to book an immediate ride to the airport.<br><br>#Call a taxi service to request an immediate pick-up and transport to the airport.<br><br>#Call a friend, family member, or colleague who might be available to drive him to the airport.<br><br>#Check for nearby public transportation routes such as a bus or subway that might quickly get him to the airport.",4,2
R_6PbZI9lKJxGIzuF,"#Suggest Ted to check if he has a digital copy of the ticket on his phone or email that he can show at the entrance.<br><br>#Call the ticketing office or customer service to see if they can reissue Ted's ticket at the box office.<br><br>#Ask the event managers at the entrance if they can allow Ted in with proof of purchase or ID.<br><br>#Consider buying a new ticket at the venue if there are any still available.<br><br>#Have one friend stay with Ted outside while the others enjoy the concert, so he does not have to miss the entirety alone.",4,3
R_6PbZI9lKJxGIzuF,"#Quickly remove the knife from the bag and leave the line immediately, finding a secure place to store it outside of the airport.<br><br>#Inform airport security about the mistake and ask for their advice on how to handle the situation. They may know the best way to mail the knife without breaking any laws.<br><br>#Reach out to a trusted friend or family member nearby who might be able to come and pick up the knife and store it securely until Carl returns.<br><br>#Look for a post office or courier service location within or near the airport to mail the knife safely back home.<br><br>#Look online for nearby storage facility where he could safely store his knife for the duration of his trip.",4,7
R_1q9FXHr3KLkEuRA,"#Call a tow truck service to remove the broken car from the road.<br><br>#Contact a taxi, Lyft, or Uber to quickly transport him to the airport.<br><br>#Reach out to a friend or family member nearby who could provide immediate transportation.<br><br>#Inform the airline about his situation to discuss possible options and see if there is a later flight he could take.<br><br>#Check nearby public transportation options like the subway or bus to the airport.",4,2
R_1q9FXHr3KLkEuRA,#Ted could try explaining the situation to the concert venue staff or management to see if they would allow him to enter without his ticket.<br><br>#Ted could check if the ticket was bought online and if a digital copy or proof of purchase can be used to enter.<br><br>#Darya and her friends could use social media to ask if someone has a spare ticket they could buy or borrow for Ted.<br><br>#They could find a nearby internet cafe or business center where they could make a quick copy of the ticket if Ted has a digital copy in his email.<br><br>#Darya and her group could call or text any friends or acquaintances who were also going to the concert to see if they could bring an extra ticket.,4,3
R_1q9FXHr3KLkEuRA,"#Politely decline the woman's request if Cameron does not feel comfortable doing so, citing the extra distance and any personal reasons.<br><br>#Agree to give the woman a ride if Cameron feels comfortable and safe, ensuring that he has enough fuel for the extra distance.<br><br>#Contact a local taxi service or advise the woman to use a ridesharing app, if he doesn’t want to drive her himself.<br><br>#Suggest public transportation options such as buses or trains that might be able to get the woman to the city.<br><br>#Offer to take the woman to a nearby safe location like a bus station or a well-lit area, if it's late and public transportation is not readily available.",4,5
R_6qaOwzTwWoiD4Tr,"#Call a car service or taxi to quickly transport him to the airport.<br><br>#Use a rideshare app, like Uber or Lyft, to get a ride to the airport.<br><br>#Contact roadside assistance service to fix the car or tow it to a shop.<br><br>#Try to hitch a ride with a fellow traveler heading in the same direction.<br><br>#Call the airline to inform them about the situation and to inquire about the possibility of rescheduling his flight.",3,2
R_6qaOwzTwWoiD4Tr,#Call the ticket company or check online to see if they can access a digital version of Ted's ticket.<br><br>#Find out if there's a will call or customer service booth at the venue. They might be able to confirm Ted's purchase and issue a replacement ticket.<br><br>#Reach out to any friends or family near Ted's house who might be able to retrieve the ticket and bring it to the venue.<br><br>#Consider explaining the situation to the venue staff to see if they would be willing to allow Ted entry without the physical ticket.<br><br>#Check if there are still tickets available for purchase at the venue entrance as a last resort if none of the other options work.,3,3
R_6qaOwzTwWoiD4Tr,"#Immediately call for help from local authorities or an animal welfare organization, providing them with the car's license plate number and the exact location.<br><br>#Wait by the car for the authorities to arrive, keeping a safe distance to avoid agitating the dog more.<br><br>#Capture any relevant evidence such as photos or videos of the situation to aid in any potential investigation.<br><br>#Alert mall security or management about the situation, they may be able to assist or make an announcement to locate the dog's owner.<br><br>#Locate and speak urgently to the car owner, if possible, to open the car and provide water to the dog. If they refuse or disregard the issue, report them to the appropriate agency.",3,6
R_6WJJzMEd267qHJv,"#Call a roadside assistance service to tow the car to a nearby garage or pick it up later.<br><br>#Order a taxi, Uber, or Lyft to get to the airport while the car is being handled.<br><br>#Contact the airline to inform them about the situation and request a possible flight delay or rebooking.<br><br>#Reach out to a friend or family member who might be able to pick him up and drive him to the airport.<br><br>#Identify nearby public transportation services, like a bus or subway, and consider using them to get to the airport.",4,2
R_6WJJzMEd267qHJv,"#Identify and approach airport security personnel to explain the situation before they discover the knife in his bag during inspection.<br><br>#Consider asking airport personnel if they provide a temporary storage service where he can leave his knife and retrieve it upon his return.<br><br>#Explore the possibility of mailing the knife from the airport to his destination, depending on the availability of parcel services at the airport.<br><br>#Contact his colleagues who are already in Chicago to see if they can arrange to have a similar knife available for him to use at the festival.<br><br>#Consider returning home to drop off the knife, depending on the time he has before his flight and the proximity of his home to the airport.",4,7
R_6WJJzMEd267qHJv,"#React calmly to prevent causing a scene or alarming others at the wedding.<br><br>#Quietly inform a close family member or the wedding planner of the situation so they can help find a resolution.<br><br>#Try to recall the taxi's license plate number, company name, or the driver's details to help track it down.<br><br>#Call the taxi company to inform them about the lost ring and ask if it's possible to locate the taxi or driver.<br><br>#If possible, use a backup ring for the ceremony while efforts to recover the original ring continue.",4,8
R_1QJF5lwIVMGt5JR,"#Immediately inform the nearest responsible adult or wedding coordinator about the situation discreetly without causing panic.<br><br>#Try to recall the taxi's number or the taxicab company's name and contact them requesting to locate the lost ring.<br><br>#Use a borrowed ring as a temporary replacement for the ceremony if it's possible, to keep the ceremony going.<br><br>#If the taxi can't be reached, consider asking someone present to quickly drive back to the place where the taxi was boarded.<br><br>#After the ceremony, purchase a replacement ring if the original cannot be located, ensuring that the replacement is as identical as possible to the original.",3,8
R_1QJF5lwIVMGt5JR,"#Call a trusted colleague who might be able to cover the shift for him.<br><br>#Leave a detailed note for his boss explaining the situation and his absence.<br><br>#Inform any regular customers who come in of the situation and ask them to relay the message if they see the boss.<br><br>#Call the non-emergency line of the local law enforcement or a security company to inform them that the store may be unattended for a period.<br><br>#Contact his lawyer or the court to inform them of the situation, provide any available proof of his boss's absence, and request a reschedule if possible.",3,9
R_5EAKepygSSRnUOZ,#Ask the event staff if there's an electronic record of Ted's ticket purchase that could serve as his entrance pass.<br><br>#Check if they could buy a last-minute ticket for Ted at the entrance.<br><br>#Call a taxi or use a ride-share app to get Ted back to his house and back to the venue as quickly as possible.<br><br>#Have Darya or one of the other friends stay outside with Ted while others go inside to enjoy the concert.<br><br>#Recommend Ted to contact customer service of the concert or the online ticket selling platform explaining the situation and asking for solutions.,3,3
R_5EAKepygSSRnUOZ,"#Consider the woman's request and evaluate if he has enough time and fuel to go the extra 10 miles.<br><br>#Ask the woman for more details about her situation to ensure that it's safe to give her a ride.<br><br>#Call a cab or an Uber for the woman if he doesn't feel comfortable giving her a ride.<br><br>#Recommend local public transit options for the woman to reach her destination if he is unable to help.<br><br>#Politely decline the request if he feels uncomfortable or unable to assist, citing his intended route and final destination as the reason.",3,5
R_5EAKepygSSRnUOZ,#Immediately remove the knife from the bag and inform the security personnel about the oversight.<br><br>#Ask the airport security if there's a way to ship the knife to his destination instead of carrying it on the plane.<br><br>#Inquire if the airport has storage facilities where he can safely store his knife until his return.<br><br>#Consider returning home quickly to leave the knife if there is enough time before his flight.<br><br>#Call a friend or family member who is near the airport to collect the knife if going home is not an option.,3,7
R_6vk1w0Mnt22ruO5,"#Keep a safe distance from the suspected intoxicating driver to avoid any possible sudden moves.<br><br>#Dial the local non-emergency police number or 911 to report the erratic driving, detailing the location, direction, car make and model, and color.<br><br>#Activate dashcam if available in the car to record the suspected intoxicated driver's behavior as evidence.<br><br>#Avoid attempting to overtake or get the driver's attention, as this may lead to unpredictable responses.<br><br>#Alert other drivers by honking the horn or flashing the car's lights, if it can be done safely.",3,4
R_6vk1w0Mnt22ruO5,"#Inform a security staff member about the situation, explaining that he accidentally packed the knife and is willing to surrender it.<br><br>#Try to find a mail facility or courier service inside the airport, in order to send his knife to his home or workplace.<br><br>#Search for an airport locked storage facility, if any, to keep the knife until he returns from Chicago.<br><br>#Ask a friend, family member, or nearby trusted person to take the knife and remove it from the airport.<br><br>#Go back home to leave the knife, considering the importance and cost of the knife, in case there is enough time for the trip back to the airport before his flight's departure.",3,7
R_6vk1w0Mnt22ruO5,"#Calmly inform the officiant and the bridal couple about the situation during an appropriate pause in the ceremony.<br><br>#Immediately call the taxi company to inform them about the lost ring, providing as much details as possible about the taxi and the location where he left it.<br><br>#Ask someone at the ceremony if they could go to the last known location of the taxi in an attempt to retrieve the ring.<br><br>#Find a close family member or friend who could lend ring for the ceremony to continue, explaining that the original one will be replaced later.<br><br>#Apologize to his sister and his brother-in-law for the unexpected circumstances and assure them that everything possible is being done to locate and retrieve the ring.",3,8
R_3yncUFnsqUeiG0p,"#Slow down to maintain a safe distance from the suspected intoxicated driver.<br><br>#Alert the local authorities with detailed information about the car and its behavior, including the license plate number if possible.<br><br>#Pull over to a safe place until the driver is further ahead or the authorities intervene.<br><br>#If possible, take an alternative route to avoid being on the same road as the suspected intoxicated driver.<br><br>#Try to alert other drivers around by honking the horn or flashing headlights to draw attention to the erratic behavior, but only as long as it is safe and will not increase the risk of an accident.",3,4
R_3yncUFnsqUeiG0p,"#Inform the security officer about the knife and explain the situation, hoping for their understanding.<br><br>#If possible, return to the ticket counter and ask to check his bag instead of carrying it on due to having professional tools inside.<br><br>#Ask a trusted friend in the airport area to pick up the knife and return it to him after the food festival.<br><br>#Find a shipping company within or near the airport, and mail the knife to his destination, but only if he has sufficient time before his flight.<br><br>#If there is a locker service available, securely store the knife in the locker and retrieve it after coming back from the food festival.",3,7
R_3yncUFnsqUeiG0p,"#Promptly inform the officiator or wedding coordinator of the missing ring, explaining the situation as calmly as possible to avoid panicking the couple.<br><br>#Contact the taxi company immediately to report the missing ring and provide all the necessary details, such as the taxi number, time of ride, and the exact location of the left ring.<br><br>#Ask a trusted friend or family member to swiftly go back to the spot where the taxi was taken, in case the taxi is still around or if the ring can be found.<br><br>#If the wedding has a spare or symbolic ring, request to use it for the ceremony while efforts are underway to retrieve the real ring.<br><br>#Apologize to his sister and the groom, reassure them that everything is being done to retrieve the ring, and if necessary, offer to cover any potential costs that may arise from replacing it.",3,8
R_38wwGlE6U0dFjbj,#Ask if a digital copy or confirmation code of the ticket was sent to his email which he can show at the entrance.<br><br>#Check if the tickets can be reissued at the box office with proper identification and confirmation of purchase.<br><br>#Inquire if there's a will-call or ticketing office at the venue where lost tickets can be replaced.<br><br>#Consider asking other attendees or scalpers around if they have any spare tickets to sell.<br><br>#See if Ted can wait at a nearby location while the rest attend the concert and someone brings him the ticket during an intermission or any break in the concert.,3,3
R_38wwGlE6U0dFjbj,"#Maintain a safe distance from the potentially intoxicated driver to avoid any unpredictable actions.<br><br>#Attempt to capture the car's license plate number without compromising his own safety.<br><br>#If Eamon feels it is safe and legal, he could overtake the car to avoid any possible collision.<br><br>#Call the local authorities and provide them with the car's description along with its erratic behavior.<br><br>#Avoid any form of confrontation or trying to stop the suspected drunken driver himself. It's best to let the professionals handle such a delicate situation.",3,4
R_38wwGlE6U0dFjbj,"#Immediately call the local non-emergency police or animal control, reporting the exact location of the car and providing its make, model, and license plate number.<br><br>#If the owner of the car can be located quickly, advise them of the danger their dog is in and request that they immediately return to their vehicle.<br><br>#Stay by the car to monitor the dog's condition while waiting for assistance to arrive.<br><br>#Ask any nearby shoppers or security guards for assistance, as they may be able to help locate the car's owner or provide further resources.<br><br>#Take note of your surroundings and identify any possible witnesses in case law enforcement needs statements about the situation or the dog's condition.",3,6
R_1Nsoe7ezwH4c05H,"#Research alternative funding methods such as crowdfunding platforms, where Heinz could raise the needed amount from well-wishers.<br><br>#Look for any health assistance programs offered by local or state government that could help cover the cost of the medication.<br><br>#Check if any charitable organizations or NGOs offer assistance for essential medical needs to people who cannot afford them.<br><br>#Consult the doctor or pharmacist regarding the possibility of finding a less-expensive generic version of the required medication.<br><br>#Reach out to the pharmaceutical company that makes the medication; some companies have programs to provide their drugs at a discounted price for patients who can't afford them.",3,1
R_1Nsoe7ezwH4c05H,"#Calmly communicate to the officiant of the ceremony about the missing ring discreetly without disrupting the ceremony.<br><br>#Use a temporary ring, like any other ring available at the moment or even a symbolic object, to complete the ceremony.<br><br>#Try to recall the taxi's details such as the car number, taxi company, or driver's appearance, which can be used to track the taxi.<br><br>#Contact the taxi service (if known) immediately and explain the situation, asking if the taxi that dropped him off can be contacted.<br><br>#Inform the bride and groom privately about the situation and suggest plausible solutions like using a family heirloom in place of the lost ring.",3,8
R_1Nsoe7ezwH4c05H,"#Call a coworker who might be available to cover the shift until the boss arrives.<br><br>#Leave a note for the boss explaining the situation and the urgency of the court appointment.<br><br>#Contact the store's central management, if there is one, to report the situation and ask for a temporary replacement.<br><br>#Arrange for a friend or family member to come to the store and keep an eye on things until the boss arrives.<br><br>#Inform a regular customer about the situation who might be able to help in some way or can keep an eye out until the boss arrives.",3,9
R_5C9B45MNYrLOfo5,"#Call the ticket provider or check the ticket provider's app to see if Ted's ticket can be reissued electronically, and sent to his phone.<br><br>#Check with the concert venue's box office to see if they have a record of Ted's ticket purchase and can issue a replacement.<br><br>#Ask a group member to stay with Ted outside the venue while the others go inside, so as not to miss the show.<br><br>#Check if someone near the venue is selling extra tickets, ensuring to verify their authenticity.<br><br>#Use social media to ask if anyone in the vicinity has a spare ticket they are willing to sell.",4,3
R_5C9B45MNYrLOfo5,"#Assess the woman's condition and behavior before making a decision. Confirm whether she poses a potential threat.<br><br>#Inquire more about the woman's circumstances - why she needs to go to the nearby city and why she doesn't have any other mode of transportation.<br><br>#Consider the extra distance in terms of fuel and time. Determine whether he has enough time and gas to take the detour and still fulfil obligations at home.<br><br>#Contact someone - family, friend, or spouse - and inform them about the situation for safety reasons. Should he decide to assist the woman, somebody else should know.<br><br>#If conceivable, suggest alternative ways she could reach her destination (e.g. calling a taxi or using a ride-hailing service) instead of personally taking her there.",4,5
R_5C9B45MNYrLOfo5,"#Immediately inform the bride or the wedding officiant about the situation.<br><br>#Remember the details of the taxi, such as the company name or license plate, and call the taxi company to report the lost item.<br><br>#If possible, ask another person present at the event to quickly go out and try to find the same taxi.<br><br>#Propose using a substitute ring for the ceremony, such as borrowing a ring from a family member.<br><br>#If the taxi cannot be located quickly enough, apologize sincerely and take responsibility for the mistake.",4,8
R_3LneE8eRBHnaDhm,"#Call a nearby emergency car repair service and request immediate help.<br><br>#Use a ride-share app like Uber or Lyft to arrange an immediate pickup and transportation to the airport.<br><br>#Call a friend or family member who might be able to quickly pick him up and drive him to the airport.<br><br>#Contact the airline, explain the situation, and inquire about the possibility of rescheduling the flight.<br><br>#Find the details for the nearest public transportation option, such as a bus or train, that could quickly get him to the airport.",3,2
R_3LneE8eRBHnaDhm,"#Decide to help, calculate the gas for extra miles, and drive the woman to the nearby city.<br><br>#Create a safe boundary by calling a taxi or ride-sharing service for the woman instead of taking her personally.<br><br>#Consider the woman's safety and guide her to the gas station's inside, where there might be trained personnel who could help.<br><br>#Politely decline her request explaining that you are not comfortable providing a ride to strangers.<br><br>#Ask her more details about her situation, offering to call a friend or family member to pick her up.",3,5
R_3LneE8eRBHnaDhm,"#Immediately inform the airport security personnel about the accidental carrying of the knife.<br><br>#Cooperate fully with the security procedures, understanding that the safety concerns are paramount.<br><br>#If possible, ask the airport staff if there is any way the knife could be shipped separately to your destination.<br><br>#Reach out to colleagues attending the food festival, informing them about the situation and asking if there are any available alternative knives that could be used.<br><br>#Consider purchasing a similar knife at the destination if there are no other options.",3,7
R_7IoVnw0ArQ3mBxU,"#Suggest Ted to check if there's a digital copy of the ticket in his email that can be shown at the entrance.<br><br>#Contact the box office and explain the situation, they may be able to reissue a ticket for Ted.<br><br>#Ask if any other friend has a spare ticket that Ted could use.<br><br>#Darya could offer to wait with Ted while he tries to find a solution to not leave him alone.<br><br>#As a last resort, consider purchasing a new ticket, if available and affordable, so Ted doesn't miss the concert.",3,3
R_7IoVnw0ArQ3mBxU,"#Immediately inform airport security about the unintentional presence of the knife in his bag.<br><br>#Explain his profession as a chef, reassuring the officials it's a tool for his work and not intended for harm.<br><br>#Offer to arrange for the knife to be shipped to his destination, instead of carrying it on the plane.<br><br>#Request the airport security to hold the knife until his return if shipping it is not possible.<br><br>#Apologize for the oversight and assure security that such an incident will not occur again.",3,7
R_7IoVnw0ArQ3mBxU,"#Calmly and quietly inform the wedding official about the missing ring issue during a non-crucial moment of the ceremony.<br><br>#Call the taxi company immediately, providing all necessary details to help them locate the specific taxi and check for the ring.<br><br>#Ask a trusted friend or family member present at the wedding to go back to the spot where the taxi was hired to possibly intercept it.<br><br>#Discuss with the couple about using a substitute ring for the ceremony while the original is being retrieved.<br><br>#After the wedding, apologize to the couple for the inconvenience and make it a point to personally retrieve the original ring.",3,8
R_5l9KmcOm7FvYqoC,"#Research and apply for assistance programs that help with the cost of prescription medications.<br><br>#Contact the pharmaceutical company that manufactures the medication to inquire about any patient assistance programs.<br><br>#Discuss the situation with the treating physician, who may be able to recommend less expensive alternative treatments or therapies.<br><br>#Start a crowdfunding campaign to raise money for the needed medication, sharing the situation with friends, family, and on social media.<br><br>#Consult with a financial adviser to explore possible ways to budget or finance the cost of the medication.",3,1
R_5l9KmcOm7FvYqoC,"#Assess the woman's situation and ask about the reasons she needs a ride. Evaluate if it's a genuine request or a potential safety risk.<br><br>#Offer to call a taxi or an Uber for her if he does not feel comfortable giving a ride to a stranger.<br><br>#Decide to give her a ride but ask her to contribute to gas charges if he is not troubled with the extra mileage.<br><br>#Explain that he can't help with a ride, but suggest she ask the gas station for assistance - they might be able to help arrange transportation.<br><br>#If he feels comfortable, agree to help her, emphasizing that this is a one-off situation and it's only due to the city being on his way home.",3,5
R_5l9KmcOm7FvYqoC,"#Immediately call the local animal control or police department to report the situation, providing the car's location, make, model, and plate number.<br><br>#Take a photo of the scene to provide evidence if needed later, ensuring to get the car's license plate in the frame.<br><br>#Stay near the car to monitor the dog's condition while waiting for the authorities to arrive.<br><br>#Ask any nearby individuals if they know the owner of the car or if they have seen the owner.<br><br>#When the authorities arrive, provide a detailed account of how long you've noticed the animal in the car and its apparent condition.",3,6
R_1d1sQwl1ukvRluN,"#Call the customer service of the concert venue or ticket provider to ask about their policy for forgotten tickets, and if they can provide a digital ticket.<br><br>#Ask nearby attendees or staff if tickets can be purchased at the door, to avoid the need for Ted to return home.<br><br>#Suggest Ted to ask his housemates or family members to take a picture of his ticket and send it digitally, in case the venue accepts digital tickets.<br><br>#Delay entering the concert temporarily and look for possible solutions online such as reprinting the ticket at the venue or getting it digitally.<br><br>#Consider sharing one of the group member's ticket, if they are general admission tickets. One person could enter first and then pass the ticket back to Ted outside so he can use it to get in.",4,3
R_1d1sQwl1ukvRluN,"#Call the local police or highway patrol to report the suspected drunk driver, providing as many details as possible, such as the car's make, model, color, and license plate number, and the driver's behavior.<br><br>#Maintain a safe distance from the suspected drunk driver to avoid a collision in case they make a sudden or erratic move.<br><br>#Avoid attempting to pass the suspected drunk driver, as this could create a more dangerous situation.<br><br>#Use his vehicle’s high beams and/or horn in an attempt to alert the driver of their erratic driving.<br><br>#Attempt to capture a video or photographic evidence of the erratic driving if it can be done without compromising his own safety or violating local laws.",4,4
R_1d1sQwl1ukvRluN,"#Immediately call local animal control or non-emergency police, providing them with the details of the situation.<br><br>#Inform mall security of the situation while waiting for the authorities, to ensure the situation is monitored and handled appropriately.<br><br>#Take down the car's make, model, and license plate number, in case this information is required by law enforcement.<br><br>#Gather as much evidence as possible by taking photos or videos of the trapped dog.<br><br>#Engage passersby for support and help in locating the car owner.",4,6
R_3ewVtTkXFpJCoL4,"#Research for financial aid programs or charities that can help with the cost of the medication.<br><br>#Inquire with the hospital or healthcare provider about the possibility of a payment plan, which might make the medication more affordable.<br><br>#Seek consultations with different pharmacies, as the cost of medications can sometimes differ substantially.<br><br>#Contact the pharmaceutical company directly. Many of them have assistance programs for patients who cannot afford their medications.<br><br>#Consider starting a fundraising campaign through social media or crowdfunding sites to raise money for the medication.",4,1
R_3ewVtTkXFpJCoL4,"#Call for road assistance or a towing service to fix the car or take it to a garage.<br><br>#Use a taxi service, ride-sharing application, or public transportation to reach the airport.<br><br>#Contact the airline to inform them about his situation and explore options for rescheduling or getting on a later flight.<br><br>#Ask a friend or family member who lives nearby to drive him to the airport.<br><br>#Flag down a passing motorist and request their help or ask for a ride to the nearest airport shuttle station.",4,2
R_3ewVtTkXFpJCoL4,#Politely tell the woman that he can't help this time as he needs to conserve his fuel and it's beyond his way.<br><br>#Accept her request and drop her at the city if he is comfortable with the situation and after considering any potential security risks.<br><br>#Offer to call a taxi or ride-sharing service for the woman if he doesn't feel comfortable driving her.<br><br>#Suggest she ask the gas station attendees or other customers for help.<br><br>#Inquire more details about her situation to ascertain her genuine need and assess his own level of comfort with helping.,4,5
R_5rjj57HJEHCX3af,"#Immediately notify a security officer about the situation, mentioning that it was unintentional and he is a professional chef.<br><br>#Share the importance and monetary value of the knife with the security officers, so they understand why he has it.<br><br>#Ask the security officers if there is any way to ship the knife to his destination, as many airports offer courier services.<br><br>#Consider calling a trusted person who can pick up the knife from the airport if no resolution can be found with security or shipping services.<br><br>#If none of the above options are possible, prepare mentally to leave the knife behind and make arrangements to procure another one upon arrival in Chicago.",3,7
R_5rjj57HJEHCX3af,"#Try to discreetly signal to one of the wedding planners or coordinators about the problem and ask for assistance.<br><br>#Discreetly communicate the situation to the closest family member or friend who can help find a temporary solution.<br><br>#Remember the taxi cab number or company, make a quick call to the taxi service to check if they found the ring and could return it immediately.<br><br>#Try to subtly ask for a pause in the ceremony citing a minor issue without mentioning the missing ring directly.<br><br>#Consider using a stand-in ring for the ceremony, ensuring to replace it with the real one as soon as it is retrieved.",3,8
R_5rjj57HJEHCX3af,"#Call a colleague who might be able to come in early and replace him at the store.<br><br>#Leave a detailed note for his boss explaining why he had to leave and the current status of the store.<br><br>#Inform the customers who are currently in the store about his situation and the likelihood of delayed service.<br><br>#Secure the store as much as possible before leaving, ensuring that all cash, merchandise, and valuable items are locked away.<br><br>#Contact the local police to notify them about the situation, in case any incidents occur at the store while it is unattended.",3,9
R_7tbwp0vCp8f1zQt,"#Consider her situation and if she seems genuinely in need, decide if assisting her would present too much of an inconvenience or not.<br><br>#Offer to take the woman part of the way, to a point that doesn't inconvenience his own travel plans.<br><br>#Politely decline her request, offering a reason such as limited fuel or that he has urgent matters to attend to at home.<br><br>#Propose alternative solutions for her, such as contacting a taxi company or using a rideshare service.<br><br>#Contact local law enforcement or social services if he feels the woman is in distress and requires professional help.",4,5
R_7tbwp0vCp8f1zQt,"#Immediately call the local authorities (like animal control or non-emergency police), describe the situation, and provide them with the details, such as the make and color of the car and its license plate number.<br><br>#Stay near the car at a safe distance to monitor the dog's condition while waiting for help to arrive.<br><br>#Alert the mall's security personnel about the situation in case they can make an announcement to find the car's owner.<br><br>#Try to determine the amount of time the dog has been left alone in the car by looking around for a driver or from the condition of the dog.<br><br>#Take pictures or record a video of the dog and the vehicle for evidence in case they are required later.",4,6
R_7tbwp0vCp8f1zQt,"#Immediately inform his sister or the officiant about the situation in a way that doesn't disturb the existing ceremony.<br><br>#Contact the taxi company immediately, providing a description of the car and the driver, to try and retrieve the ring.<br><br>#Ask a trusted friend or family member at the wedding to help deal with the situation, such as going to the last known location to find the taxi.<br><br>#Think quickly and see if there is another ring or piece of jewelry available that can temporarily substitute for the original wedding ring.<br><br>#If all other actions fail, apologize sincerely to his sister and the groom and reassure them that he will take full responsibility for replacing the lost ring.",4,8
R_5zg7IGY3jwIXg8V,#Contact a road assistance service to have the car moved out of traffic and potentially get it repaired.<br><br>#Call a taxi or book a ride through a ride-sharing app to continue the journey to the airport.<br><br>#Arrange for a friend or family member to pick him up and drive him to the airport.<br><br>#Try to solicit help from passersby or other motorists to push the car to a safe location and then find an alternate transport to the airport.<br><br>#Contact the airline to inform them of the situation and explore options for postponing or rescheduling the flight.,3,2
R_5zg7IGY3jwIXg8V,"#Reach out to the airport's lost and found service to store the knife temporarily until he returns from the trip.<br><br>#Ask a trusted friend or family member who lives nearby to come and collect the knife from the airport.<br><br>#Inquire about any mail services at the airport where he could potentially send the knife to his home address.<br><br>#Contact his colleagues at the food festival and confirm if they have extra knives he could use, before deciding to abandon the knife at the airport security.<br><br>#If the knife is permissible in checked-in luggage, Carl could consider buying a small, cheap suitcase to check the knife in.",3,7
R_5zg7IGY3jwIXg8V,"#Call a colleague who might be able to cover for him until the boss arrives.<br><br>#Leave a note explaining the situation for his boss at a noticeable place.<br><br>#Secure the shop, lock up, and leave the keys in a pre-agreed secure location.<br><br>#Contact local security or law enforcement to inform them about the situation and ask for guidance.<br><br>#Reach out to the boss' emergency contact if one exists, to check if they are aware of any situation preventing the boss from getting to the store.",3,9
R_390lu0Gj35K6IXD,"#Maintain a safe distance from the suspected intoxicated driver to avoid a potential accident.<br><br>#Attempt to capture the vehicle's license plate number if it's safe to do so.<br><br>#Call local law enforcement, giving them a description of the car and its erratic behavior, along with its current location.<br><br>#If possible and safe, pull over to the side of the road to let the erratic driver get farther away. <br><br>#Turn on hazard lights or flash headlights to warn other drivers about the potential danger on the road.",4,4
R_390lu0Gj35K6IXD,#Consider the fuel level of his car and whether it can accommodate an extra 20 miles round-trip.<br><br>#Ask for more information about why the woman needs a ride to assess the situation better.<br><br>#Evaluate personal safety and whether giving a ride to a stranger poses any risks.<br><br>#Consult his schedule to ensure that the additional drive will not interfere with any planned activities.<br><br>#Check with the woman if she can contribute to the extra fuel cost for the additional mileage.,4,5
R_390lu0Gj35K6IXD,"#Immediately call the local animal control or police department, providing them with the accurate description of the car and its plate number.<br><br>#Inform the mall management about the situation to make necessary announcements, potentially reaching the dog's owner.<br><br>#Take photos or videos of the situation as evidence, ensuring to capture the car make, model and registration number as well as the state of the dog. <br><br>#Stay near the car, at a safe distance, to monitor the dog's condition while waiting for help to arrive.<br><br>#Gather any nearby mall-goers to attract attention to the situation in order to help get quicker assistance or possibly identify the car's owner.",4,6
R_1kjI7iAWjtWuBtD,"#Call a roadside assistance service to help with the car breakdown.<br><br>#Contact a taxi or ride-sharing service like Uber or Lyft to ensure he gets to the airport on time.<br><br>#Notify the airline about the situation to see if there are any options for late boarding or rebooking.<br><br>#Ask a friend or family member who lives nearby to drive him to the airport.<br><br>#Find a nearby public transport route, such as a bus or subway, that goes to the airport.",4,2
R_1kjI7iAWjtWuBtD,"#Negotiate with the concert officials to allow Ted to enter without his ticket by showing his online purchase receipt or identification.<br><br>#Have Ted stay at the venue while someone else quickly takes a cab to fetch his ticket from his house.<br><br>#Use a smartphone to make a digital copy of the ticket if Ted has a copy at home, then share it with him electronically.<br><br>#Consider purchasing a new ticket for Ted on-site or online if available and affordable.<br><br>#Ask around to see if anyone is selling an extra ticket at the venue.",4,3
R_1kjI7iAWjtWuBtD,"#Ask the woman about the urgency of her situation and decide if he can accommodate the extra miles.<br><br>#Politely decline and suggest she request a ride from a reliable taxi or ride-sharing service instead.<br><br>#Agree to give her a ride but request that she contributes to the additional fuel cost.<br><br>#Contact local law enforcement or a local outreach program for the woman, in case she's in distress and needs more immediate help.<br><br>#Check with others at the gas station if they are heading in the direction of the woman's destination and could possibly give her a ride.",4,5
R_7jSYPB5dFNVGrZC,"#Reach out to pharmaceutical companies who may offer patient assistance programs for those who can't afford their medications.<br><br>#Consider starting a crowdfunding campaign through websites like GoFundMe to raise money for the expensive medication.<br><br>#Consult with a social worker or financial counselor about possible options for assistance, including government programs.<br><br>#Ask the prescribing doctor if there are alternative, less-expensive medicines or treatments that can effectively treat her illness.<br><br>#Explore opportunities to reduce other expenses to free up some budget for the needed medication.",4,1
R_7jSYPB5dFNVGrZC,#Ask if the tickets were purchased online and if a digital copy could be shown at the entrance.<br><br>#Call the concert's customer service to explain the situation and ask if they could reissue a ticket at the box office.<br><br>#See if there is a public transportation option that could get Ted to his house and back more quickly than driving.<br><br>#Consider using a courier service or taxi to fetch the ticket from Ted's house.<br><br>#Ask other friends or family members who might be at Ted's house to bring the ticket.,4,3
R_7jSYPB5dFNVGrZC,#Quickly step out of the security line and contact the airline's help desk or representative for advice.<br><br>#Search for a nearby post office by using smartphone GPS to mail the knife back home or to the Chicago location he is headed.<br><br>#Ask if the airport has a service to hold prohibited items that can be picked up upon return.<br><br>#Check if there are any shops at the airport where he could properly package and courier the knife to his destination.<br><br>#Consult with fellow travelling chefs within or outside the airport to see if they have any solutions or similar experiences.,4,7
R_1P7Wl05XdG8Qljz,"#Ask the woman for more information about her situation, to ensure personal safety.<br><br>#Consider the amount of gas in the car and whether it will be enough to drive to the city and back home.<br><br>#Assess the time it would take to get to the city and back, ensuring it doesn't conflict with any of his plans.<br><br>#Offer to call a cab or rideshare for her if he's unable to give her a ride.<br><br>#Agree to give her a ride, but request she contributes towards the additional gas cost.",3,5
R_1P7Wl05XdG8Qljz,"#Contact mall security to alert them about the situation and ask for help.<br><br>#Take note of the car’s make, model, color, and license plate number to provide to security staff or animal control.<br><br>#Stay near the car to monitor the dog's condition, but avoid causing additional stress by trying to communicate or agitate the dog.<br><br>#Check mall entrances for the owner, they might be nearby or unaware of the risks their dog is facing. If found, inform them politely about the danger.<br><br>#Call a local animal welfare organization or the police if the situation worsens and help doesn't arrive promptly.",3,6
R_1P7Wl05XdG8Qljz,"#Immediately and discreetly inform the wedding officiant or the couple about the situation and apologize.<br><br>#If possible, call the taxi company or the driver, explaining the situation and ask them to return the ring or drive back to the wedding venue.<br><br>#Request a trusted friend, family member or wedding coordinator present at the scene to pick up the ring if the taxi cab is no longer available.<br><br>#Check if there is a backup or substitute ring that could temporarily replace the original, allowing the ceremony to proceed as planned.<br><br>#As a last resort, consider improvising a makeshift ring (such as a piece of ribbon or string), thus keeping the ceremony going while seeking a more permanent solution.",3,8
R_3gnin9zU4FMvwYm,#Call a tow truck to remove the broken down car from the highway.<br><br>#Use a ride-hailing app like Uber or Lyft to arrange for immediate transport to the airport.<br><br>#Contact the airline to inform them about the situation and inquire if there's any possibility of delaying the flight or getting on the next available one.<br><br>#Try to flag down a taxi or ask a passerby for help.<br><br>#Call a friend or family member who might be able to help with either the car or the transport to the airport.,4,2
R_3gnin9zU4FMvwYm,"#Immediately call the local authorities, such as animal control or the non-emergency line of the police department, to report the situation.<br><br>#Capture evidence of the situation by taking photos or videos of the car from all sides, including the car's license plate for any legal actions that might take place.<br><br>#Stay near the car until the authorities arrive, making sure to keep a safe distance to avoid alarming the dog further.<br><br>#Alert nearby mall security or staff about the situation so they may make an announcement to find the owner of the car.<br><br>#Try to provide shade for the car containing the dog by placing any available material like a blanket or sunshade on the car's windows, but don't break them unless given permission by authorities.",4,6
R_3gnin9zU4FMvwYm,"#Immediately inform security about the oversight, explaining that it was unintentional and he is a professional chef.<br><br>#Ask if there is a post office or parcel service nearby where he could mail the knife to his destination.<br><br>#Request if he can leave his knife at the airport's lost and found for collection upon his return.<br><br>#Inquire if the airport has a storage facility where he could leave his expensive knife for the duration of his trip.<br><br>#Contemplate the option of discarding the knife if there are no available options, realizing that the security of the airport and other passengers is paramount.",4,7
R_5B7ILZpuBQlftLz,"#Research on programs that provide financial assistance for medical expenses, such as government subsidies, non-profit organizations, and patient assistance programs offered by pharmaceutical companies.<br><br>#Consult with a medical professional or pharmacist on potential generic alternatives or lower-cost medication substitutes.<br><br>#Explore the possibility of setting up a crowdfunding campaign to raise funds for the medication.<br><br>#Reach out to family and friends for financial assistance or set up a payment plan that they can manage.<br><br>#Discuss the issue with their medical insurance company, requesting a review of the case or seeking a policy adjustment to cover the medication.",3,1
R_5B7ILZpuBQlftLz,"#Immediately inform the security personnel about the mistake, explaining his profession and the reason for carrying the knife.<br><br>#Ask the security staff if there are any options to have the knife mailed to his destination, as some airports may provide this service.<br><br>#Reach out to a friend or family member nearby who could pick up the knife from the airport and keep it safe until his return.<br><br>#In case none of the above solutions work, consider relinquishing the knife to the airport security to avoid any legal implications.<br><br>#After resolving the current situation, research and invest in a travel-friendly utensil kit for professional chefs, to avoid similar incidences in the future.",3,7
R_5B7ILZpuBQlftLz,"#Immediately notify the wedding officiant about the missing ring in a quiet and discreet manner. The officiant might have a backup plan.<br><br>#Try to remember the taxi company's name or the driver's name and contact them immediately, either himself or asking someone else at the wedding to do so.<br><br>#Ask if anyone in the wedding party has a similar ring that could be used as a temporary substitute during the ceremony.<br><br>#Apologize to his sister and the groom, explaining the situation and assuring them he is trying to resolve the problem.<br><br>#If possible, rush back to the spot where the taxi was taken, in the hope of finding the same cab or another driver who can help.",3,8
R_6diKfDSJaRmo1dC,"#Offer to lend Ted a phone to call home, in case someone could bring the ticket to the concert venue.<br><br>#Suggest Ted to check if his ticket is digital and might be available on his email or on the event's website.<br><br>#Check with the concert organisers if it is possible to print a duplicate ticket using Ted's identification.<br><br>#Consider waiting for a short duration with Ted until the situation is resolved, to ensure he is not alone.<br><br>#Explore the option of buying an additional ticket at the venue, if available and affordable.",4,3
R_6diKfDSJaRmo1dC,"#Ask the woman why she needs the ride, assessing whether her situation is urgent or she's in danger.<br><br>#Consider the additional miles and the potential impact on his time and fuel before making a decision.<br><br>#If he decides to give her a ride, call someone he knows to inform them about his unforeseen detour and give an estimated time for his arrival home.<br><br>#Ask the woman if she can contribute to fuel costs, if Cameron is concerned about the additional expense.<br><br>#Before even starting the journey, make sure to specify where exactly in the city he should drop her off, this can avoid any potential misunderstanding.",4,5
R_6diKfDSJaRmo1dC,"#Contact a trusted colleague who might be available to cover his shift temporarily.<br><br>#Leave a detailed note explaining the situation for the owner to understand why he had to leave.<br><br>#Secure the store as best as possible, locking all possible entrances, to ensure safety while unattended.<br><br>#Inform local police about the situation, explaining the reason that the store may be left unattended for a small period.<br><br>#Reach out to the boss through alternative means, such as email or social media, one more time before he leaves for his appointment.",4,9
R_7hUHR4SmZW50yUF,"#Agree to take the woman to the nearby city, adjusting his plans to accommodate the additional distance.<br><br>#Politely decline her request, citing the extra distance and potential changes in his schedule.<br><br>#Offer to call a taxi or a ride-share service for the woman.<br><br>#Suggest other potentially faster or safe ways for her to reach her destination, such as public transportation or a shuttle service.<br><br>#Ask her for more information about why she needs the ride, to determine if there's a safer or more convenient solution.",3,5
R_7hUHR4SmZW50yUF,"#Immediately jot down the car's make, model, color, and license plate number for identification.<br><br>#Alert the mall security or management about the situation, showing them the details of the car.<br><br>#Call the local animal control or non-emergency police number to report the situation, providing them with the car's details.<br><br>#Monitor the car from a safe distance, making sure to keep an eye on the dog's condition while waiting for help to arrive.<br><br>#If the dog's condition is rapidly worsening and professional help has not arrived yet, consider breaking the car window furthest away from the dog to provide immediate relief from the heat, keeping in mind that this should only be done as a last resort and in the presence of a crowd as possible witnesses.",3,6
R_7fxuBrEGNDgCclk,"#Research different alternative and generic versions of the prescribed medication. These may be cheaper but just as effective.<br><br>#Contact the medication's manufacturer directly. Often, they run programs that provide free or discounted medication to those who can't afford it.<br><br>#Explore medical assistance programs or foundations that might be able to fund the required medication.<br><br>#Seek a consultation with a different healthcare provider or a pharmacist, who might know of less expensive, effective alternatives.<br><br>#Consider crowd-funding, public appeals, or reaching out to relatives, friends, and community for help. Many times, people are willing and eager to help others in need.",4,1
R_7fxuBrEGNDgCclk,"#Call a towing service to have his car removed from the highway.<br><br>#Use a rideshare app like Uber or Lyft to quickly secure transportation to the airport.<br><br>#Contact the airline to inform them about the situation and explore the possibility of rescheduling his flight.<br><br>#Reach out to a friend or family member who might be able to help him get to the airport in time.<br><br>#Consider public transportation options, like buses or trains, that could get him to the airport.",4,2
R_7fxuBrEGNDgCclk,"#Contact the customer service of the concert organizers to see if they can reprint the ticket or provide a digital copy.<br><br>#Check to see if there's a ticket resale or exchange booth nearby, possibly Ted can purchase another ticket.<br><br>#Offer to lend Ted a phone and suggest that he calls someone who could pick up the ticket from his house and bring it to the venue.<br><br>#Ted could use a ride-share app to quickly return home and grab his ticket while the rest of the group enjoys the start of the concert.<br><br>#Ted might try speaking directly with security at the venue, to see if any accommodations can be made in his situation.",4,3
R_6o0yd0UJVZHqjiR,"#Ask the woman for more details about why she needs a ride to assess if it's a situation where he can help.<br><br>#Evaluate how much additional fuel the extra drive would require and if he has sufficient time to make the detour.<br><br>#Consider his personal safety and ensure he feels comfortable offering the ride.<br><br>#Offer to call a taxi or a ride-hailing service for the woman if he cannot accommodate her request.<br><br>#Before deciding, communicate with someone he trusts about the situation, sharing the woman's details for safety purposes.",4,5
R_6o0yd0UJVZHqjiR,"#Immediately call local animal control or the non-emergency police number to report the situation.<br><br>#If possible, stay near the car to monitor the dog’s condition and provide any necessary details to the authorities.<br><br>#Check if there are any mall security personnel nearby who could be of assistance and inform them about the situation.<br><br>#Alert other passersby to the situation to ensure more eyes are watching and more people are available to help if the situation worsens.<br><br>#Try to find the car owner by noting the car's make, model, and license number, and asking the mall management to make an announcement.",4,6
R_6o0yd0UJVZHqjiR,"#Inform the security personnel immediately about the mistake, explaining that he is a chef and the knife is a part of his professional equipment.<br><br>#Ask if there is a way to mail the knife to his destination or back to his home address, rather than disposing of it.<br><br>#Apologize sincerely for the oversight and cooperate fully with the security personnel to resolve the situation.<br><br>#If allowed, quickly contact a friend or family member who can come to pick up the knife from the airport.<br><br>#In case all options fail, accept that he may need to leave the knife behind to avoid missing his flight and plan to purchase a replacement knife once he reaches Chicago.",4,7
R_7gC1M5NThsCGpfI,"#Take out the knife and explain the situation to security, emphasizing its professional significance. Request a possible alternative to confiscation.<br><br>#Ask the officials if it would be possible to mail the knife to the necessary address instead of carrying it on the plane.<br><br>#Consider leaving the security line and checking the knife in his checked luggage if time allows.<br><br>#Reach out to his colleagues in Chicago to see if they could bring an extra professional knife, in case his gets confiscated.<br><br>#Check online or consult the airport staff to find a storage facility where he could possibly leave the knife and collect it upon his return.",4,7
R_7gC1M5NThsCGpfI,"#Calmly walk to the bride and groom and quietly explain the situation, asking for a few moments to resolve the issue.<br><br>#Quickly step out of the ceremony and call the taxi company to see if they can locate the taxi he was in.<br><br>#Ask a friend or family member with a car if they can drive him back to the taxi drop-off point to see if the ring can be found.<br><br>#Consider using a temporary ring for the ceremony, like another piece of jewelry or a simple band, until the actual ring can be recovered.<br><br>#Contact local police or lost property department to report the missing item, providing exact details of the taxi trip.",4,8
R_7gC1M5NThsCGpfI,"#Call a co-worker who can cover the shift until Jeff's boss arrives.<br><br>#Leave a note for his boss explaining the situation and urgent court appointment.<br><br>#Contact the store's management or HR department to inform them about the situation.<br><br>#Secure the store according to the usual procedure in case nobody arrives, then head to his court appointment.<br><br>#Use the store's surveillance system to record the time when he left the store, as proof of the circumstances if questioned later.",4,9
R_6bKvWx75CulIpb2,"#Research different types of financial aid, grants, or charity programs that could help cover the cost of the medication.<br><br>#Contact the pharmaceutical company directly to inquire about any patient assistance programs for their product.<br><br>#Discuss with the wife's doctor about the possibility of prescribing a more affordable alternative medicine.<br><br>#Consider setting up a crowdfunding campaign to solicit donations from family, friends, and the broader community.<br><br>#Consult with a financial adviser or social worker to understand other possible sources of support or assistance.",4,1
R_6bKvWx75CulIpb2,"#Ask one of the friends who are not entering immediately to wait outside with Ted while the rest enjoy the beginning of the concert.<br><br>#Contact the ticket office or event management to explain the situation and see if they can offer a temporary ticket or allow Ted entry based on proof of purchase or ID.<br><br>#Use a smartphone to access an electronic version of the ticket if it was purchased online, or check email confirmation.<br><br>#Consider using a delivery service, like a ride share or courier, to retrieve the ticket from Ted's house while he stays at the venue.<br><br>#Try to buy a new ticket at the venue if any are still available and if it's financially feasible.",4,3
R_6bKvWx75CulIpb2,"#Contact a coworker to ask if they can cover the shift until the boss arrives.<br><br>#Leave a detailed note for the boss explaining the situation and the reason for his absence.<br><br>#Call another superior or management personnel, if any, to inform them of the situation.<br><br>#Secure the store as best as possible, ensuring all cash and valuables are stored safely before leaving for his appointment.<br><br>#Arrange a trusted friend or family member to wait at the store until the boss or a coworker arrives.",4,9
R_3GfUmAuEhJilobC,"#Call a tow truck to take care of his broken down car.<br><br>#Contact a ride-share service like Uber or Lyft to get to the airport on time.<br><br>#Reach out to a friend or family member who might be able to provide a quick ride.<br><br>#Inquire with nearby drivers or pedestrians about public transportation options to the airport.<br><br>#Consult with his travel agency or airline for potential solutions or to inform them about his situation.
",4,2
R_3GfUmAuEhJilobC,"#Suggest to Ted to check if he received an electronic version of the ticket via email or in an app, which he could present at the entrance.<br><br>#Offer to stay behind with Ted while the rest of the group enters, to ensure he does not have to be alone and miss any more of the concert than necessary.<br><br>#Encourage Ted to approach the concert help desk or customer service to explain his situation and see if they can reissue his ticket at the venue.<br><br>#Propose to Ted that he could buy a new ticket at the venue box office if it is not sold out.<br><br>#Consider calling a mutual friend who may still be at home or on their way to bring Ted's ticket from his house to the concert venue.",4,3
R_3GfUmAuEhJilobC,"#Call a coworker who can temporarily fill in for him until his boss arrives.<br><br>#Leave a detailed note for his boss including the time he left, the reason for his early departure, and the current state of the store.<br><br>#Secure all cash and sensitive items in a safe or secure place before leaving.<br><br>#Ensure the security cameras are working correctly to provide proof of him leaving the store in good condition.<br><br>#Inform the local police station about his situation and request them to keep an eye on the store until his boss arrives.",4,9
R_3ATB9HO6kmvTxvj,"#Research different programs and organizations that provide financial assistance for medical expenses.<br><br>#Seek a consultation with the hospital's financial counselor to discuss payment options and potential discounts. <br><br>#Consult with the prescribing doctor about alternative, less expensive medications that can be used in place of the prescribed one.<br><br>#Explore crowdfunding options, such as GoFundMe, to raise the necessary funds.<br><br>#Contact the pharmaceutical company directly to inquire about assistance programs they may have for patients who cannot afford their medication.",4,1
R_3ATB9HO6kmvTxvj,"#Assess the woman's situation and ask for further details, such as the urgency, reason for travel, and if she can offer reimbursement for the extra fuel costs.<br><br>#Politely decline the request, citing his own plans and the extra distance he wasn't prepared to travel.<br><br>#Accept the woman's request and give her a ride, considering it as an act of kindness regardless of the extra miles.<br><br>#Ask the woman if there are any other means she can use to reach her destination, such as public transportation or a taxi.<br><br>#Contact a friend or family member and discuss the situation with them to get a second opinion before making a decision.",4,5
R_3ATB9HO6kmvTxvj,"#Talk to the airport security officers and explain his situation, including his occupation and the intended use of the knife.<br><br>#Check if there are any provisions in airport regulations that allow chefs to carry such professional tools, provided there's valid proof.<br><br>#Consider leaving the security line to mail the knife to his destination or his home, if time and available resources permit.<br><br>#Ask about the option of checking in the knife as a separate item if possible.<br><br>#If asked to surrender the knife, politely request to not discard it but rather keep it safe until he returns, if such service exists in the airport.",4,7
R_3X0ZftBWkbqxgi9,"#Darya could call the box office or customer service to see if they can reissue Ted's ticket at the venue.<br><br>#Darya might check if digital tickets were also issued and if Ted can use that instead of a physical ticket.<br><br>#Darya could suggest Ted to ask someone at his house to take a picture of the ticket barcode and send it to him, which might be accepted at the entrance.<br><br>#Darya can advise Ted to use a ride-share service to quickly return home and retrieve his ticket, reducing the amount of the concert he may miss.<br><br>#Darya could wait with Ted outside the concert and enjoy the live music from there, so he doesn't miss out entirely.",4,3
R_3X0ZftBWkbqxgi9,"#Maintain a safe distance from the car ahead to avoid any immediate danger.<br><br>#Keep his dashboard camera recording, if he has one, to document the erratic driving.<br><br>#Find a safe place to pull over and call the local police or highway patrol, providing them with a description of the car and the driver's behavior.<br><br>#Try to remember or jot down the car’s license plate number, while ensuring he doesn't endanger himself by focusing too much on it.<br><br>#Avoid attempting to overtake or alert the driver himself, since the driver could react unpredictably. It's safer to let the authorities handle the situation.",4,4
R_3X0ZftBWkbqxgi9,"#Call a trusted coworker and ask if they could cover the shift until the boss arrives.<br><br>#Leave a detailed note for the boss explaining the situation and that he had to leave for a court appointment.<br><br>#Contact any known relative or friend of the boss to inform about the situation and request them to pass this message.<br><br>#Lock up the store temporarily if it's allowed and safe, ensuring all money and valuable items are secure.<br><br>#Contact local non-emergency police for advice, or to report the situation if leaving the store unattended is unavoidable and might result in a security issue.",4,9
R_3FLoTbiexdyTjFe,"#Offer Ted the option to use digital tickets if the event allows, possibly by scanning a code on his phone.<br><br>#Call the concert customer service for Ted, might have the possibility to replace the lost ticket with a new one after verification.<br><br>#Perhaps one of the group could wait outside with Ted while the others go in and then they could enjoy an alternate plan.<br><br>#Suggest splitting an Uber or equivalent to fetch his ticket to minimize the time Ted would be missing from the concert.<br><br>#Check if they will still permit entry with a ticket photo. If allowed, a friend or family member could photograph Ted's ticket and send him the picture.",3,3
R_3FLoTbiexdyTjFe,"#Create a safe distance between his vehicle and the suspected drunk driver's car.<br><br>#Consider pulling over to the side of the road and allow the suspicious driver to get farther ahead.<br><br>#Attempt to capture the license plate number of the erratic car discretely and safely.<br><br>#Contact local law enforcement authorities to report the driver, providing as much details as possible such as the car type, color, and license plate number.<br><br>#Stay vigilant and watch for potential unpredictable moves from the suspected intoxicated driver.",3,4
R_3FLoTbiexdyTjFe,"#Immediately call local law enforcement or animal control to report a pet left in a hot car. Describe the make and model of the car and give as precise a location as possible.<br><br>#Attempt to locate the owner of the vehicle. Go back to the shops nearest the parking spot and describe the situation and vehicle to employees or even make a public announcement if possible.<br><br>#Stay by the vehicle to keep an eye on the dog. If the animal's condition worsens, be prepared to act under local 'Good Samaritan' laws, which may permit citizens to forcibly entry into the car to rescue the pet.<br><br>#Find something that can provide shade for the dog while waiting for help to arrive. This will help to decrease the temperature inside the vehicle.<br><br>#Alert others near the parking lot of the situation. More attention could expedite help and increase the chances of locating the owner quickly.",3,6
R_3hFgPzJGLcplIG2,"#Explore all the patient assistance programs available. These programs are provided by pharmaceutical companies specifically to assist individuals who are unable to afford their necessary medications.<br><br>#Contact social workers in their area. They may have access to resources and programs that can assist in funding the cost of the medication.<br><br>#Investigate crowdfunding options like GoFundMe. Publicizing the situation may raise the funds necessary to afford the medication.<br><br>#Look for generic versions of the drug. Often, these can be significantly cheaper and just as effective as the name-brand version.<br><br>#Apply for government assistance programs that cover the cost of prescription medications, like Medicaid or Medicare.",4,1
R_3hFgPzJGLcplIG2,"#Maintain a safe distance from the vehicle ahead to avoid any potential collision.<br><br>#Note down the vehicle's license plate number, make, and color for reference.<br><br>#Call the local law enforcement or highway patrol, sharing all available information about the situation.<br><br>#If possible, use a hands-free device to record the vehicle’s erratic movements as evidence.<br><br>#Look for safe ways to get off the road or take a different route home to avoid the potentially dangerous driver.",4,4
R_3hFgPzJGLcplIG2,"#Immediately signal to a trusted person near him, such as a parent or the best man, to explain the situation in a low voice, to avoid disrupting the ceremony.<br><br>#Contact the taxi company or driver if his number is available and explain the situation, request them to look for the ring in the taxi.<br><br>#Ask someone reliable and uninvolved in the ceremony to call or return to the last location, if nearby, to find the taxi and retrieve the ring.<br><br>#If the above steps don't work, improvise by using a stand-in ring or piece of jewellery for the ceremony while making arrangements to retrieve the real ring later.<br><br>#Once the ceremony is over, apologize to his sister and brother-in-law and make immediate arrangements to retrieve or replace the lost ring.",4,8
R_6R84T6YyatTg0w2,"#Politely ask the woman for more information about her situation to assess her need for help.<br><br>#Consider personal safety measures before agreeing to grant a ride.<br><br>#Analyze the impact of an extra drive on the car's fuel and the time taken to reach home.<br><br>#Offer to contact a local taxi service or ride-sharing app on her behalf if feasible.<br><br>#Agree to give the woman a ride considering the need for good deeds, the extra distance, and potential safety concerns.",3,5
R_6R84T6YyatTg0w2,"#Calmly inform the wedding officiant of the situation to avoid causing a panic among the guests.<br><br>#Immediately call the taxi company and give them all the details to find the drive and retrieve the ring.<br><br>#If the taxi can't locate the ring quickly, he could use a placeholder ring for the ceremony.<br><br>#Speak with the bride and groom discretely, explaining the situation and reassuring them of your efforts to retrieve the ring.<br><br>#If possible, ask a family member or friend at the ceremony to try and track down the taxi and retrieve the ring while the ceremony carries on.",3,8
R_6R84T6YyatTg0w2,"#Call a coworker and ask if they can cover the shift until the boss arrives.<br><br>#Leave a thorough note explaining the situation and detailing any important information for when the boss arrives.<br><br>#Contact a nearby branch or another convenience store in the company, if any, to request for immediate help.<br><br>#Lock up the store safely and securely, and inform local law enforcement about the situation to excuse the temporary closure.<br><br>#Call his boss one more time and if still no response, leave a voicemail explaining the critical situation and the action Jeff had to take.",3,9
R_58BctxpUeUspFXk,"#Research various assistance programs, both governmental and charitable, that may be able to aid in covering the cost of the medication.<br><br>#Contact the pharmaceutical company directly, as some offer patient assistance programs or discounts for people who are unable to afford their medication.<br><br>#Discuss alternative, cheaper medication options with her doctor that could potentially replace the expensive one.<br><br>#Set up a fundraising campaign, such as GoFundMe, to gather financial support from friends, family, and kind strangers on the internet.<br><br>#Explore the possibility of getting a flexible payment plan with the pharmacy or medical center to pay for the medication in manageable installments.",4,1
R_58BctxpUeUspFXk,"#Try calling the ticket office or help desk at the concert venue to see if they can reprint the ticket at the box office.<br><br>#Ask if any of the group's friends nearby have a printer, then email them the ticket to be printed out.<br><br>#Explore if an electronic version of the ticket can be used; many venues will scan a barcode directly from a smartphone.<br><br>#Ask around or post on social media to see if anyone selling a spare ticket for the concert.<br><br>#Show the confirmation email of the ticket purchase to the venue staff, they might allow Ted inside without a physical ticket.",4,3
R_58BctxpUeUspFXk,"#Maintain a safe distance from the suspected intoxicated driver to avoid any sudden collisions.<br><br>#Record the number plate of the car, the make and model, color, and any other distinguishing features.<br><br>#Call the local police or highway patrol and report the suspected intoxicated driver, providing as many details as possible.<br><br>#If safe, take an alternative route home to avoid the potentially dangerous driver.<br><br>#Signal upcoming cars about the potential hazard using his car's warning signals, if possible.",4,4
R_3p1yG8z74Bp1pw5,"#Call a tow truck to remove his car from the intersection and minimize the risk of a traffic accident.<br><br>#Use a ride-sharing app such as Uber or Lyft to secure immediate transportation to the airport.<br><br>#Call the airline to inform them of his situation and potentially reschedule his flight if necessary.<br><br>#Contact someone who could provide an emergency ride to the airport, like a friend or family member.<br><br>#If available, use a roadside assistance service that may be part of his car's warranty or his car insurance policy to get help with the vehicle.",4,2
R_3p1yG8z74Bp1pw5,"#Alert the officiant discreetly that the ring is missing.<br><br>#Quietly exit the venue and make an immediate call to the taxi company, providing information to help find the taxi he left the ring in.<br><br>#Ask a trustworthy person at the wedding, perhaps a close relative or friend, to leave and assist with the retrieval of the ring.<br><br>#Create a temporary solution such as borrowing a ring from one of the attendees, so the ceremony can proceed without delay.<br><br>#After the ceremony, disclose the situation to his sister and her partner, apologizing sincerely for the mix-up and assuring them of his efforts to retrieve the lost ring.",4,8
R_3p1yG8z74Bp1pw5,"#Jeff could try to reach his boss through other communication means like messaging or emailing.<br><br>#Jeff can contact another staff member who might be able to cover for him until the boss arrives.<br><br>#Jeff might leave a note for his boss at a conspicuous place in the store informing him of the situation and apologizing for any inconvenience.<br><br>#Jeff could close the store temporarily, attaching a sign outside explaining that the shop will be open soon.<br><br>#Jeff should document the situation, such as through a time-stamped selfie at the store or a message copy, to explain to his boss if necessary.",4,9
R_7pMWQLM0Wp5sEWl,"#Consult with the prescribing doctor, explaining the financial difficulty, and ask if there are any cheaper alternatives or generic versions of the medication available.<br><br>#Reach out to the drug manufacturer, as some pharmaceutical companies have assistance programs to help patients afford their medications.<br><br>#Explore crowdfunding options like GoFundMe to help raise the necessary funds for the medication.<br><br>#Look into local or national charitable organizations which may help subsidize the cost of expensive medications.<br><br>#Contact the insurance company to negotiate coverage or appeal the decision, as sometimes exceptions can be made for necessary medications.",3,1
R_7pMWQLM0Wp5sEWl,"#Safely increase the distance between his car and the suspected intoxicated driver's car to protect himself from a potential accident.<br><br>#Contact the local authorities to report the suspected intoxicated driver, providing them with the car's model, color, and license plate number.<br><br>#Use his car's dashboard camera, if available, to record the intoxicated driver's behavior as evidence.<br><br>#Avoid trying to overtake the suspected intoxicated driver, as this could lead to a dangerous situation.<br><br>#Keep his seatbelt fastened at all times and ensure that any passengers in his car have their seatbelts fastened as well, to prepare for any unexpected occurrences.
",3,4
R_7pMWQLM0Wp5sEWl,"#Calmly excuse himself from the ceremony without causing a scene.<br><br>#Immediately call the taxi company explaining the situation and request them to check the taxi in which he journeyed.<br><br>#If the ceremony venue has a lost & found area, Daniel could quickly check there to see if anyone found and dropped it there.<br><br>#If possible, ask for a temporary ring to use for the ceremony and replace it with the real one later.<br><br>#Consider notifying a responsible person at the ceremony about the mishap, who can guide him on what to do next or inform the couple, if necessary.",3,8
R_31vAmGcjZVljZKx,"#Inquire whether they have asked their doctor about any available patient assistance programs or discounts for the required medication.<br><br>#Arrange a meeting with a financial advisor to explore possible strategies for managing the expenses, such as rearranging their budget or taking out a short-term loan.<br><br>#Research crowdfunding platforms like GoFundMe where they could set up a campaign to raise funds for the wife's medical bills.<br><br>#Suggest looking into eligibility for governmental aid programs, such as Medicaid or Medicare, which may help to cover some or all of the cost.<br><br>#Advise them to reach out to local community organizations or charities that may offer financial assistance or support to individuals struggling with healthcare costs.",4,1
R_31vAmGcjZVljZKx,#Call a roadside assistance service to address the car problem and facilitate transportation to the airport.<br><br>#Use a ride-sharing app like Uber or Lyft to get a quick ride to the airport.<br><br>#Contact a friend or family member who could provide immediate transport to the airport.<br><br>#Check if there is any public transportation nearby (like a metro station or bus stop) that could quickly get him to the airport.<br><br>#Contact the airline to explain the situation and see if they can put him on a later flight if he misses the current one.,4,2
R_31vAmGcjZVljZKx,"#Eamon could maintain a safe distance from the other vehicle to avoid any sudden or unexpected moves the driver might make.<br><br>#He could take down the vehicle's license plate number, make, and model for future reference.<br><br>#He could pull over at a safe location and call the non-emergency police line to report the erratic driver, providing all the information he gathered.<br><br>#He should avoid attempting to overtake the suspected drunk driver, as this could potentially result in an accident.<br><br>#If possible and safe, Eamon could record the erratic driving behavior of the individual to provide additional evidence when reporting the incident.",4,4
R_3PSIfoEDNydYCuK,"#Create a safe distance between his car and the suspected drunk driver to avoid any possible accidents.<br><br>#Note the license plate of the other car, if it can be done safely, for reporting purposes.<br><br>#Report the suspected drunk driver to law enforcement, providing them with as much information as possible, including a description of the car, its license plate number and the direction in which it's heading.<br><br>#Follow the car from a safe distance until law enforcement arrives, only if it can be done safely. He should be careful to not engage with the drunk driver.<br><br>#Turn on his dash cam, if available, to record the erratic driving for evidentiary purposes.",4,4
R_3PSIfoEDNydYCuK,"#Check the surrounding area for the dog's owner. Ask any passersby if they know who the dog owner is.<br><br>#Contact the mall security or management and provide them with the car's description and location. They may be able to make an announcement or locate the owner.<br><br>#Call local animal control or the non-emergency police line to report the situation. This is important in some areas where it is illegal to leave dogs in hot cars.<br><br>#Stay with the dog to monitor its condition. If the dog shows signs of heatstroke, such as excessive panting, drooling, disorientation, or loss of consciousness, emergency action may be necessary.<br><br>#In extreme circumstances where the dog's life seems at immediate risk and help is not forthcoming, break the car window furthest from the dog to allow fresh air in. However, make sure to consult with authorities before taking this step because it may have legal ramifications.",4,6
R_3PSIfoEDNydYCuK,"#Quietly inform the officiant of the situation, so they can make adjustments to the timeline and prevent unnecessary embarrassment.<br><br>#Identify a friend or family member who can quickly leave the ceremony to retrieve the ring from the taxi.<br><br>#Alternatively, he can quickly call the taxi company, provide them with the vehicle's identification, and ask if they can return with the ring.<br><br>#If the ring cannot be retrieved in time, find a temporary replacement ring even if it's just symbolic for the ceremony.<br><br>#Apologize to his sister and the groom privately for the mistake and, if possible, make up for it in some way, like paying for the extra taxi fare or offering to pay for some other post-wedding expense.",4,8
R_6OW5jR2MDYdrBJa,#Call the ticket provider or venue to inquire if they can reissue the ticket at the box office.<br><br>#Search for an electronic version of the ticket in Ted's email or on the ticket provider's website.<br><br>#Ask nearby attendees if they have an extra ticket they'd be willing to sell.<br><br>#Head to the venue's box office to see if they can provide assistance or issue a replacement ticket.<br><br>#Consider using a delivery service to retrieve the ticket from Ted's house if feasible and quick enough.,3,3
R_6OW5jR2MDYdrBJa,"#Try to discretely communicate the situation to the best man or maid of honor should they be nearby by whispering or passing a note.<br><br>#At an opportune moment, signal to the wedding planner or another family member about the situation, explaining that the ring is missing.<br><br>#Make a phone call to the taxi company with the hopes of retrieving the ring if the taxi hasn't moved far.<br><br>#Check his surroundings and nearby in case the ring fell out of his pocket somewhere in the vicinity.<br><br>#As a last resort, discreetly borrow a ring from someone else for the ceremony. It's more about the symbol than the actual object.",3,8
R_6OW5jR2MDYdrBJa,"#Call a reliable colleague asking if they can cover the shift until the boss arrives.<br><br>#Leave a note for the boss detailing the situation, his court appointment and the steps he took to mitigate the issue.<br><br>#Contact any superior or regional manager (if there is any) explaining the situation and asking for their guidance or intervention.<br><br>#Lock the store temporarily, ensuring CCTV is operational, and leave a sign at the front explaining that the store will be reopening soon.<br><br>#Look for a nearby local who could potentially handle the store for a brief time, compensating them accordingly.",3,9
R_7RkxpXGygp7OzlL,#Explore options for financial assistance or subsidies from the pharmaceutical company that produces the medication.<br><br>#Consult with the treating doctor to discuss the possibility of using a less expensive but equally effective alternative medicine.<br><br>#Initiate a crowdfunding campaign to raise funds for the medication. Utilize social media platforms to spread the word about their need.<br><br>#Contact local and national health organizations or foundations that may provide financial aid to people who can't afford their medication.<br><br>#Consider taking out a low-interest loan or credit if they are confident they'll be able to repay it over time. It's vital to thoroughly consider the long-term financial implications of this action.,3,1
R_7RkxpXGygp7OzlL,"#Call the concert’s customer service to explain the situation and see if there is a digital ticket or will call option.<br><br>#Suggest Ted to use the concert venue's app or website to see if a digital copy of his ticket is available.<br><br>#Offer to wait outside with Ted while others go inside the concert to keep him company as he solves the problem.<br><br>#Check with the groups of people around to see if anyone has an extra ticket they could sell or donate.<br><br>#Consider using a ride-hailing service for Ted to quickly pick up his ticket from home, while the rest of the group enjoys the concert.",3,3
R_7RkxpXGygp7OzlL,"#Maintain a safe distance from the suspected intoxicated driver to prevent any potential accidents.<br><br>#Attempt to capture the vehicle's license plate number and details such as the color, make, and model of the car.<br><br>#Immediately report the behavior to local law enforcement, providing them with the car's description and the location.<br><br>#If possible and safe, Eamon could attempt to overtake the car while adhering to road safety regulations.<br><br>#Ensure that his own driving behavior is safe, predictable, and lawful to minimize risks to himself and other road users.",3,4
R_1SSGs3U7Ysud5oR,"#Politely decline the woman's request, explaining it's too far and out of his initial plan.<br><br>#Accept to give the woman a ride to the nearby city if he doesn't mind adding an extra 10 miles to his journey.<br><br>#Offer to drop the woman at a midway point, which is less inconvenient for him.<br><br>#Encourage the woman to use a public means such as a bus or a taxi to the nearby city.<br><br>#Ask the woman for fuel money to compensate for the extra distance he'll cover to the nearby city.",3,5
R_1SSGs3U7Ysud5oR,"#Immediately call local animal services or non-emergency police to report the situation.<br><br>#Take note of the car's make, model, color and license plate number to give to authorities.<br><br>#If the mall has a public announcement system, ask the management to make an announcement about the situation with the car's details.<br><br>#Stay near the vehicle to monitor the dog's condition until help arrives.<br><br>#If possible and legally permitted, break a window far from the dog to provide immediate relief from the heat, taking all necessary safety precautions.",3,6
R_1SSGs3U7Ysud5oR,"#Apologize for the inconvenience and ask the officiator to pause the ceremony.<br><br>#Try to remember the taxi's company or any identifiable features that could help find the vehicle.<br><br>#Contact the taxi company immediately to check if the ring is still in the vehicle.<br><br>#Ask a family member or friend who is not critically involved in the ceremony to go fetch the ring if the taxi was not too far away.<br><br>#In case the ring cannot be retrieved promptly, look for a temporary replacement ring to continue the ceremony without interruption. The real ring can be exchanged later.",3,8
R_57PuK84ldBDlRue,"#Research foundations or charities that provide financial aid for medical treatments and apply for their programs.<br><br>#Discuss with the pharmacist or the doctor about possible generic versions of the medication that may be cheaper.<br><br>#Consult with a medical social worker who might have resources or solutions.<br><br>#Start a crowdfunding campaign to raise the necessary funds for the medication.<br><br>#Reach out to the pharmaceutical company that makes the medication, as they sometimes have programs to help patients who cannot afford their drugs.",4,1
R_57PuK84ldBDlRue,"#Assess the situation by asking the woman more information, such as the reason she needs a ride and if she has alternative ways to get to the city.<br><br>#Consider offering the woman a ride while setting clear boundaries such as no detours.<br><br>#Contact a cab or rideshare service for the woman if he feels uncomfortable giving her a ride.<br><br>#Tell the woman politely that he can't accommodate her request as it's out of his way.<br><br>#Ask the gas station attendant or other people nearby if they know of any local transportation options that could be suggested to the woman.",4,5
R_57PuK84ldBDlRue,"#Immediately inform someone responsible from the wedding party such as the groom, the bride, or the wedding planner about the situation.<br><br>#Try to track the taxi by remembering the company or the taxi number and make a call to reach out.<br><br>#Check in with the taxi company to see if they can assist in checking the seats of the vehicle for the misplaced ring.<br><br>#Plan a backup solution such as using a substitute ring for the ceremony while the original ring is being located.<br><br>#Request the officiating minister or person conducting the ceremony to buy some time or modify the ceremony temporarily as you try to locate the ring.",4,8
R_7ijXpqE0IvENKL6,"#Heinz could contact the medical insurance company to plead his case and ask if they could cover the medication even if it's not originally included in the insurance plan.<br><br>#Heinz could ask for a prescription of a generic medication from the doctor if it is available and less expensive.<br><br>#Heinz could start a fundraising campaign on a trusted crowdfunding platform to solicit donations for his wife's medication.<br><br>#Heinz could consider seeking financial assistance programs from local charities, non-profit organizations, or government health departments that help patients with expensive medication.<br><br>#Heinz could approach the pharmaceutical company that manufactures the medication to ask if they provide any patient aid programs.",3,1
R_7ijXpqE0IvENKL6,"#Ask the woman for further details about her intended destination and reason for travel before making a decision.<br><br>#Consider the gas situation and his timetable to determine if he has enough resources to make the extended journey.<br><br>#Politely decline, explaining his reasons, if he can't provide the help she requests.<br><br>#Offer to call or arrange for a taxi or a rideshare service like Uber or Lyft if he cannot provide the ride.<br><br>#Agree to help if he feels comfortable and is able, ensuring that he communicates with someone close regarding his change of plans.",3,5
R_7ijXpqE0IvENKL6,"#Contact another employee to see if they can come in early to cover the end of his shift.<br><br>#Contact the nearest authority in the chain of command and notify them of the situation.<br><br>#Inform regular customers entering the store about his urgent situation in case any of them can provide immediate temporary support.<br><br>#Call a Family member or close friend to temporarily manage the store until his boss or another employee arrives.<br><br>#Leave a note explaining why he had to leave, make sure the store is secure, and then leave to attend the court appointment.",3,9
R_3L7egmbCS4CFSeZ,"#Research various organizations and charities that specialize in providing financial aid for medical treatment and medications.<br><br>#Look into pharmaceutical assistance programs. Some drug manufacturers offer programs for people who can't afford their medications.<br><br>#Reach out to social workers or health care providers who may be aware of resources or options for financial assistance with medical expenses.<br><br>#Consider starting a crowdfunding campaign through platforms such as GoFundMe to raise funds for her medication.<br><br>#Explore the possibility of importing medicine from another country where it may be cheaper, but ensure it's legal and safe to do so.",3,1
R_3L7egmbCS4CFSeZ,"#Call a reliable roadside assistance service to help with the broken-down car.<br><br>#Use a ride-hailing service like Uber or Lyft to get to the airport as quickly as possible.<br><br>#Reach out to a friend or family member who can provide immediate transportation to the airport.<br><br>#Contact the airline to notify them of his situation and explore possible solutions, such as rescheduling the flight.<br><br>#Find a nearby public transportation route that leads to the airport, if this is a viable option.",3,2
R_3L7egmbCS4CFSeZ,"#Approach the car to better assess the condition of the dog and ensure it isn't suffering from heatstroke.<br><br>#Locate the security personnel within the mall or contact local law enforcement to inform them of the situation.<br><br>#Try to find the owner of the car by asking around or having the car's number plate announced inside the mall if possible.<br><br>#Stay by the vehicle to monitor the dog's condition while waiting for help to arrive.<br><br>#If the dog appears to be in life-threatening condition, consider breaking the car window, preferably the one farthest from the dog. However, remember that this should be last resort due to potential legal implications.",3,6
R_731vnMKEFbM9Mx3,"#Maintain a safe distance from the potentially intoxicated driver to avoid any sudden maneuvers they might make.<br><br>#Call local law enforcement and report the erratic behavior, giving them as many details as possible, such as vehicle color, make, model, and license plate number.<br><br>#If possible, pull over to the side of the road to let the potentially intoxicated driver move further ahead, reducing the risk of a collision.<br><br>#Record the erratic driving with his phone or car dashcam, making sure to stay focused on the road while doing so.<br><br>#Avoid attempting to pass the potentially intoxicated driver unless it is absolutely necessary or advised by law enforcement.",3,4
R_731vnMKEFbM9Mx3,"#Agree to give the woman a lift, considering he has enough fuel and time to spare, adding that he will drop her off at a place that is convenient for both.<br><br>#Politely decline, explaining that he had a long day at work and is not ready for the detour.<br><br>#Suggest alternative means of transportation such as public buses or taxis that she could use.<br><br>#Contact a local taxi company or use a ride share app to secure a ride for the woman.<br><br>#Offer to phone a friend or family member who may be nearby and able to assist the woman.",3,5
R_731vnMKEFbM9Mx3,"#Call a reliable coworker to cover the shift until the boss arrives.<br><br>#Leave a note for the boss explaining the situation and the measures taken.<br><br>#Inform some of the regular customers about the situation, in case they have direct contact with the boss.<br><br>#Lock up the store temporarily and leave a sign with a contact number for emergencies.<br><br>#Contact the police or a lawyer to explain the situation, in case his presence is required in court before he can return to the store.",3,9
R_5PY7DxGs7eNJvD5,"#Research on governmental aid or non-profit organizations that provide help to individuals who can't afford their medication.<br><br>#Reach out to the medication's manufacturer. Some pharmaceutical companies offer assistance programs for patients who can't afford their products.<br><br>#Contact health insurance company to appeal the decision or understand the reasons why medication is not covered. They might reconsider or suggest alternative treatments.<br><br>#Consult with the pharmacy or the physician about the possibility of switching to a generic version of the medication, which could be less expensive.<br><br>#Start a crowdfunding campaign to raise funds for the medication. This could be done through platforms like GoFundMe or social media outreach.",3,1
R_5PY7DxGs7eNJvD5,"#Call a tow truck to get his car out of the traffic and towed to a nearby repair shop.<br><br>#Contact a taxi or ride-hailing service like Uber or Lyft to quickly get to the airport.<br><br>#Inform the airline about his situation to check if his flight can be rescheduled or if they can hold it for a few minutes.<br><br>#Contact a friend or family member who could pick him up.<br><br>#Rent a car from a nearby car rental service, if available, and continue his journey to the airport.",3,2
R_5PY7DxGs7eNJvD5,"#Swiftly but discreetly remove the knife from the bag and return it to his car or another safe place preferably away from airport security.<br><br>#Contact a friend or family member who could come and collect the knife from him.<br><br>#Find an airport official and explain the situation, requesting for a suitable solution or a place to store the knife temporarily.<br><br>#Mail the knife to his destination if postal services are available in the airport. It may require additional costs but the knife will be safely transported.<br><br>#If he is travelling with a companion who isn't yet through security, he could hand over the knife to them, and they could return or mail it.",3,7
R_7zbKxBPOIN72nZL,#Research patient assistance programs offered by pharmaceutical companies. These programs often provide medications at a reduced cost or even for free to eligible patients.<br><br>#Seek financial assistance from non-profit organizations that help individuals cover the cost of medications.<br><br>#Consult with the pharmacist or the doctor prescriber about possible generic alternatives or equally effective substitutes that could be cheaper.<br><br>#Consider starting a crowdfunding campaign online explaining the situation to gather funds for the medication.<br><br>#Meet with a financial advisor or a social worker to understand possible options for healthcare coverage or financial assistance.,3,1
R_7zbKxBPOIN72nZL,"#Increase distance between his car and the suspected intoxicated driver's car to avoid potential hazards.<br><br>#Record the license plate number and other details of the car so it can be reported to the authorities.<br><br>#Try to signal the driver indicating that something is wrong, if it's safe.<br><br>#Consider taking a different route home to ensure his safety.<br><br>#Call the local police and report the driver's erratic behavior, providing complete details about the car and its location.",3,4
R_7zbKxBPOIN72nZL,"#Immediately signal to someone nearby at the wedding, such as the best man or the wedding planner, and inform them of the situation in a discrete manner.<br><br>#Confirm the last place he remembers seeing the ring, which could help to verify whether he indeed left it in the taxi.<br><br>#Call the taxi company as soon as possible, providing them with the details of the ride and a description of the lost ring.<br><br>#Borrow a similar-looking ring from a wedding attendee temporarily as a placeholder during the ceremony.<br><br>#Apologize to his sister and her partner and reassure them that he will do everything possible to retrieve the ring.",3,8
R_5InK0D7KARHhia4,#Ask Ted if he has a digital copy of his ticket on his phone or email that can be scanned at the entrance.<br><br>#See if someone at the ticketcounter can reprint Ted's ticket if he provides his ID and proof of purchase.<br><br>#Ask around to see if someone nearby has an extra ticket that they are willing to sell.<br><br>#Call a cab for Ted to go back to his house and get the ticket as quickly as possible while the others wait for him.<br><br>#Check with the concert organizers if there's a 'will call' or lost ticket option available.,4,3
R_5InK0D7KARHhia4,"#Assess the situation and ensure safety; consider factors like the time of day, surrounding environment, or the general behavior of the woman.<br><br>#Agree to give the woman a ride, factoring in the extra fuel consumption and time it would take to return home.<br><br>#Politely decline and suggest alternative ways for her to reach her destination, like a cab service or public transportation.<br><br>#Offer to call a cab or a ride-sharing service for the woman if he feels uncomfortable giving her a ride.<br><br>#Seek help from the gas station attendants or any security personnel in the vicinity for advice or assistance.",4,5
R_5InK0D7KARHhia4,"#Call another employee who might be able to cover the shift until the boss arrives.<br><br>#Leave a detailed note for the boss explaining the situation and the steps taken to cover his absence.<br><br>#Secure the store according to the procedures for any unexpected closure and leave for his appointment.<br><br>#Alert the nearest police station or relevant authority about the unexpected closure of the shop due to a personal emergency, if there are rules about this in place.<br><br>#Contact a trusted friend or family member to mind the store until either the boss or another employee arrives.",4,9
R_6NvLsQcfvpDDfKk,#Consult with the prescribing physician to see if there are cheaper alternative medications that could be effective.<br><br>#Research patient assistance programs or organizations that may help cover the cost of expensive medications.<br><br>#Consider setting up a fundraising campaign through a platform like GoFundMe to gather donations towards the cost of the medication.<br><br>#Speak to a financial adviser or social worker to learn about potential grants or government programs that can help cover the cost.<br><br>#Ask the pharmacy or drug manufacturer if they offer any discounts or payment plans for people in financial difficulty.,3,1
R_6NvLsQcfvpDDfKk,#Ask the ticket booth if they have a digital or replacement ticket option Ted can use.<br><br>#Call a cab or use a ride-share app to get Ted back to his house as quickly as possible to retrieve the ticket.<br><br>#See if any of the other group members have a spare ticket or if anyone nearby is selling a ticket.<br><br>#Check online to see if a last-minute ticket is available for purchase.<br><br>#Request the concert organizers or security if they can temporarily allow Ted inside while someone fetches the ticket for him.,3,3
R_6NvLsQcfvpDDfKk,"#Call a co-worker or a supervisor who might be able to cover for him at short notice.<br><br>#Leave a detailed note for his boss explaining the situation and the measures he had to take.<br><br>#Close the store temporarily, ensuring all valuable items are secure and locked up before leaving.<br><br>#Contact the court to see if his appointment could be rescheduled if no other options are available.<br><br>#Reach out to his boss one more time through a different means of communication, such as email or another family member, before taking any drastic actions.",3,9
R_10YuXEZMiRlBjOx,"#Contact roadside assistance service, like AAA, to request for an immediate car repair or tow on the highway.<br><br>#Call a taxi, Uber, or use a ride-hail app to get a ride to the airport immediately to ensure he doesn't miss his flight.<br><br>#Reach out to any friends or family who live nearby and could give him a ride to the airport.<br><br>#Inform the airline about his current predicament and see if the flight could be delayed or if there are subsequent flights he could take.<br><br>#Consider public transportation options, such as a nearby bus or train service if available and timings align with his flight schedule.",3,2
R_10YuXEZMiRlBjOx,"#Call the ticketing company or the venue to see if they can reprint or digitally send the ticket.<br><br>#Check if the ticket was purchased online and if there is an electronic copy that can be accessed from a smartphone.<br><br>#Negotiate with the security personnel or ticket checker at the entrance, showing them the other tickets and identification, to convince them to allow Ted in without a ticket.<br><br>#Consider options for purchasing a replacement ticket at the venue, either from the box office or from a person selling excess tickets.<br><br>#Have one of the friends who already has a ticket, enter the venue and talk to the management or concert organizers about the situation to seek their assistance.",3,3
R_10YuXEZMiRlBjOx,"#Contact a trusted colleague who may be able to cover his shift temporarily.<br><br>#Leave a detailed note for the boss explaining why he had to leave and providing any necessary information about the store’s state.<br><br>#Secure all cash and valuables in a safe place before leaving to reduce any risk of theft.<br><br>#Notify nearby businesses that he has an emergency and needs to leave the store unattended.<br><br>#Call the police non-emergency line to explain the situation, seeking their advice or assistance.",3,9
R_5GJklVh16vxIHcT,#Call a tow truck to move the broken-down car to a safe location and make arrangements for its repair.<br><br>#Use a ridesharing app like Uber or Lyft to get a quick ride to the airport.<br><br>#Contact the airline to inform them of the situation and inquire about the possibility of shifting to a later flight.<br><br>#Find a nearby car rental service to quickly rent a vehicle and continue the journey to the airport.<br><br>#Ask for help or a ride from a passing motorist if necessary and safe.,4,2
R_5GJklVh16vxIHcT,"#Immediately call the local non-emergency police or animal control, providing them with the description and location of the vehicle.<br><br>#Alert the mall security about the situation and direct them to the vehicle's location.<br><br>#Seek help from passersby to locate the owner of the car in case they are nearby.<br><br>#Observe the dog's condition while waiting for help to arrive to monitor any decline in the dog's health.<br><br>#Note the car's license plate number and any other identifying details to provide to animal control or the police.",4,6
R_5GJklVh16vxIHcT,"#Inform the security officers about the knife before they discover it during the bag scan, explaining the situation honestly.<br><br>#Ask airport security if there is any way to ship the knife to the destination ahead, instead of taking it on the flight.<br><br>#Contact a friend or family member who could pick up the knife from the airport and return it to his home or work place.<br><br>#Identify if there are any storage solutions inside or near the airport where he could leave the knife for the duration of his travel.<br><br>#Consider buying a replacement knife in Chicago, if the current situation indicates that he might lose his current one.",4,7
R_1mPDnXYAvuYpPfH,"#Ask the ticket office if they can reprint Ted's ticket or verify his purchase electronically.<br><br>#Check if Ted's ticket can be accessed digitally on his smartphone, possibly via an email confirmation or through an app.<br><br>#Offer to wait with Ted while he takes a quick taxi or rideshare back to his house to get his ticket.<br><br>#Consider sacrificing the start of the concert and go back to the house with Ted to get his ticket.<br><br>#Phone a trustworthy person who is currently at Ted's house to deliver the ticket to the concert venue.",4,3
R_1mPDnXYAvuYpPfH,"#Maintain a safe distance from the erratic driver to prevent potential collisions.<br><br>#Record the license plate, vehicle description, and the driver's behavior to report to the authorities.<br><br>#Call the local police or highway patrol to notify them about the possibly intoxicated driver.<br><br>#Avoid overtaking or getting too close to the car to ensure personal safety.<br><br>#Flash his car's headlights or honk the horn in a non-confrontational way, hoping to alert the driver to their dangerous behavior.",4,4
R_1mPDnXYAvuYpPfH,"#Call a trusted colleague to request that they take over his shift until the boss arrives.<br><br>#Leave a detailed note for the boss describing the current store conditions and any pending tasks.<br><br>#Lock the store securely before leaving for his court appointment if no help is available.<br><br>#Inform a neighboring store or trusted neighbor about the situation for extra security.<br><br>#If possible, notify local customers who may come in the next hour about the temporary closure or delay in opening.",4,9
R_53jTqoL1X0nT2mC,"#Research alternative medications that may be covered by their insurance or are less expensive, but still effective.<br><br>#Consult with the doctor treating his wife about whether there are any patient assistance programs for the medication.<br><br>#Reach out to local charities or organizations that may provide financial aid or assistance in procuring the medication.<br><br>#Explore crowdfunding options like GoFundMe and share their story to gather monetary support.<br><br>#Consider negotiations with the pharmaceutical company to potentially offer the medication at a lower cost or payment plan.",3,1
R_53jTqoL1X0nT2mC,"#Offer to share a digital copy of the ticket if Ted's ticket was purchased online and the venue allows it.<br><br>#Talk to the ticket booth or customer service at the concert venue about lost tickets, and see if they could reprint the ticket or allow entry with proof of purchase.<br><br>#If Ted has the confirmation email of the ticket on his mobile device, show it to the authorities, they might let him in.<br><br>#Consider seeking help from other friends or family members who live near Ted's house; they could retrieve the ticket and send a digital version to him.<br><br>#If the venue does not allow entry without a physical ticket, as a last resort, try to purchase an additional ticket at the door for Ted.",3,3
R_53jTqoL1X0nT2mC,"#Call a coworker to ask if they can come in early and take over his shift.<br><br>#Leave a detailed note for his boss explaining the situation and apologizing for his absence.<br><br>#Secure the store as much as possible (close register, lock doors if possible) before he has to leave.<br><br>#Notify the regional or area manager, if any, about the situation and ask for instructions on what to do.<br><br>#Contact emergency contacts, such as his boss’s family or friends who might have information about his boss’s whereabouts.",3,9
R_3Ka44xYsaccJsRl,"#Call a roadside assistance service to help with car repair, while also requesting an express service due to the flight urgency.<br><br>#Use a ride-share app like Uber or Lyft to get a quick ride to the airport, leaving the car by the road until his return.<br><br>#Contact the airline to inform them about the situation and investigate potential flight reschedule options.<br><br>#Flag down a taxi or look for a nearby public transportation option, like a bus or subway, that connects to the airport.<br><br>#Call a friend or family member living nearby to ask if they could quickly give him a lift to the airport.",3,2
R_3Ka44xYsaccJsRl,"#Maintain a safe distance from the suspected intoxicated driver to avoid any unexpected maneuvers.<br><br>#Attempt to safely pass the car if possible and as long as it doesn't break traffic rules.<br><br>#Memorize or take note of the car’s make, model, color, and license plate number while keeping a safe distance.<br><br>#Call the local law enforcement or highway patrol to report the suspected intoxicated driver, providing accurate description and location.<br><br>#Drive defensively, always anticipating potential risks and responses, such as slowing down or moving to a safer lane if available.",3,4
R_3Ka44xYsaccJsRl,"#Immediately inform the airport security about the knife in his bag, explaining that he is a chef and he accidentally packed it.<br><br>#Try to arrange for a post office nearby or within the airport to mail the knife to his destination.<br><br>#Check if the airport provides any storage facilities where he could keep the knife until he returns.<br><br>#Contact his colleagues attending the festival in Chicago, and see if any of them could bring an extra knife he could use.<br><br>#If allowed and time permits, he could exit the security line and put the knife in his checked luggage instead.",3,7
R_3patELwfLXC0uhn,"#Research for alternative, less-expensive drugs that serve the same purpose and consult with the doctor about this option.<br><br>#Start a crowdfunding campaign on platforms such as GoFundMe or Kickstarter to raise money for the medication.<br><br>#Contact local and national charitable organizations that help with medical expenses to see if they can offer any assistance.<br><br>#Reach out to the pharmaceutical company that makes the medication to see if they offer any sort of patient assistance programs or discounts.<br><br>#Consider seeking legal advice to understand if there are any possibilities for suing the insurance company for not covering the medication.",4,1
R_3patELwfLXC0uhn,"#Assess the woman's situation and ask for more details about why she needs a ride, to ensure personal safety and the legitimacy of the request.<br><br>#Offer to call a taxi or a ride-share service for her if he feels uncomfortable or is unable to help.<br><br>#Decide to drive the woman to the city if he feels safe to do so, considering it's only slightly out of his way.<br><br>#Consider informing someone, like a friend or family member, about the situation and his decision to ensure his own safety.<br><br>#If agrees to help, ask the woman to contribute to gas expenses, since the trip will require additional mileage.",4,5
R_3patELwfLXC0uhn,"#React calmly to avoid distracting the bride, groom, and guests.<br><br>#Subtly signal or whisper to a nearby person like the best man, explaining the situation and asking for help.<br><br>#Attempt to remember or find any details of the taxi such as the company, car model, or license plate number.<br><br>#Quietly step out if possible, and call the taxi company or use an app (if the ride was booked that way) to track down the vehicle.<br><br>#If unable to find the original ring in time, find a temporary substitute, like another guest's ring or a piece of jewelry, to use for the ceremony.",4,8
R_6T5m5E09eN9XxLj,"#Assess the situation and consider his own safety first, ensuring the woman doesn't appear suspicious or pose any threat.<br><br>#Ask the woman why she needs a ride and gauge her honesty based on her response.<br><br>#Consider his own schedule and fuel supply to determine whether he has enough time and gas to help her.<br><br>#Propose to call a cab or a ride-hailing service for her if he can't personally take her.<br><br>#Consider calling the local authorities if anything seems out of order or if he feels unsafe.",3,5
R_6T5m5E09eN9XxLj,"#Immediately call local animal control or the non-emergency police line to report the situation, providing the exact location and a description of the vehicle.<br><br>#If possible, stay near the vehicle to monitor the dog's condition until help arrives. However, maintain a safe distance to avoid frightening the dog.<br><br>#Look around to see if the car owner is nearby. If they are, politely express concern about the dog's condition and suggest they immediately move the dog to a cooler environment.<br><br>#Gather evidence documenting the situation. Take photos or video of the dog in the car, making sure to capture the license plate, time, and temperature. This can help authorities in case there is a need for investigation.<br><br>#Check nearby stores or ask mall security to make an announcement over the PA system to locate the car's owner.",3,6
R_6T5m5E09eN9XxLj,"#Immediately whisper into the ear of the nearest best man or maid of honor to inform them about the situation.<br><br>#Quietly excuse himself and attempt to call the taxi company or contact the driver if he has the information, to check if the ring is still in the car.<br><br>#Ask for a temporary replacement from someone in the bridal party or the audience. Someone might have a ring that could serve the purpose for the ceremony.<br><br>#Confide in the officiant and ask for a slight pause or distraction that would give him time to sort the issue.<br><br>#If possible, reach out to a nearby jewelry store to quickly purchase a temporary ring for the ceremony.",3,8
R_7To6bTmH0LLIlj1,"#Maintain a safe distance from the potentially intoxicated driver to avoid any unpredictable movements.<br><br>#Observe the driver's behavior to verify if they are indeed under the influence, looking for signs such as erratic speeds or ignoring traffic signals.<br><br>#Consider pulling over to the side of the road and report the erratic driving to local law enforcement, providing them with as much detailed information as possible.<br><br>#Make note of the car's make, model, color, and license plate number, if visible, in order to report it to the authorities.<br><br>#Avoid attempting to pass the vehicle unless it is absolutely necessary and safe to do so, to prevent any potential accidents.",4,4
R_7To6bTmH0LLIlj1,"#Immediately call the local non-emergency police or animal control number and describe the situation.<br><br>#Gather details like the car's make, model, color, and license plate number to provide to authorities.<br><br>#Try to locate the car owner by noting the nearest shop or entrance and asking mall security or staff to make an announcement.<br><br>#Remain close to the car, at a safe distance, to monitor the dog's condition while waiting for help to arrive.<br><br>#Inform passersby about the situation, and ask them if they know the car owner or if they're willing to wait for help too. This might increase the chances of the owner being notified quickly.",4,6
R_7To6bTmH0LLIlj1,"#Immediately signal discreetly to his sister or the best man about the situation.<br><br>#Call the taxi company, providing as many details as possible, to request them to look for the ring.<br><br>#Ask a family member or friend present at the wedding to rush back to the taxi place to retrieve the ring if possible.<br><br>#Use a replacement ring, like a borrowed one from a family member or friend, to continue with the ceremony.<br><br>#Briefly pause the ceremony, explaining the situation to the officiant and asking for a few minutes to solve the issue.",4,8
R_7Mfhol7X5UPSa0F,"#Suggest to Ted to check if there's a digital copy of his ticket available online which he can show at the entrance.<br><br>#Offer Ted to remain at the venue while the rest of the group attends the concert, ensuring he's not left alone.<br><br>#Propose calling the ticket office or customer service to explain the situation and see if they can arrange for a replacement ticket.<br><br>#Recommend Ted to ask around or post on social media to see if someone nearby has an extra ticket.<br><br>#Advise Ted to go back and retrieve his ticket if none of the other options work, and make plans to meet up at a specified time and place after the concert.",4,3
R_7Mfhol7X5UPSa0F,"#Politely ask the woman for more details about her situation to assess if he can safely offer help.<br><br>#Consider his own safety and comfort, deciding whether he feels comfortable giving a stranger a lift.<br><br>#Evaluate the amount of fuel in his car and whether he will need to fill up more for the additional distance.<br><br>#Think about any commitments he might have at home that could be affected by a delay.<br><br>#If he decides to offer help, communicate clearly about his intended route and where he can drop her off.",4,5
R_7Mfhol7X5UPSa0F,#Inform the airport security beforehand about the accident and request guidance.<br><br>#Check with the airlines if they could potentially deliver his knife through a specialized cargo service.<br><br>#Call his colleagues at the food festival and arrange for them to provide a similar knife from their inventory.<br><br>#Consider leaving the knife behind and buying a new one upon reaching Chicago.<br><br>#Look for postal services nearby the airport to send his knife to his destination.,4,7
R_6civA3ooTwrgGUg,"#Research alternative means of getting the medication, such as checking online pharmacies, buying from a different country where the drug may be less expensive, or looking for generic versions of the drug, which are typically more affordable.<br><br>#Seek financial help from friends, family, and community members through fund drives or online crowdfunding platforms to raise the necessary money.<br><br>#Consult with the doctor or healthcare provider to discuss alternative treatment options that might be more affordable but equally effective.<br><br>#Reach out to pharmaceutical companies that manufacture the medication. Many have patient assistance programs offering free or discounted drugs to people who can't afford them.<br><br>#Explore local and nationwide charities or non-profit organizations that help cover the cost of specific medications or diseases. Insurance navigators or social workers at hospitals often have information about such programs.",4,1
R_6civA3ooTwrgGUg,"#Call for a taxi, Uber, or any other ride-hailing service to take him to the airport as soon as possible.<br><br>#Contact his roadside assistance company, if he has one, to have his car towed and secure a ride from them.<br><br>#Call a nearby friend or family member to pick him up and fast-track his travel to the airport.<br><br>#If the intersection is near a public transit station, he could quickly head there and catch the next fastest route to the airport.<br><br>#Lastly, he could opt to rent a car if there is a nearby car rental service, to continue his journey to the airport.",4,2
R_6Bx3aTY6Cg1e7q9,"#Immediately approach the airline counter and inform them about the prohibited item in his bag.<br><br>#Ask the airport authorities if there is a way to mail the item to his destination, as some airports might have a mailing service.<br><br>#Reach out to a friend or a relative who lives nearby or could come to the airport quickly to take the knife back home.<br><br>#Consider renting a locker at the airport, if available, to keep his knife there until he returns.<br><br>#Check with the airport authorities whether they have any special procedures for chefs who need to travel with their tools.",3,7
R_6Bx3aTY6Cg1e7q9,"#Immediately and discreetly communicate his problem to the person officiating the ceremony, requesting a brief delay.<br><br>#Retrieve the taxi's number or the taxi company's contact from his recent call list or app history and call them to report the lost item, in this case the ring.<br><br>#Ask a family member or a close friend present at the wedding to quickly go back to where he got off the taxi and look for it.<br><br>#Interact with the audience, ask if anyone by any chance has a ring of similar size and appearance that can be used as a stand in.<br><br>#Consider replacing the ring with another piece of jewelry temporarily, if he or one of the attendees have one, until he is able to retrieve the actual ring.",3,8
R_5sFOpdcWbJQtTpL,"#Research about any available patient assistance programs (PAPs) for the specific medicine and apply if eligible.<br><br>#Organize a crowdfunding campaign on platforms such as GoFundMe or JustGiving to raise the necessary funds.<br><br>#Consult with the doctor about any possible alternative medications that are covered by the insurance or are less costly.<br><br>#Reach out to local charities, non-profit organizations, or religious groups that offer financial assistance for medical needs.<br><br>#Consider negotiating the price with the pharmacist or ask about the possibility of purchasing the medicine in generics to reduce cost.",4,1
R_5sFOpdcWbJQtTpL,#Contact a road assistance service to handle the car problem.<br><br>#Hail a taxi or use a ride-hailing app to continue his journey to the airport.<br><br>#Call the airport and notify them about his situation to possibly delay the flight.<br><br>#Arrange for a friend or relative to pick him up and drop him off at the airport.<br><br>#Find a local car rental service nearby and rent a car to drive to the airport.,4,2
R_5sFOpdcWbJQtTpL,"#Immediately call animal control or the local authorities to report an animal in distress.<br><br>#Take a photo or video of the car, ideally with the license plate visible, as well as the distressed dog, to aid in any subsequent investigations.<br><br>#Wait near the car maintaining some distance to ensure the dog doesn't get more stressed, while you reach out to authorities.<br><br>#Find a mall security officer to report the situation and ask him to make an urgent announcement for the car owner.<br><br>#In case the dog's condition considerably worsens, prepare to apply first aid or help cool them down, only if safe and legal to do so.",4,6
R_7JxiFwRh4URNBDz,"#Maintain a safe distance from the vehicle in question, to avoid getting into an accident if it suddenly changes lanes or slows down.
<br><br>
#Call the local non-emergency police number to report a potentially intoxicated driver providing them the vehicle's description and number plate, and the road you're on.
<br><br>
#Record the erratic driving if it's safe to do so, as video evidence may be helpful for police.
<br><br>
#Use a hands-free device to inform any family or friends traveling on the same road about the possible danger, advising them to be alert if they are nearby.
<br><br>
#If possible, take a different route to your destination to completely avoid the potentially dangerous situation.",3,4
R_7JxiFwRh4URNBDz,"#Assess the situation and kindly ask the woman about the reason she needs the ride to evaluate the risk and the urgency.<br><br>#Offer to call a taxi or an Uber for the woman if Cameron feels uncomfortable with giving her a lift.<br><br>#Agree to give the woman a ride to the nearby city, considering it's on his way home and he wants to help.<br><br>#Politely decline the woman's request if Cameron feels unsafe or is in a hurry to reach his home.<br><br>#Contact local law enforcement or nearby help if Cameron suspects something is amiss or if the woman appears to be in distress.",3,5
R_7yrq92i8paCRIW6,"#Immediately let a member of airport security staff know about the knife in his bag.<br><br>#Retrieve the knife from his bag and voluntarily hand it over to airport security.<br><br>#Discuss whether the item can be shipped to his destination instead of being confiscated.<br><br>#If allowed, return to check-in and place the knife inside the checked luggage.<br><br>#Make arrangements to replace the knife at the destination, in case it is confiscated.",4,7
R_3UPsQtUdY7cUC1r,#Call a taxi or use a ride-hailing service like Uber or Lyft to get to the airport as quickly as possible.<br><br>#Contact a roadside assistance service to ask for help with his broken down car.<br><br>#Reach out to any nearby friends or family members who may be able to offer a quick ride to the airport.<br><br>#Consult a GPS or smartphone app to determine if there is public transportation available that could expedite his trip to the airport.<br><br>#Contact the airline to advise them of the situation and ask if there is any possibility of rescheduling the flight under the circumstances.,3,2
R_3UPsQtUdY7cUC1r,"#Contact a coworker who lives nearby and ask them to cover for him until the boss arrives.<br><br>#Leave a detailed note for the boss explaining the situation and apologizing for his absence.<br><br>#Temporarily close the store and put up a 'back in 10 minutes' sign to give himself time to call the boss again.<br><br>#Call a store in the same chain or a friendly competing store and ask if they can spare a person to fill in for a while.<br><br>#If a regular customer comes in, perhaps ask them to mind the store for a brief period while he attends his court appointment.",3,9
R_172SUVOzbqsydYm,"#Ask Ted if he has a digital copy of his ticket, an email confirmation, or any method to access the ticket online.<br><br>#Approach the ticket booth to check if they can print another ticket or grant access to Ted, provided he can show ID and proof of purchase.<br><br>#Call a quick cab or taxi for Ted to hurry back to his house and retrieve the ticket.<br><br>#Check with nearby scalpers or online resellers to see if there are any available tickets for immediate purchase.<br><br>#Ask other concertgoers or friends who may be heading to the same concert if they have an extra ticket.",3,3
R_172SUVOzbqsydYm,"#Stay a safe distance behind the potentially intoxicated driver to avoid any potential accidents or sudden stops.<br><br>#Turn on his hazard lights to alert other drivers of the potential danger on the road.<br><br>#Call local law enforcement to report the driver, providing a description of the car, the driver's behavior, and the car's current location.<br><br>#Be prepared to pull off the road or take evasive action if the other driver's behavior becomes even more erratic.<br><br>#If possible, note the vehicle's license plate number for sharing with the police.",3,4
R_172SUVOzbqsydYm,"#Ask the woman for more details about her situation to assess whether the situation could be potentially dangerous or inconvenient.<br><br>#Consider the extra mileage and calculate whether he has enough gas and time for the unexpected detour.<br><br>#Call up family members or friends to inform them about the situation and the possible delay to his expected time of arrival home.<br><br>#Offer to call a taxi or an Uber for the woman, should he decide he is not comfortable giving her a ride.<br><br>#Ensure to protect his own safety; if he decides to help, he may ask to see her identification first, or insist on public places as pick-up and drop-off points.",3,5
R_18J7rCWLhtX6q6T,"#Maintain a safe distance from the vehicle to protect himself from unpredicted movements.<br><br>#Call the police and provide the necessary details including the vehicle’s model and license plate.<br><br>#Attempt to safely overtake the other vehicle if the road is clear, but avoid direct confrontation with the suspected intoxicated driver.<br><br>#Follow the car from a safe distance and act as a guide for police when they arrive.<br><br>#Inform other motorists by honking or flashing lights from a safe distance, if possible and without endangering himself or others.",3,4
R_18J7rCWLhtX6q6T,"#Inform the security official immediately about the knife, explaining that it was an innocent mistake.<br><br>#Ask if there are any options for mailing the knife to his final destination if confiscation is the only immediate option.<br><br>#Contact a person who might be able to return home with the knife if there is enough time and someone available.<br><br>#Research a suitable replacement knife at stores in the Chicago area, in case the security officials confiscate it.<br><br>#Call his fellow chefs at the food festival in Chicago for them to prepare a substitute knife in case his is confiscated.",3,7
R_5KU9cbbkgElmx9M,"#Call the local police or animal control immediately and give them all necessary details, including the car's location and license plate number.<br><br>#Check nearby stores or mall exits for the car's owner, describing the situation to anyone who might have seen them.<br><br>#While waiting for authorities, stay with the vehicle to monitor the dog's condition and record any changes.<br><br>#If authorities do not arrive soon and the dog's condition worsens, consider taking action to remove the dog from the car, keeping in mind local laws about damaging property.<br><br>#After the situation has been resolved, post about it on social media to raise awareness about the dangers of leaving pets in cars during hot weather.",4,6
R_7gEPNKXcOPq3VFn,"#Politely ask the woman for more details about why she needs the ride and assess the situation for risk.<br><br>#Consider the available gas and determine if it's enough to facilitate the additional journey before making the decision.<br><br>#Call a friend or family member and inform them about the situation, providing details such as the woman's appearance and the expected time of arrival at the designated city.<br><br>#Offer to call her a cab or a rideshare service if he feels uncomfortable or unable to give her a ride.<br><br>#If he agrees to her request, ensure the car doors are locked during the journey and keep personal belongings concealed.",4,5
R_7gEPNKXcOPq3VFn,#Contact a fellow employee who can cover his shift temporarily until his boss arrives.<br><br>#Leave a detailed note for his boss explaining the situation and his court appointment.<br><br>#Lock up the store temporarily if it is allowed and inform any regular customers about the situation.<br><br>#Notify the local police department about the situation as precautionary measure to avoid any security risks.<br><br>#Invoke the help of a trusted friend or family member to watch over the store until the boss or another worker can get there.,4,9
R_7THjbDGkRTJW87D,#Ask if Ted has an electronic version of the ticket on his phone or email that he could use instead.<br><br>#See if it's possible to purchase a new ticket at the concert venue to avoid the delay of going back home.<br><br>#Check if the concert organizers have a lost-and-found or help desk where they could help sort out the situation.<br><br>#Offer to stay outside and wait with Ted to show solidarity and ensure that he isn't alone.<br><br>#Try to remember if any of their common friends that are already inside the concert could possibly have an extra ticket.,4,3
R_7THjbDGkRTJW87D,"#Quickly and discreetly remove the knife from the bag and leave it in the bin designated for restricted items at the security checkpoint.<br><br>#Approach a security personnel and calmly explain the situation, expressing willingness to surrender the item if necessary.<br><br>#Consider calling a nearby friend or family member to come and pick up the knife, if time permits.<br><br>#Engage a shipping service at the airport, if available, to send the knife back to his home or workplace.<br><br>#If none of these options work and he risks missing his plane, Carl could opt to abandon the knife, despite its value.",4,7
R_3t5vNRvNAcTavFF,"#Maintain a safe distance from the unpredictable vehicle to avoid any sudden accidents.<br><br>#Turn on the high beams in case the driver ahead isn't aware they are crossing into the other lane.<br><br>#Avoid overtaking the vehicle, given the uncertainty of the driver's state and their unpredictable driving behavior.<br><br>#Contact local law enforcement to report the license plate number and dangerous driver to prevent potential accidents.<br><br>#Ensure his own safety and those around him by driving cautiously and staying alert to changes in the environment caused by the intoxicated driver.",4,4
R_3PbzlZu4y8STMrv,"#Call the concert organizers or venue to ask if they can reissue a ticket at the box office for Ted.<br><br>#Check if the ticket was an e-ticket and if it can be sent to Ted's phone or printed at a nearby printing facility.<br><br>#See if there's a way to purchase another ticket online or at the box office for Ted.<br><br>#Scan and send a copy of the ticket from Ted's house, if there's someone available there.<br><br>#Ask around to see if anyone has an extra ticket that they are willing to sell or give away.",3,3
R_3yqfeL4QRGkFMMV,"#Seek financial assistance from close friends and family who might be willing to lend him the money for his wife's medication.<br><br>#Contact the pharmaceutical company directly and inquire about any patient assistance programs or discounted pricing options they may offer.<br><br>#Consult with healthcare professionals about potential alternatives or generic versions of the medication that could be less expensive.<br><br>#Start a crowdfunding campaign on a platform like GoFundMe, explaining the situation to garner support and help cover the costs.<br><br>#Apply for medical grants or charity programs that assist with unexpected medical expenses, or explore the option of medical loans.",4,1
R_7fHladp2OSWSCTO,"#Contact charity organizations dedicated to helping individuals afford their medications.<br><br>#Speak with the doctor or pharmacist for an alternative medication that is covered by the insurance.<br><br>#Explore options for generic versions of the medication, which usually costs much less.<br><br>#Research patient assistance programs that might help cover the cost of the medication.<br><br>#Consider crowdfunding or other forms of fundraising to raise the needed funds.",3,1
R_35iqFeyE6Y3yoW5,#Research alternative medical insurance plans that may cover the costly medication.<br><br>#Seek financial assistance or subsidy programs related to the specific illness or medication.<br><br>#Discuss possible payment plans or discounts with the pharmacy or medication manufacturer.<br><br>#Organize a fundraising event or start a crowdfunding campaign to raise money for the medication.<br><br>#Consult with her doctor about potential alternatives to the expensive medication that are equally effective but less costly.,4,1
R_35iqFeyE6Y3yoW5,"#Call a taxi, Uber, or other ride-share service to immediately transport him to the airport.<br><br>#Contact a roadside assistance service to fix the car, only if there is sufficient time before the flight.<br><br>#Reach out to a friend or family member who might be available to give him a ride to the airport.<br><br>#Check if there are public transportation options like a nearby bus or train that he could use to get to the airport.<br><br>#Contact the airline to notify about the situation and inquire about possible options if he misses his flight.",4,2
R_35iqFeyE6Y3yoW5,"#Contact a reliable coworker and see if he or she can cover the morning shift until the boss arrives.<br><br>#Call the store's area manager or superior authority, briefly explain the situation, and ask for their guidance or assistance.<br><br>#Leave a detailed message or note explaining the situation for the boss to find upon arrival, including the time he had to leave and steps he took to manage his absence.<br><br>#Secure the store following the necessary protocols and communicate the situation to the police or a trusted neighbor, assuring them that the boss should be arriving shortly.<br><br>#If there's a nearby store or establishment open, he could ask someone he trusts to watch over the store until his boss arrives.",4,9
R_8Fao0B8LFtkdzCk,"#Discuss with the healthcare provider about possible alternative medication or treatments which might be covered by insurance.<br><br>#Apply for financial aid programs or charity care programs offered by the hospital or pharmaceutical companies.<br><br>#Check for generic versions of the medication, which may be less expensive.<br><br>#Reach out to friends, family, or community members for financial assistance, organizing a fundraiser if needed.<br><br>#Explore crowdfunding options on platforms such as GoFundMe to raise money for the medication.",3,1
R_8Fao0B8LFtkdzCk,#Call a roadside assistance service immediately to get his car fixed or towed.<br><br>#Hail a taxi or use a ride-sharing app to continue his trip to the airport.<br><br>#Contact the airlines to inform them about his situation and explore options for rescheduling or delaying his flight.<br><br>#Reach out to a friend or family member who lives nearby to see if they can give him a ride to the airport.<br><br>#Look for nearby public transportation options like a bus or subway that could take him to the airport.,3,2
R_8Fao0B8LFtkdzCk,"#Write a professional message to his boss explaining the situation and asking what he should do.<br><br>#Call a trusted coworker who might be able to substitute for him until the boss arrives.<br><br>#Notify any regular customers at the store about the situation and express his regret for any inconvenience caused.<br><br>#Secure the shop, if possible, and notify the security company or police that the shop will be unmanned for a while.<br><br>#Leave a note at the shop explaining the situation for when his boss finally arrives.",3,9
R_5ib26kMro3wLjSD,"#Maintain a safe distance from the potentially intoxicated driver's car.<br><br>#Attempt to record the driver's license plate number and the make and model of the car.<br><br>#Contact local law enforcement and report the erratic behavior of the driver for them to check.<br><br>#If the road is clear and it is safe, consider overtaking the car to avoid a potential accident.<br><br>#Warn other drivers by flashing headlights, only if it is safe and within traffic regulations.",4,4
R_5ib26kMro3wLjSD,"#Immediately call local animal control, the non-emergency police line, or a local humane society to report the situation.<br><br>#Note details about the car, such as the model, color, the license plate number to share with authorities.<br><br>#Stay near the vehicle to keep an eye on the dog's condition while waiting for help to arrive.<br><br>#Attract attention from others nearby to help monitor the situation and potentially speed up rescue.<br><br>#After professionals arrive, provide any additional information they might need, such as how long you have noticed the dog in the car.",4,6
R_5ib26kMro3wLjSD,"#Quietly inform the officiant of the situation and ask for a brief pause.<br><br>#Contact the taxi company immediately to report the lost item and ask if they can find and return it ASAP.<br><br>#Ask a friend or family member at the wedding to lend a similar-looking ring as a temporary replacement.<br><br>#Apologize to his sister and brother-in-law discreetly and explain the situation.<br><br>#Plan to replace the ring later, ensuring it matches as closely as possible with the original one.",4,8
R_7c1urwSlVW5QzJX,"#Research and reach out to pharmaceutical companies that may have patient assistant programs which could help in the provision of the needed medication.<br><br>#Discuss the case with the prescribing doctor and explore the possibility of switching to a more affordable alternative medication or using generics.<br><br>#Consider setting up a crowdfunding campaign to raise funds for the medication, sharing the story to motivate people to contribute.<br><br>#Contact local community organizations, charities or foundations that may offer medical financial assistance.<br><br>#Consult with a medical social worker or financial counselor about options for financial assistance programs or subsidies that may be applied to medical costs.",3,1
R_7c1urwSlVW5QzJX,"#Call for roadside assistance or a towing service to fix the car or take it to a nearby garage.<br><br>#Use a ride-hailing service like Uber or Lyft to get a ride to the airport.<br><br>#Contact a friend or family member who might be able to give him a quick ride to the airport.<br><br>#Check if there's a public transportation option, such as a bus or train, that could take him to the airport.<br><br>#Consider renting a car if there is a nearby rental service and it's a viable option.",3,2
R_7c1urwSlVW5QzJX,"#Calmly communicate with the best man or closest person and explain the situation to them.<br><br>#Quietly and discreetly attempt to reach out to the cab company or driver through a mobile phone, if number or contacts are available.<br><br>#If possible, leave the ceremony provisionally, and hire a taxi or drive to trace back the route in an attempt to find the lost taxi.<br><br>#Consider explaining the situation to the wedding officiant and suggest they proceed with the ceremony without the ring, promising to place the ring at a later suitable time.<br><br>#Ask someone from the wedding party if there's a spare ring or any symbolic item that could temporarily substitute for the real ring.",3,8
R_6qeihr5wAKgSJNC,"#Call for a roadside assistance to provide immediate help with the broken car.<br><br>#Book a taxi, a ride-share service like Uber, or a rental car to continue the journey to the airport.<br><br>#Contact the airline to inform them of the situation and potentially reschedule the flight if necessary.<br><br>#Reach out to a friend or family member nearby to request a quick ride to the airport.<br><br>#Consider using public transportation such as a bus or metro if they are accessible and can get him to the airport on time.",4,2
R_6qeihr5wAKgSJNC,"#Suggest Ted to check if there's a digital copy of his ticket in his email or on the event's website, which he could show at the entrance.<br><br>#Offer to speak with the event management together, explaining the situation and asking if they could make an exception.<br><br>#Offer Ted to stay outside with him and enjoy some food or drinks nearby, until he can get his ticket.<br><br>#Ask other friends or acquaintances who are also attending the concert if they have an extra ticket.<br><br>#Check with the ticket counter if they can reprint the ticket using the booking details, which Ted surely knows.",4,3
R_5P03OMXGinfGRQN,"#Politely ask the woman for more information about her situation to assess the level of urgency or need.<br><br>#Consider the implications of his petrol consumption and the potential for disruption to his own schedule.<br><br>#Offer to call a cab or a ride-hailing service for the woman if he feels uncomfortable or unable to provide the ride himself.<br><br>#Decide to give the woman a lift if he has judged that it is safe, fuel-efficient, and time-conducive.<br><br>#Suggest other alternatives for transportation, such as using local public transit if it is available and safe.",3,5
R_5P03OMXGinfGRQN,"#Immediately inform the security officer about the situation, explaining that he is a professional chef traveling to a food festival and unintentionally brought his chef's knife.<br><br>#Ask the security officer if there is any way to safely and legally transport the knife, perhaps in the checked luggage area.<br><br>#Consider turning back to the counter of his airline to see if he can still check in his knife as part of his checked luggage, if time and airport policy allow.<br><br>#Consider asking the airport authorities if they can hold onto the knife and if it could be retrieved upon his return.<br><br>#If all else fails, he could potentially reach out to a local friend or a taxi/ride-share driver to take the knife back home or at least keep it safe until he comes back.",3,7
R_5P03OMXGinfGRQN,"#Call a trusted coworker who might be able to cover the remaining time until the boss arrives.<br><br>#Write an explanation note detailing his urgent appointment for the boss to read when they arrive if Jeff has to leave before then.<br><br>#Alert the local law enforcement or security agency about the unusual event and his need to leave, ensuring the store is not completely unattended.<br><br>#Inform regular customers who might come into the store early in the morning about the unexpected situation, and the possible late opening of the store.<br><br>#Try to get in touch with the boss using different methods, such as email or contacting a family member of the boss who might know his whereabouts.",3,9
R_748gkENDxEQdCXn,"#Call a roadside assistance service or an auto repair shop nearby to attend to the car's breakdown.<br><br>#Contact a taxi service or use a ride-share app like Uber or Lyft to get a ride to the airport.<br><br>#Inform the airline of the situation and explore possibilities for rescheduling the flight without incurring any penalties or added costs.<br><br>#Seek help from a nearby pedestrian or motorist to assist with transportation to the airport or fixing the car, if it's a minor issue.<br><br>#Use public transportation, if available and viable, to get to the airport as quickly as possible.",3,2
R_748gkENDxEQdCXn,"#Ask the ticket booth if there is a way to replace a lost ticket, providing necessary identification and proof of purchase.<br><br>#Check if there's a digital version of the ticket that Ted could download on his phone from the venue's website or the platform he bought it from.<br><br>#Assess whether any of the friends or other concertgoers have an extra ticket that Ted could purchase or borrow.<br><br>#Consider calling a friend or family member who's near Ted's house to pick up his ticket and deliver it to the concert venue.<br><br>#Evaluate the possibility of watching the concert via livestream on a mobile device, if the event provides such an option.",3,3
R_748gkENDxEQdCXn,"#Agree to the woman's request and drive her to the nearby city, considering that it's in the same direction and the detour isn't too substantial.<br><br>#Politely decline the woman's request, explaining his reasons, such as exhaustion after work or the extra distance involved.<br><br>#Offer to call a cab or rideshare service for the woman if he doesn't feel comfortable driving her himself.<br><br>#Ask the woman for more information about why she needs a ride, to make a informed decision whether to help or not.<br><br>#Contact local authorities if he suspects that the woman is in danger or needs professional assistance.",3,5
R_3H2KU07RsWqqKoj,"#Research for assistance programs or charities related to the specific medication or illness. They often help by funding patients who cannot afford costly treatments.<br><br>#Inquire with the pharmaceutical company about possible payment plans or discount programs for the medicine.<br><br>#Consult with the doctor or pharmacist on the possibility of accessing a generic version of the medication as it could be less expensive.<br><br>#Reach out to friends, family, or community members to seek financial help or organize a fundraising event.<br><br>#Explore online crowdfunding platforms to raise the necessary funds by sharing their story and asking for donations.",4,1
R_3H2KU07RsWqqKoj,"#Politely ask for more information about why she needs a ride, to assess the urgency and legitimacy of the request.<br><br>#Consider whether he has enough gas, or if he can afford additional gas to go the extra distance.<br><br>#Evaluate his schedule and determine if he has enough time to accommodate the detour.<br><br>#Consider his personal safety and if he feels comfortable giving a ride to a stranger.<br><br>#If he agrees to give the ride, set some ground rules for the journey such as where will he drop her off.",4,5
R_3H2KU07RsWqqKoj,"#Contact the assistant manager or any other senior staff member and inform them of the situation.<br><br>#Reach out to any colleagues who might be available to take over from him for a short while.<br><br>#Leave a note for his boss or the next available staff to explain the situation.<br><br>#Try to reschedule his court appointment if possible.<br><br>#If no one can replace him, consider temporarily closing the store, based on the store policies.",4,9
R_3kHsH2AQ80rZSlL,"#Research different pharmaceutical aid programs that provide financial assistance for medical prescriptions.<br><br>#Contact the pharmaceutical company directly to inquire if they offer any compassionate use programs or discounts for those who cannot afford their medication.<br><br>#Consult with the healthcare provider or a social worker about possible resources or charitable organizations that might help with the cost.<br><br>#Consider crowdfunding or fundraising efforts within their local community or through online platforms to gather financial support.<br><br>#Explore generic options or alternative treatments that might be less expensive but still effective, with consultation from the healthcare provider.",3,1
R_3kHsH2AQ80rZSlL,"#Immediately signal discreetly to a close family member or friend in the audience to indicate the issue.<br><br>#Quietly ask the officiant to make a small delay or improvise until the problem is resolved.<br><br>#If the wedding planner is nearby, let him/her know about the situation and ask for help.<br><br>#Contact the taxi company quickly to inform them about the lost item and ask if it can be delivered immediately.<br><br>#If available, consider using a placeholder ring temporarily until the original ring can be retrieved.",3,8
R_3kHsH2AQ80rZSlL,"#Call a reliable coworker to see if they can cover for him until his boss arrives.<br><br>#Leave a detailed note for his boss explaining the situation and why he had to leave.<br><br>#Contact the police or a lawyer to inform them of his situation and ask if the court appointment can possibly be rescheduled.<br><br>#Lock up the store and leave a sign explaining that it will be temporarily closed due to an emergency.<br><br>#Inform any present customers about the situation and ask them to leave, ensuring the store is empty before he departs for his appointment.",3,9
R_6ZddgAvFMr0B6PD,"#Contact the pharmaceutical company directly to inquire about any available patient assistance programs.<br><br>#Explore crowdfunding options such as GoFundMe to raise money for the medication.<br><br>#Reach out to non-profit organizations that specifically help individuals who cannot afford their medication.<br><br>#Investigate whether switching to a different insurance plan might result in better coverage for the prescription.<br><br>#Talk to the doctor or pharmacist about finding a cheaper, yet still effective, alternative.",3,1
R_6ZddgAvFMr0B6PD,"#Maintain a safe distance from the suspected vehicle to avoid potential accidents.<br><br>#Try to memorize the license plate number, vehicle model and color to provide to authorities if necessary.<br><br>#Pull over to the side of the road and dial the local non-emergency police number to report the potentially dangerous driver.<br><br>#Avoid attempting to overtake or confront the suspected intoxicated driver as this could lead to a dangerous situation.<br><br>#Activate dashboard camera, if available, to capture the driver's behavior as evidence.",3,4
R_6ZddgAvFMr0B6PD,"#Quietly inform the nearest member of the wedding party about the missing ring, preferably the best man or maid of honor.<br><br>#Politely excuse himself, if possible, and call the taxi company or the specific driver, if he knows their contact, to retrieve the ring.<br><br>#Check his pockets and general surrounding thoroughly in case the ring is misplaced rather than lost. <br><br>#Confess the issue directly to the wedding officiant discreetly, so they may help in orchestrating a solution.<br><br>#Ask a family member or close friend in attendance to quickly purchase a stand-in ring from a nearby store, if time permits.",3,8
R_1V3zySB3UIYJbHE,"#Maintain a safe distance from the suspected intoxicated driver, increasing the usual following distance to avoid any sudden or unpredictable maneuvers.<br><br>#Contact local authorities, such as the police, to report the suspected intoxicated driver, providing the make, model, and license plate number if possible, along with the current location and direction.<br><br>#Take alternative routes to avoid being behind the suspected intoxicated driver, ensuring personal safety.<br><br>#Capture the erratic movement of the suspected intoxicated driver's car using a dashcam or other device, should this prove necessary for potential legal proceedings.<br><br>#Stay calm and focused on the road, keeping an eye on any other vehicles that may also be affected by the suspected intoxicated driver's actions.",3,4
R_1V3zySB3UIYJbHE,"#Call the local non-emergency police number to report the situation along with providing the location and description of the vehicle.<br><br>#Write down the car's model, color, and license-plate number for reference.<br><br>#Look around for a mall security guard or staff member to request their help in locating the car owner.<br><br>#Stay near the car to monitor the dog's condition and provide updates to the authorities.<br><br>#If the dog's condition seems to worsen rapidly, call emergency services or animal control immediately.",3,6
R_1V3zySB3UIYJbHE,"#Immediately inform airport security about the situation to clear any misunderstandings.<br><br>#Ask the airport officials if there is any way he can mail the knife to his destination or home address.<br><br>#Find out if there are any nearby storage facilities where he can securely store the knife and repatriate it upon his return.<br><br>#Contact his colleagues at the food festival and inquire if they can arrange for a replacement knife.<br><br>#Consider buying a new knife when he arrives in Chicago, if all other actions are not feasible.",3,7
R_3d5H87sPvHOTEQ2,"#Alert the local authorities about the suspicious driver, providing clear details about the car and its location.<br><br>#Maintain a safe distance from the erratic vehicle to avoid any potential accidents.<br><br>#Slow down and allow the suspected intoxicated driver to increase their distance ahead.<br><br>#If possible, safely switch to another lane or turn onto a different road to put distance between his car and the potential drunk driver.<br><br>#Turn on his hazard lights to alert other drivers about the dangerous situation on the road.",4,4
R_3d5H87sPvHOTEQ2,"#Immediately call the local non-emergency police or animal control number. Provide them with the necessary details, including the make, model, and license plate number of the vehicle.<br><br>#Take note of the time and continue monitoring the dog while waiting for help to arrive. Long periods in high temperatures can quickly lead to heatstroke for dogs.<br><br>#Get mall security involved if possible. They might be able to make an announcement over the mall's intercom system to alert the owner of the situation.<br><br>#Take a picture of the vehicle and the dog inside. This may serve as evidence if necessary later.<br><br>#If the situation worsens and help isn’t arriving quickly enough, find a witness who can support your assessment that the dog is in distress. In many states, it's legal to break into the car to save a pet's life if there's clear evidence of suffering.",4,6
R_3d5H87sPvHOTEQ2,"#Notify the taxi company immediately to track down the taxi he was in and ask the driver to check the seat for the ring.<br><br>#Confide quietly to the closest family member or bridal party member about the situation, they might be able to provide immediate solution or advice.<br><br>#Quietly inform the priest or official who is conducting the ceremony about the situation and ask for a brief pause.<br><br>#See if there's a spare ring or similar object available to use temporarily for the ceremony.<br><br>#Apologize to his sister and his brother-in-law discreetly and assure them he will do everything to retrieve the ring.",4,8
R_7wcxPZnxatAQoKd,"#Call a roadside assistance service immediately to help with the car breakdown.<br><br>#Use his phone to request a taxi, rideshare service, or use public transit to get to the airport as soon as possible.<br><br>#Contact the airline to inform them about the situation, they might be able to advise on what to do or potentially reschedule his flight.<br><br>#Reach out to a friend or family member nearby who might be able to give him a lift to the airport.<br><br>#In case of remaining stuck, look for nearby hotels or accommodations to rest and reschedule his journey.",3,2
R_7wcxPZnxatAQoKd,"#Politely explain to the woman that he can't take her the full distance, but offer to drop her off somewhere that's on his route.<br><br>#Ask the woman if she has any money to contribute to the extra gas needed to reach the city, if he ends up agreeing to drive her.<br><br>#Recommend nearby public transportation options to the woman that could take her to her destination.<br><br>#Ask the woman for more information about why she needs to get to the city, to assess if it's an emergency situation that would warrant him going out of his way.<br><br>#Inform nearby gas station personnel or call local police for assistance if he feels uncomfortable or suspicious about the woman's request.",3,5
R_7wcxPZnxatAQoKd,"#Call the store's assistant manager or another available staff member to cover the shift temporarily. <br><br>#Leave a detailed note explaining the situation for his boss, and where he can be contacted if necessary. <br><br>#Contact any neighboring business or friendly customers, inform them about the situation, and ask for their temporary assistance.<br><br>#If possible, lock the store and leave. It may not be ideal, but attending court is of utmost importance. <br><br>#Reach out to a friend or family member who can watch the store until his boss arrives or until another employee comes in for their shift.",3,9
R_6Nqe6RvYNY9JJxy,#Suggest to Ted to check if he has a digital copy of the ticket in his email or the concert booking platform account.<br><br>#Contact the concert organizers or ticket booth to explain the situation and see if they can offer a solution such as reissuing the ticket.<br><br>#Consider buying an extra ticket on the spot if they are still available and if Ted can afford it.<br><br>#Ask around if anyone has a spare ticket that they would sell or give away.<br><br>#Offer to film or livestream selected parts of the concert for Ted to watch while he collects his ticket from home.,3,3
R_6Nqe6RvYNY9JJxy,"#Approach the car to better assess the situation and confirm that the dog is indeed in a dangerous situation.<br><br>#Immediately alert mall security or staff, providing them with the car's license plate number and location.<br><br>#Call local animal control or the non-emergency police line, describing the situation and asking for urgent support.<br><br>#If the dog's situation worsens, consider breaking the vehicle's window, specifically on the opposite side of where the dog is located to avoid possible injury.<br><br>#Once the situation is resolved, contact local authorities or advocate groups to push for stricter laws against leaving pets in vehicles during extreme weather.",3,6
R_6Nqe6RvYNY9JJxy,"#Contact the security officer immediately and explain the situation candidly.<br><br>#Check if the airport has a mailing center where he can mail the knife to his home or the hotel where he will be staying.<br><br>#Ask if the airport has storage facilities where he can store his knife until he returns from his trip.<br><br>#Consider leaving the knife with a trusted friend or family member who can pick it up from the airport.<br><br>#In a worst-case scenario, be prepared to leave the knife at the security checkpoint, acknowledging the mistake of bringing it with him.",3,7
R_6lcm0fpvv2imS1c,"#Josh can call a tow truck to remove his car from the intersection and take it to a nearby auto repair shop.<br><br>#He could then use a ride-hailing app like Uber or Lyft to request a quick ride to the airport.<br><br>#Josh could contact the airline and explain his situation, asking if it's possible to reschedule his flight.<br><br>#Another option would be to seek help from nearby drivers. They may be willing to give him a lift to the airport if they're traveling in the same direction.<br><br>#Josh could also call a friend or family member who might be able to quickly pick him up and drive him to the airport.",4,2
R_6lcm0fpvv2imS1c,"#Call the ticket provider or event organizer to report the lost ticket and inquire about the possibility of getting a replacement ticket at the concert venue.<br><br>#Check to see if Ted has an electronic version of his ticket in his email or on his mobile device that he can show at the entrance.<br><br>#Ask the concert venue staff if they can verify Ted's ticket purchase through his ID or other information.<br><br>#Consider selling her own ticket or asking one of the other friends to sell theirs, and share the profits to purchase a new ticket for Ted.<br><br>#Stay outside the concert venue with Ted to enjoy the concert ambiance and music from the outside, if none of the above actions work.",4,3
R_6lcm0fpvv2imS1c,"#Quickly and discreetly remove the knife from his bag and locate a nearby post office or courier service where he could safely ship the knife to his destination address in Chicago.<br><br>#Inform airport security about his mistake before he reaches the security check, explain his profession and ask if there's a possible way to ship or store the knife at the airport.<br><br>#Consider leaving the line and finding a safe location to leave the knife, like a storage locker at the airport, then retrieve it upon his return.<br><br>#Call a trusted friend or family member who lives nearby and ask if they could take the knife and keep it safe until he returns.<br><br>#Look for any stores or vendors inside the airport that might sell knife cases suitable for carry-on, if the airport restrictions on knives are based on safe storage rather than presence of the knife.",4,7
R_6N4bFWdLy2Tcs4F,"#Maintain a safe distance from the suspected intoxicated driver to avoid a possible collision.<br><br>#Notify the police about the erratic driver by providing important details such as the car's model, color, and license plate number.<br><br>#Record the erratic driving behavior with dash-cam if available as evidence.<br><br>#Avoid attempting to pass the erratic driver if the traffic condition is not safe.<br><br>#Activate his car's hazards to signal other drivers about the potential danger.",4,4
R_6N4bFWdLy2Tcs4F,#Politely inform the woman that he is not comfortable giving rides to strangers for safety reasons.<br><br>#Agree to give the woman a ride out of kindness but put a limit on the mileage or the location he is willing to take her.<br><br>#Call a taxi or rideshare service for the woman if he has the means and he is willing to help but not comfortable giving her a ride.<br><br>#Check with the gas station attendant or other trustworthy individuals around about the woman's situation before making a decision.<br><br>#Contact local law enforcement or a social service agency who can dispatch someone to assist the woman if he suspects she may be in distress.,4,5
R_6N4bFWdLy2Tcs4F,"#Remain calm and discreetly inform the wedding officiant about the missing ring.<br><br>#Immediately call the taxi service and explain the situation, requesting them to check the taxi for the missing ring.<br><br>#Consider asking a close family member or friend at the wedding to help coordinate with the taxi service, allowing Daniel to stay at the wedding.<br><br>#Consider using a placeholder ring for the ceremony (it may be possible to borrow a ring from a guest).<br><br>#If the ring is not found, apologize profusely to his sister and brother-in-law and promise to replace it as soon as possible.",4,8
R_40q414gjeTweXES,"#Suggest that Ted check with the concert organizers to see if they can verify his purchase and reissue a ticket.<br><br>#Offer to call a cab for Ted to quickly return home and pick up his ticket.<br><br>#Ask around to see if any other concert-goers have an extra ticket Ted could buy.<br><br>#Propose the group waits for Ted to fetch his ticket, if the concert is not a one-time event and there will be other opportunities to attend.<br><br>#Recommend that Ted uses a ride share app to go and return quickly, maximizing the part of the concert he will be able to see.",3,3
R_40q414gjeTweXES,"#Maintain a safe distance from the potentially intoxicated driver to avoid sudden erratic moves.<br><br>#Use the hands-free calling feature to dial the local police station, reporting the possible drunk driver and their license plate number.<br><br>#Avoid trying to pass the vehicle, as this could lead to an accident if the other driver suddenly swerves.<br><br>#Turn on hazard lights to warn other drivers of the potential danger ahead.<br><br>#Attempt to capture the erratic driving on a dashcam or cell phone camera (if a passenger is present) to provide evidence to law enforcement.",3,4
R_40q414gjeTweXES,"#Call animal control or local law enforcement immediately and provide them with all the necessary details, such as exact location, color and make of the car, and the state of the dog.<br><br>#Take note of the car's license plate number, make, model and color for a detailed description when reporting.<br><br>#Stay nearby until help arrives to observe the condition of the dog and prevent potential situations of aggression or theft.<br><br>#Alert the management of the mall about the situation, they might be able to make a public announcement to find the car owner.<br><br>#Record a video or take pictures of the situation, as this could serve as evidence if legal actions are to be taken against the owner.",3,6
R_5L4HhGpEKWr83HX,"#Call the venue or ticket provider to check if a digital copy of the ticket can be provided or if identification can be used to grant entrance.<br><br>#Ask around to see if anyone has an extra ticket they are willing to sell.<br><br>#Propose to wait for Ted while he quickly goes back to get his ticket, making a plan to stay in touch and meet inside when he returns.<br><br>#Speak with the ticketing staff or management of the place directly to explain the situation and request assistance or a possible solution.<br><br>#Check online platforms for last-minute ticket sales available for immediate digital delivery.",4,3
R_5L4HhGpEKWr83HX,"#Politely alert the security personnel about the knife in his bag before it goes through the scanner, explaining the situation and its significance to his occupation.<br><br>#Inquire about an available lost and found or locker service at the airport where he might temporarily store the knife until he returns.<br><br>#Ask if there is a postal service available at the airport to mail the knife to his destination.<br><br>#If time permits, exit the line and see if there's a friend or family member nearby who could hold onto the knife until he gets back.<br><br>#Consider leaving the line and seeking out a local storage locker service or courier service outside of the airport to securely hold or deliver the knife.",4,7
R_5L4HhGpEKWr83HX,#Contact another employee to see if they can come in and take over his shift.<br><br>#Leave a note for the boss explaining the situation and assuring him that he tried reaching out before leaving.<br><br>#Call the local police station to inform about his unavoidable court appointment and seek advice.<br><br>#Wait for as long as possible without risking being late for the court appointment and then proceed.<br><br>#Inform a regular customer or someone nearby about the situation in case they see the boss arrive.,4,9
R_69ty0W1Wb6hF9lk,"#Explore different online fundraising platforms such as GoFundMe or Kickstarter to raise money for the medication.<br><br>#Contact the pharmaceutical company that produces the medication and inquire if they have any assistance programs or discounts available.<br><br>#Research local charities or non-profit organizations that might help by providing financial aid for people in their situation.<br><br>#Consult with the doctor treating his wife to discuss options for less expensive, but still effective, alternative medicines.<br><br>#Consider setting up a payment plan with the pharmacy or medical provider, spreading the cost over time to make it more manageable.",4,1
R_69ty0W1Wb6hF9lk,"#Call a tow truck to remove the broken down car from the highway.<br><br>#Order a taxi, ride share service, or consider other public transportation options to quickly reach the airport.<br><br>#Contact the airline to inform them about the situation and inquire about the possibility of rescheduling the flight if necessary.<br><br>#Contact friends or family who might be available to drive him to the airport.<br><br>#If possible, attempt a quick fix of the car using basic tools or roadside assistance to get it moving again.",4,2
R_69ty0W1Wb6hF9lk,"#Consider the woman's safety, assessing if she seems in distress and if he could provide immediate help.<br><br>#Assess his fuel level and whether or not he needs to refuel to accommodate the extra distance.<br><br>#Ask the woman for more information about her circumstances to better understand her request.<br><br>#Calculate possible delays this may cause and whether it will affect any plans he has at home.<br><br>#Decide on whether he feels comfortable and safe to give the woman a ride, considering factors such as time of day, the woman's demeanour, and his personal comfort.",4,5
R_7gABsHbV9Dz71hR,"#Start a crowdfunding campaign through an online platform like GoFundMe, detailing the wife's medical condition and the financial stress they're under.<br><br>#Contact local charities and organizations that support people in similar situations and apply for aid or grants.<br><br>#Speak with the prescribing doctor about their predicament to see if they can recommend cheaper alternatives or ways to access discounted or free medication.<br><br>#Consider lending options, such as personal loans or credit cards, with caution and a clear plan to pay back.<br><br>#Explore advocacy work or legal action to challenge the insurance provider's decision not to cover the medication, if it is believed to be unjustified.",4,1
R_7gABsHbV9Dz71hR,"#Immediately call the local non-emergency police or animal control number to report a dog left in a hot car.<br><br>#Take note of the car's make, model, color, and license plate number to give detailed information to the authorities.<br><br>#Stay near the car to monitor the dog's condition until help arrives, making sure to remain at a safe distance to avoid exacerbating the dog's anxiety.<br><br>#If possible, attempt to locate the owner by asking nearby stores to make an announcement or looking around the parking lot.<br><br>#In case the dog's condition deteriorates drastically, break a window as a last resort to save the dog's life, however, only if the law in your area allows it, and the authorities couldn't arrive in time.",4,6
R_7gABsHbV9Dz71hR,#Call another coworker to see if they can substitute for him until his boss arrives.<br><br>#Write a note for his boss explaining his absence and leave it in a visible place for the owner to see when he arrives.<br><br>#Reach out to his boss through other means such as email or even visiting his home if it's nearby and appropriate.<br><br>#Contact the local court to inform them of the situation and see if his appointment can be postponed.<br><br>#Try to secure the store safely so that he can leave for the court appointment without worrying about theft or any other issues.,4,9
R_6CxcxEZNEG9qyFr,"#Call a taxi, an Uber, or another ride-sharing service to get him to the airport as quickly as possible.<br><br>#Contact the roadside assistance service provided by his car insurance company for immediate help with his broken down car.<br><br>#Flag down a passing car and explain his situation, asking if they could give him a ride to the airport.<br><br>#Call the airline and explain the situation, asking them if there's any way they can hold the flight or arrange a seat for him on the next available flight.<br><br>#Check nearby public transportation options like buses or trains that could get him to the airport on time.",3,2
R_6CxcxEZNEG9qyFr,"#Politely ask the woman for more details about her situation to judge its seriousness and urgency.<br><br>#Assess his own schedule and energy levels to determine if he has the time and capacity to help.<br><br>#Consider alternate solutions, such as suggesting a public transportation route or nearby taxi service.<br><br>#If he decides to offer a ride, ensure the woman understands that he will be dropping her off at a public spot in the city, not a specific address, for his personal safety.<br><br>#If he has concerns about personal safety or unforeseen implications, politely decline her request and suggest she seek help from local authorities.",3,5
R_6CxcxEZNEG9qyFr,"#Inform the wedding officiant about the situation discreetly, so as not to interrupt the ceremony.<br><br>#Call the taxi company immediately to ask if they can retrieve the ring or return to the place where he was dropped off.<br><br>#Ask a family member or friend at the wedding to assist him in finding a temporary replacement ring for the ceremony.<br><br>#If possible, try to recall the number or details of the taxi to track it down quicker, utilizing any app or receipt he might have used for the ride.<br><br>#Apologize to his sister and the groom for the mishap and assure them he will do everything within his power to retrieve the ring.",3,8
R_7euVCaULSIFKoeJ,#Ask the woman for more details about why she needs a ride to decide if it's a safe and reasonable request.<br><br>#Consider his fuel situation and if he has enough gas to travel the extra mileage.<br><br>#Evaluate his schedule to see if he has enough time for the detour.<br><br>#Offer to call a taxi or a ridesharing service for her instead if he feels uncomfortable giving her a ride.<br><br>#Politely decline the request if it poses any inconvenience or feels risky.,4,5
R_7euVCaULSIFKoeJ,"#Immediately inform a security officer about the unintentional presence of the knife in his bag.<br><br>#Check if the knife can be shipped to his destination in Chicago instead of being carried on the plane.<br><br>#Ask for options from the airport security: if there is a service where they can keep it for him to pick up on his return.<br><br>#Consider calling a friend or family member nearby who could retrieve the knife from the airport.<br><br>#If none of these options are feasible, prepare himself mentally for the possibility of losing the knife at the security checkpoint to avoid delays or serious consequences.",4,7
R_7euVCaULSIFKoeJ,"#Immediately signal to an attendee or a wedding planner of the situation without causing interruption of the ceremony if possible.<br><br>#Quietly explain the situation to the bride and groom, reassuring them that the issue will be resolved efficiently.<br><br>#Try to remember the taxi number or the taxi company name and call them as soon as possible.<br><br>#If unable to reach the taxi, inquire if someone nearby has a similar ring that could be used temporarily for the ceremony.<br><br>#Tell the officiant the situation privately and ask for an appropriate delay or adjustment to the ceremony.",4,8
R_6qxGGD8qawMhIVR,"#Attempt to digitally access or retrieve the ticket if it was originally purchased online.<br><br>#Ask the concert organizers if they can verify Ted's purchase or identity and let him in without the physical ticket.<br><br>#See if it's possible to purchase a new ticket at the venue, if any are still available.<br><br>#Check for online platforms where last-minute concert tickets may be sold or resold.<br><br>#Consider using a ride-hailing service which can quickly take Ted back to his house and back to the concert to minimize time lost.",3,3
R_6qxGGD8qawMhIVR,"#Maintain a safe distance from the suspected intoxicated driver to avoid a potential collision.<br><br>#Call local law enforcement or a non-emergency number to report the situation and provide details about the car and driver.<br><br>#If possible, capture the license plate number and car model without compromising his own safety.<br><br>#Alert other drivers by flashing his headlights or using his car's horn, if it's safe to do so.<br><br>#Avoid overtaking or engaging the suspected intoxicated driver directly to minimize the risk of an accident.",3,4
R_6qxGGD8qawMhIVR,"#Evaluate the situation to make sure there's no immediately available owner nearby who may have just stepped away.<br><br>#Call local animal control or the police non-emergency line to report a case of an animal being left in a car in too hot conditions.<br><br>#Stay near the vehicle to monitor the dog and ensure it doesn't fall unconscious or suffer any visible distress while you wait for help.<br><br>#Locate mall security and inform them about the situation and location of the car.<br><br>#If the owner returns prior to help arriving, calmly educate them about the dangers of leaving pets in vehicles on hot days.",3,6
R_1HFyhmUlf2ySZsk,#Explore options for getting financial aid from local charities or nonprofit organizations focused on healthcare assistance.<br><br>#Consult with the hospital or healthcare provider about possible discount programs or payment plans for expensive medication.<br><br>#Consider starting a crowdfunding campaign on platforms such as GoFundMe to raise the necessary funds for the medication.<br><br>#Check if the pharmaceutical company manufacturing the medication offers any patient assistance programs.<br><br>#Research alternative treatments or generic versions of the medication that might be less expensive but still effective.,4,1
R_1HFyhmUlf2ySZsk,"#Maintain a safe distance from the vehicle to avoid any sudden and unexpected movements.<br><br>#Observe the driver's behavior more carefully to confirm suspicions, noting behaviors such as repeated drifting across lane markers and irregular or sudden braking.<br><br>#Record the vehicle's details, such as the make, model, color, and license plate number if possible, all while maintaining a safe distance.<br><br>#Contact local law enforcement to report the suspected drunk driver, providing them with the gathered details and the current location.<br><br>#Avoid trying to overtake or confront the suspected drunk driver, as this could potentially put Eamon or other drivers in danger.",4,4
R_1HFyhmUlf2ySZsk,"#Immediately report the situation to mall security or local authorities, highlighting the urgency due to the hot weather.<br><br>#Stay near the car and keep monitoring the dog’s condition until help arrives.<br><br>#Look for any information on the car that might help locate the owner, such as a license plate number or store stickers.<br><br>#Take a picture of the car and its surroundings. This would serve as evidence in case the owner or the authorities need it.<br><br>#Alert other passers-by to the situation in case they can offer assistance or increase visibility for the task of finding the car's owner.",4,6
R_5EnYeIZT4vgo5Qn,"#Discuss the issue with their healthcare provider, asking for alternative medications that might be covered by insurance or for a reduction in cost for the expensive medication.<br><br>#Contact pharmaceutical companies directly to inquire about patient assistance programs or discounts that may be available.<br><br>#Reach out to a social worker or patient advocate who may have resources or knowledge to help them navigate the healthcare system and insurance policies.<br><br>#Research local and online fundraisers, like GoFundMe campaigns, or non-profit organizations that might be able to provide financial assistance for such situations.<br><br>#Explore the option of taking out a loan or setting up a payment plan with the pharmacy or hospital, despite the financial strain this may cause.",3,1
R_5EnYeIZT4vgo5Qn,"#Immediately inform a security officer about the mistake, explaining that the knife is a professional tool and not intended for misuse.<br><br>#Ask if there is a way to put the knife in a checked bag or if there are mailing services at the airport where the knife could be mailed to his destination.<br><br>#Reach out to his colleagues in Chicago by phone or text to let them know about the situation and ask if they can arrange a replacement knife.<br><br>#If the knife is confiscated, research local appropriate stores or markets in Chicago where he can purchase or rent a similar knife for the food festival.<br><br>#Talk to the airline staff and explore options for postponing the flight while he goes back to his home or work and leaves the knife there.",3,7
R_5EnYeIZT4vgo5Qn,#Call a trusted colleague to potentially cover his shift until the owner arrives.<br><br>#Leave a detailed note to the owner about why he had to leave the store unattended.<br><br>#Contact any higher-ups or authorities who might be able to locate the owner quickly.<br><br>#Lock up the convenience store to ensure its security if no one else can cover his shift in time.<br><br>#Record a video or take some photos as proof of his situation to justify his actions in case of any complaints or accusations.,3,9
R_6hMwcozWtrIlmPi,"#Research alternative medicines or generic options of the same medication. Often, there are equivalent options that are less costly.<br><br>#Start a crowdfunding campaign on a platform like GoFundMe, sharing their story and the urgent need for the medication.<br><br>#Reach out to the pharmaceutical company directly. Some companies have patient assistance programs where they provide the medication for free or at a reduced cost to those who cannot afford to buy it.<br><br>#Contact charitable organizations or patient aid foundations. Some foundations offer assistance to patients who are struggling to afford necessary medications.<br><br>#Consider consulting a social worker or a medical financial counselor. These professionals can help navigate available financial assistance options and may know about resources that the public does not.",4,1
R_6hMwcozWtrIlmPi,"#Maintain a safe distance from the potentially intoxicated driver to avoid an accident.<br><br>#Attempt to get the license plate number of the erratic driver's car for report purposes.<br><br>#Pull over to a safe location and call the local authorities to report the driver.<br><br>#Provide a detailed description of the car's make, model, color, and any other distinguishing features to the authorities.<br><br>#If a safe opportunity arises, try to pass the potentially intoxicated driver. However, be extremely cautious and only execute this action if sure it does not risk a collision or put others in danger.",4,4
R_6hMwcozWtrIlmPi,"#Assess the woman's situation by politely asking why she needs a ride, and if she has anyone else she could reach out to for help.<br><br>#Consider the amount of gas in his car, factor in the added mileage to the proposed destination, and decide if it's feasible to provide her with a ride.<br><br>#Think about his personal safety and consider if it's wise to offer a ride to a stranger.<br><br>#Call the local police station or a taxi service on behalf of the woman to ensure her safe travel to the nearby city.<br><br>#Evaluate if he has adequate time to extend his journey and if he can adjust his daily schedule if necessary.",4,5
R_7cuu3W19OmeXPkG,#Call for a roadside assistance service to quickly fix the car so he can be back on the road.<br><br>#Use a ride-hailing app like Uber or Lyft to book a ride to the airport.<br><br>#Flag down a taxi or hop on public transportation if it is available and can get him to the airport on time.<br><br>#Phone a friend or family member who lives nearby to come pick him up and quickly take him to the airport.<br><br>#Contact the airline to inform them of his situation and possibly reschedule the flight if he realizes he can't make it in time.,4,2
R_7cuu3W19OmeXPkG,"#Offer to call the concert's customer service to see if they could reissue a ticket for Ted at the box office.<br><br>#Suggest joining together to pay for another ticket for Ted, if financially feasible.<br><br>#Propose to wait for Ted and watch the concert later online or on a television channel if it’s being broadcasted.<br><br>#Recommend that Ted uses ride-sharing services or a taxi to retrieve his ticket quickly to minimize missing the concert.<br><br>#Check if there are spare tickets being sold or given away at the venue by other concert-goers.<br><br>",4,3
R_7cuu3W19OmeXPkG,"#Contact a reliable co-worker and ask if they could cover the shift until the boss arrives.<br><br>#Leave a detailed note at the counter explaining the urgent matter and the steps taken to ensure the store remains operational.<br><br>#Lock up the store safely and drop the key in a secure place that only his boss knows about.<br><br>#Communicate the situation to the nearby stores or businesses, asking them to inform his boss about the situation in case they show up.<br><br>#Call the boss continuously during the intervals to inform him about the urgency and make him aware of the situation.",4,9
R_7fSMCxP1Mg54E8p,"#Call roadside assistance or a tow truck to handle the broken-down car.<br><br>#Contact a taxi service, ride-share service, or public transportation to get to the airport.<br><br>#Reach out to a friend or family member who could quickly give him a lift to the airport.<br><br>#Inform the airline about the situation to see if there's possibility for a later flight.<br><br>#Check the luggage and necessary travel documents are ready for the quick transition from car to the alternate mode of transport.",3,2
R_7fSMCxP1Mg54E8p,"#Maintain a safe distance from the suspected intoxicated driver to avoid any possible sudden changes in their driving behavior.<br><br>#Activate the car's hazard lights to alert other drivers of the potential problem.<br><br>#Note the make, model, and license plate of the suspected intoxicated driver's vehicle.<br><br>#Contact the local police or highway patrol to report the suspected intoxicated driver, providing them with as much information as possible.<br><br>#If safe to do so, and not already there, move to the right-hand lane to allow the suspected intoxicated driver to pass more easily.",3,4
R_7fSMCxP1Mg54E8p,"#Contact the airport security staff immediately and disclose the situation honestly and calmly.<br><br>#Consider asking security if the knife can be stored safely and retrieved upon return, or if there are mailing facilities at the airport to send the knife back home.<br><br>#Discuss with colleagues at the food festival to arrange for a similar knife to use there instead in case the knife needs to be surrendered.<br><br>#Plan to purchase a replacement knife once he arrives at his destination if no other options are available.<br><br>#Investigate further details about allowable kitchen equipment in checked and carry-on luggage for future travels to prevent the same situation.",3,7
R_3IYkzTNNo4nEB7B,"#Immediately note the car's make, model, license plate, and location.<br><br>#Alert the nearby security personnel or management of the shopping mall about the dog's condition and provide them with the car's information.<br><br>#Call the local animal control service or non-emergency police, sharing all the relevant details.<br><br>#Stay by the car to monitor the dog's condition, but maintain a safe distance to not create more stress for the animal.<br><br>#Gather any witnesses around that may be able to provide additional information or support until help arrives.",4,6
R_3IYkzTNNo4nEB7B,"#Discretely take the knife out of the bag and wrap it in a cloth or clothing item to prevent any accidental cuts or stabs.<br><br>#Approach the airline's help desk or customer service to explain the situation and inquire about any possible solutions such as checking in the item.<br><br>#Consider mailing the knife to his destination using a shipping service if the airport facilities offer such an option.<br><br>#Ask if there is any procedure for handling professional equipment like a chef's knife, since there might be special rules for professionals.<br><br>#If all else fails, find a secure trash container or facility to safely dispose of the knife, given that boarding with it might be against the security rules and potentially jeopardize his travel plans.",4,7
R_3IYkzTNNo4nEB7B,"#Quietly inform a fellow bridesmaid, groomsman or someone trustworthy about the situation to avoid causing chaos.<br><br>#Take out his phone discreetly and call the taxi company or the driver if he has the contact, explaining the situation.<br><br>#In case he gets in contact with the taxi company, arrange either for the driver to return to the wedding venue with the ring or ask someone reliable to pick it up, if distance allows.<br><br>#Ask someone close to the bride and groom, preferably not parents or immediate family, if there is a backup ring or any piece of jewelry that can be used temporarily in place of the original ring.<br><br>#Apologize to his sister and brother-in-law privately explaining the situation and reassuring them that he is doing everything possible to retrieve the ring.",4,8
R_3yI51or5FDptQ53,"#Research on government programs or nonprofit organizations that can provide financial support or assistance for those struggling with medical expenses.<br><br>#Consider starting a crowdfunding campaign in a platform like GoFundMe, sharing their story, and asking friends, family, and the community for help.<br><br>#Speak with the doctor or a pharmacist about possible generics or cheaper alternatives of the medication.<br><br>#Check if the pharmaceutical company who manufactured the drug offers a patient assistance program for those unable to afford their medication.<br><br>#Seek financial counseling or advice on managing medical expenses to devise a budgeting plan.",3,1
R_3yI51or5FDptQ53,"#Kindly inform the woman that he can drop her off at a location on his way home, but he is not planning on driving the full 10 miles extra.<br><br>#Offer to call a cab or a rideshare service for her if he potentially worries about her safety or security.<br><br>#Ask the woman for more details about her situation to assess if he could potentially provide more suitable assistance.<br><br>#Agree to drive the extra 10 miles to help the woman get to her destination, considering it as a good deed. Make sure to let someone at home aware about the detour.<br><br>#Invite the woman to wait at the gas station, and ask the staff if there is any local transport service that could help her reach the city.",3,5
R_3yI51or5FDptQ53,"#Approach the car and note down the details of the car like license plate, color, type to report to authorities.<br><br>#Contact the local animal control or non-emergency police department immediately with all the details.<br><br>#Stay around the car to monitor the dog’s condition while waiting for the authorities.<br><br>#Try to locate the owner of the car by asking inside nearby shops or making an announcement.<br><br>#Alert nearby people about the situation to get extra help and support.",3,6
R_7I9OGOzmBF6uRG1,"#Maintain a safe distance from the car to avoid a potential accident if the driver suddenly swerves.<br><br>#Try to alert the driver by honking or flashing headlights, in case they are simply distracted and not intoxicated.<br><br>#Memorize the vehicle's details like its make, model, color, and if possible, license plate number for future reference.<br><br>#Find a safe place to pull over and call the local authorities to report the incident, providing as many details as possible.<br><br>#If possible, record the erratic behaviors of the driver using a dashcam or phone, ensuring not to compromise personal safety while doing so.",3,4
R_7I9OGOzmBF6uRG1,"#Search online or ask airport staff about the procedures for checking in special items like professional chef knives.<br><br>#Contact his colleagues in Chicago to notify them of the problem and start exploring potential solutions.<br><br>#Look for nearby stores that might sell appropriate shipping supplies so he can mail the knife to himself in Chicago.<br><br>#Find a secure location in the airport, such as a locker or left-luggage facility, where he might be able to store the knife until he returns.<br><br>#Inquire about renting or purchasing a professional chef knife upon arrival in Chicago instead of carrying his own.",3,7
R_7I9OGOzmBF6uRG1,"#Contact any trusted coworker who could cover his shift temporarily so he can attend his court appointment.<br><br>#Leave a comprehensive note for the boss about the situation and all the pertinent information regarding the overnight shift.<br><br>#Secure the store according to the protocol and inform a neighboring business or trusted individual about the situation.<br><br>#Immediately after the court appointment, connect with the boss and explain the situation personally.<br><br>#In future, request swap shifts with a daytime worker, or seek time off, well in advance if there are important personal appointments to attend.",3,9
R_6xSIAt6QWgAQCVb,"#Call a roadside assistance or car breakdown service immediately for help with the car's issue.<br><br>#Use a ride share service like Uber or Lyft, or a traditional taxi service, to get to the airport quickly.<br><br>#Reach out to a friend or family member who can provide a quick ride to the airport.<br><br>#Check for any nearby public transportation options like a bus or subway that could provide a potential route to the airport.<br><br>#Contact the airline's customer service to inform them about the situation and ask if there can be any arrangements made or if the ticket can be rescheduled.",3,2
R_6xSIAt6QWgAQCVb,"#Maintain a safe distance from the suspected intoxicated driver to avoid collision in case of erratic movements.<br><br>#Attempt to note down the license plate number, car model, and color of the vehicle for reporting purposes.<br><br>#Do not attempt to overtake the potentially intoxicated driver, as his movements are unpredictable.<br><br>#Call the local non-emergency police number to report the suspected intoxicated driver, providing them with all pertinent information.<br><br>#If passing through populated areas, horn repeatedly to alert other drivers and pedestrians about the potential risk.",3,4
R_6xSIAt6QWgAQCVb,"#Immediately notify the officiant in a subtle manner that the ring is missing.<br><br>#Contact the taxi company, provide the taxi details and request them to check for the ring.<br><br>#Briefly excuse himself from the ceremony to make a quick search in nearby areas where the taxi could have dropped him off.<br><br>#Ask a trusted friend or family member to continue the ring bearer's duty while he recovers the ring.<br><br>#If all attempts to recover the ring fail, quickly find a temporary replacement ring for the ceremony, ensuring it continues seamlessly.",3,8
R_5YtgHCY0j6X8jZ8,"#Start a fundraising campaign on a crowdfunding platform such as GoFundMe, detailing the situation and the exact cost of the medication.<br><br>#Reach out to pharmaceutical companies or foundations that offer patient assistance programs, to see if they can get the medication at a discounted rate or for free.<br><br>#Seek advice from their doctor or pharmacist about any possible subsidies, or if there are effective, less expensive alternatives to the medication.<br><br>#Explore working part-time or freelance to supplement their income, or sell unneeded items for quick cash.<br><br>#Consider contacting local charities and nonprofits that could possibly assist with the financial burden associated with the medication costs.
",4,1
R_5YtgHCY0j6X8jZ8,"#Quietly inform the wedding officiant about the missing ring.<br><br>#Call the taxi company immediately and describe the situation, asking them to check the vehicle in which he travelled.<br><br>#Borrow a substitute ring from a wedding attendee to continue the ceremony without a hitch.<br><br>#Make a quick plan to retrieve the ring if the taxi's location is nearby.<br><br>#If the ring is irretrievable in the immediate future, discuss this with the bride and groom and explore alternatives like using a sentimental family ring as a temporary substitute.",4,8
R_5YtgHCY0j6X8jZ8,"#Call a coworker to request they come in early to cover for him.<br><br>#Leave a detailed note for his boss specifying that there was an emergency, and he had to leave.<br><br>#Contact the area manager or supervisor if there is one and explain the situation.<br><br>#Secure the store to ensure its safety before leaving for his appointment, if no one can step in.<br><br>#Document that he attempted to contact his boss and fill out any absences report forms if necessary.",4,9
R_5rJbbW37zK7SXZs,"#Discuss the situation with the medical provider to explore possibilities for discounts, grants, or assistance programs.<br><br>#Contact non-profit organizations or foundations that provide assistance to people who can't afford their medications.<br><br>#Reach out to the pharmaceutical company that makes the medication. Many pharmaceutical companies have patient assistance programs that provide expensive medications for free or at a discounted price.<br><br>#Initiate a crowdfunding campaign. Websites such as GoFundMe can be a platform to share the story and raise funds for the expensive treatment.<br><br>#Consider speaking with a local pharmacy and ask if they offer any prescription discount programs or have advice about cost-saving strategies.",3,1
R_5rJbbW37zK7SXZs,"#Consider the woman's safety and demeanor, and estimate the potential risks of giving her a ride.<br><br>#Confirm if the extra 10 miles requires additional gas or is within his vehicle's fuel scope.<br><br>#Think on whether he has enough time to spare or check for commitments that may prevent him from making the side trip.<br><br>#Politely ask why she needs a ride to understand if it's an urgent or necessary situation.<br><br>#Weigh the consequences of helping the woman versus the inconvenience and cost of driving the extra distance.",3,5
R_5rJbbW37zK7SXZs,"#Call a coworker who might be available to take over the shift momentarily until the boss arrives.<br><br>#Leave a detailed note for the boss explaining the situation and the steps taken to manage in his absence.<br><br>#Contact the boss again, leaving a voicemail if possible, detailing the urgency of the situation.<br><br>#Secure all cash and valuable items in a safe place before leaving, ensuring the security of the store.<br><br>#Notify a neighboring shop or business about the situation so they can keep an eye on the store until the boss or coworker arrives.",3,9
R_1CJkX5mcSvFo2J3,"#Agree to giving the woman a ride and ensure she feels comfortable and safe in his car.<br><br>#Clarify if there is any specific place in the said city that the woman wants to be dropped off at.<br><br>#Ask the woman if she has any time constraints, as he might need to stop at his house first before driving her to the city.<br><br>#Politely decline giving the woman a ride if he is not comfortable doing so.<br><br>#Suggest other transportation options to her if he is unable to assist, such as nearby bus stations, taxi services, or ride-sharing apps.",3,5
R_1CJkX5mcSvFo2J3,"#Return to the check-in desk to see if he could check in his knife as part of his luggage.<br><br>#Find a post office or shipping service near the airport to mail his knife to his destination.<br><br>#Seek help from the airport authorities or security, explaining his situation and ask if there's a way to safely store his knife until his return.<br><br>#Reach out to someone who hasn't yet left for the airport and ask them to come and retrieve the knife.<br><br>#Decide to leave the knife behind, understanding the potential consequences of bringing a knife through airport security.",3,7
R_1CJkX5mcSvFo2J3,"#Quietly inform the officiant of the situation and ask for a brief pause in the ceremony.<br><br>#Contact the taxi service to inquire about the left item and arrange for its quick return if it was found.<br><br>#Confide in a trusted wedding party member, such as the best man or the maid of honor, about the situation and seek their help.<br><br>#Check with the bride and groom if there is a spare or symbolic ring that could be used temporarily.<br><br>#If unable to recover the ring quickly, apologize to the couple and take full responsibility for the error, promising to make it right as soon as possible.",3,8
R_7H7PdVEkm2gOB10,"#Research about various pharmaceutical assistance programs sponsored by drug companies, which may offer the necessary medication at reduced cost or even free.<br><br>#Consult with the doctor or pharmacist about possible generic or cheaper alternatives that might be just as effective.<br><br>#Start a crowdfunding campaign on a reliable website to raise the necessary amount for the wife's medication.<br><br>#Approach local charities, non-profit organizations, or churches that might offer financial aid or resources for people facing healthcare crises.<br><br>#Contact the medical insurance provider to negotiate possible coverage or discounts for the medication.",3,1
R_7H7PdVEkm2gOB10,"#Immediately call the local animal control or the non-emergency police number to report the situation.<br><br>#Locate any nearby security guards and alert them about the condition of the dog in the car.<br><br>#Try to identify the make, model, and license plate of the car to give an accurate report to the police or animal control.<br><br>#Stay near the vehicle, keeping a safe distance and monitoring the dog's condition until help arrives.<br><br>#Ask passerby's or nearby stores if they can make announcements to locate the car owner as soon as possible.",3,6
R_7H7PdVEkm2gOB10,"#Notify the officiant quietly about the missing ring, explaining the situation calmly to prevent panic.<br><br>#Contact the taxi company immediately to inform them about the left-behind ring and request them to secure it.<br><br>#Attempt to recall and provide the taxi company with as much information as possible about the cab, such as the license number, the driver's name, or the receipt if available.<br><br>#Consider asking a trusted friend or family member to leave the ceremony to retrieve the ring from the taxi if it's still in the vicinity.<br><br>#Propose using a substitute ring for the ceremony while the original ring is located. The substitute could be a piece of jewelry from a family member who’s present at the wedding.",3,8
R_7dge1kF6uQj23Ll,#Call for roadside assistance to either fix the car or arrange for a tow to the nearest garage.<br><br>#Hail a taxi or use a ride-sharing app like Uber or Lyft to continue his journey to the airport.<br><br>#Call a friend or family member who might be available to give him a ride to the airport.<br><br>#Check if there is a nearby bus or train station that has a direct route to the airport.<br><br>#Contact the airline to inform them of his situation and see if there's the possibility to reschedule his flight.,4,2
R_7dge1kF6uQj23Ll,"#Contact the concert organizers to check if there is any electronic version of the ticket or any proof of purchase usable as a substitute.<br><br>#Ask the event staff if there is a lost-ticket counter where Ted can explain his situation and possibly get a replacement.<br><br>#Darya and the other friends can wait for a little while, delaying their entry until the issue is resolved.<br><br>#Offer to buy a fresh ticket from the counter or any potential resellers around if it is affordable.<br><br>#Darya can take a taxi, go fetch Ted's ticket, and return as fast as possible, depending on distance and time constraints.",4,3
R_7dge1kF6uQj23Ll,"#Call a trusted colleague who might be able to cover for him until his boss arrives.<br><br>#Leave a note at the store explaining the situation, along with necessary instructions, for the boss or the next person who will take over.<br><br>#Contact the boss one more time via text, emphasizing the urgency and importance of his court appointment.<br><br>#Reach out to the boss using different methods such as emailing or contacting through social media.<br><br>#Inform the local police about the situation so that they can monitor the store until his boss or a replacement arrives.",4,9
R_6Y4JYOW2syCBpxM,"#Research financial assistance programs offered by the pharmaceutical company that manufactures the medication in order to cover the cost. This often includes patient assistance programs or rebates.<br><br>#Look into charitable organizations or non-profit foundations that may help with financial assistance to cover the cost of medications.<br><br>#Discuss with the physician if there are any alternative, less expensive medications or treatment course that could also be effective for her.<br><br>#Consider setting up a crowdfunding campaign on platforms such as GoFundMe to raise funds for the medication.<br><br>#Contact their insurance company directly to understand if there are any possible allowances, re-assessments, or other options to cover more of the medication's cost.",4,1
R_6Y4JYOW2syCBpxM,#Call the concert organizers or the ticketing platform to explain the situation and ask if they can reissue a digital ticket.<br><br>#Check if Ted's ticket is in an email or app that can be shown at the gate for entrance.<br><br>#Try to negotiate with the security or ticket booth if there's a possibility of paying for another ticket on site.<br><br>#Ask around if there are any spare tickets for sale from other attendees.<br><br>#Consider postponing your own entry until Ted returns with his ticket so as not to miss the concert experience together.,4,3
R_6Y4JYOW2syCBpxM,"#Immediately notify the airport security personnel about the knife in his bag, explaining the situation honestly and fully.<br><br>#Ask the airport staff if they offer a service to mail the item to his destination, handled by the lost and found department.<br><br>#If any friends or family members are nearby, he could ask them to come and fetch the knife and take it home.<br><br>#Consider asking if the airport could store it for him until he returns if the festival is not for a long duration.<br><br>#Inquire if there's a rented locker service within the airport where he can safely store his knife until his return.",4,7
R_6z8cuIi7ilCUtQI,"#Darya could check with the concert staff if they have an online system where Ted's ticket can be verified using his ID or mobile number.<br><br>#Darya and her friends could use the ride-share app to send a driver to Ted's house to retrieve the ticket.<br><br>#Call or text a neighbor or family member who might be at Ted's house or nearby to bring the ticket quickly.<br><br>#Ted could check if a digital copy or picture of the ticket could be acceptable for entry.<br><br>#Darya and her friends could delay their entry until Ted secures his ticket, to ensure they all enjoy the concert together.",4,3
R_6z8cuIi7ilCUtQI,"#Maintain a safe distance from the erratic vehicle to prevent a potential accident.<br><br>#Try to note down the vehicle's number plate for identification if possible and safe to do so.<br><br>#Avoid attempting to pass the vehicle unless there is extensive visibility and it is safe to do so.<br><br>#Dial the local non-emergency police number to report the erratic behavior and provide any identifying characteristics of the vehicle.<br><br>#Alert other road users if possible, by flashing headlights or honking briefly.",4,4
R_6z8cuIi7ilCUtQI,"#Ask the woman for more details about why she needs the ride, to assess the situation and determine if it is safe and appropriate to help.<br><br>#Consider the additional miles and calculate whether he has enough gas to get home if he does provide the ride.<br><br>#Politely decline if he feels uncomfortable, sees potential risk or it conflicts with his schedule.<br><br>#Offer to call a taxi or ride-share for her, especially if he would rather not drive her himself.<br><br>#Contact authorities if her situation seems unsafe or suspicious, to ensure her safety.",4,5
R_1fmaocvRlLcU2Bw,"#Immediately contact mall security, provide them with a description of the vehicle and its location, and inform them about the dog in distress.<br><br>#Call local law enforcement or animal control if mall security is unable to assist, or if the situation seems severe.<br><br>#Stay near the vehicle until help arrives, keeping an eye on the dog's condition.<br><br>#Look for any nearby businesses where they may be able to make an announcement to locate the owner of the vehicle.<br><br>#Reach out to the local community on social media or via phone to inform them about the dog; someone might recognize the vehicle and know how to contact the owner.",4,6
R_1fmaocvRlLcU2Bw,"#Explain the situation to the security officer, expressing regret for accidentally carrying the knife and asking for the best way to rectify the situation.<br><br>#Contact the airline’s customer service desk to inquire about options for storing the knife or sending it back home.<br><br>#Check if there are any post offices or courier services nearby where he can quickly mail the knife back home.<br><br>#Search online for stores in Chicago where he can rent or buy a similar knife for the duration of the festival.<br><br>#Reach out to his colleagues at the food festival and ask if they can provide a replacement knife for his use during the event.",4,7
R_1fmaocvRlLcU2Bw,"#Immediately inform the wedding officiant about the missing ring in the most discreet way possible so as not to disrupt the ceremony.<br><br>#Find someone who can call the taxi company immediately, providing them with as much information as possible to try to retrieve the ring.<br><br>#Ask someone from the wedding party if there's a spare ring or anything that can temporarily replace the real wedding ring.<br><br>#If there's a family member or close friend at the wedding who can, ask them to quickly rush home or to a nearby store to get a cheap but presentable temporary ring.<br><br>#In the worst-case scenario, if none of the above options work, confess to the bride and groom about the missing ring and apologize sincerely.",4,8
R_58I1FS25wcLHWTz,#Seek help from family and friends by explaining the situation and asking for financial support.<br><br>#Explore assistance programs offered by the pharmaceutical company that produces the medication. Many companies have programs to help patients who can't afford their products.<br><br>#Consult with the doctor or pharmacist about possible alternatives or generic forms of the medication that might be less expensive.<br><br>#Start a crowdfunding campaign on a platform such as GoFundMe to raise money for the medication.<br><br>#Contact non-profit organizations or charities that offer financial assistance to individuals struggling with healthcare costs.,3,1
R_58I1FS25wcLHWTz,"#Maintain a safe distance from the suspicious vehicle to avoid any potential accidents.<br><br>#Record the vehicle's license plate number, make, model, and color for a potential report.<br><br>#Signal the suspicious car, if safe to do so, in an attempt to alert the driver of their dangerous behavior.<br><br>#Call local law enforcement to report a potential intoxicated driver, providing as many details as possible.<br><br>#If traffic permits, slowly overtake the suspected vehicle to avoid staying behind it. However, Eamon needs to ensure that this maneuver will not put him or other drivers at risk.",3,4
R_58I1FS25wcLHWTz,"#Contact the mall's security department or management to inform them of the situation and ask for help.<br><br>#Try to locate the vehicle's owner by using the vehicle’s registration details (if in sight) or asking nearby people if they have seen the owner.<br><br>#Call the local non-emergency police or animal control hotline to report the situation, especially if the dog starts to look distressed.<br><br>#Stay nearby the vehicle to monitor the dog's condition and ensure it doesn't deteriorate while waiting for help.<br><br>#Take photos or videos as evidence to support the case if a need arises to investigate it.",3,6
R_6aJpe3fnLwUAckb,"#Darya could call the concert organizers or ticket provider to check if they can reprint Ted's ticket at the entrance.<br><br>#Suggest Ted to look for online platforms where people might sell their tickets at the last minute. He might be able to buy a ticket on the spot.<br><br>#Darya or one of the other friends could lend Ted their ticket just to get him inside the venue, as sometimes concerts only scan tickets at the entrance and don't check them afterwards.<br><br>#If the venue offers ticketless entry through the use of a mobile app or QR code, Ted might access his ticket using these options.<br><br>#Ted can ask for help from the security or staff at the entrance, and explain his situation. They might let him in or provide alternatives.",3,3
R_6aJpe3fnLwUAckb,"#Immediately call the local non-emergency police number to report the situation.<br><br>#Take note of the car's make, model, color, and license plate number to provide these details to the authorities.<br><br>#Stay near the vehicle to monitor the dog's condition until help arrives.<br><br>#Look for the car's owner by asking in nearby stores or making an announcement in the mall, if possible.<br><br>#Educate others who may pass by about the dangers of leaving pets in a hot car, utilising the scenario as an awareness opportunity.",3,6
R_6aJpe3fnLwUAckb,"#Immediately and calmly inform the officiant or the wedding party about the missing ring.<br><br>#Call the taxi company to check if the ring is still in the car and if it can be returned.<br><br>#Quickly brainstorm with the nearest wedding party/attendees to come up with a temporary solution, such as using a substitute ring.<br><br>#Delegate someone trustworthy to quickly go to the taxi's location if the ring has been located - or to his home if there's a spare ring.<br><br>#Apologize to his sister and new in-law, assuring them that the situation is being handled and it won't spoil their special day.",3,8
R_51ZeN3OmVTHrDrP,"#Call a tow truck to remove his car from the intersection and take it to a nearby repair shop.<br><br>#Use a ride-hailing service such as Uber or Lyft to quickly get to the airport.<br><br>#Use a roadside assistance service such as AAA to get his car repaired on the spot.<br><br>#Ask a passerby for assistance, if they could possibly drive him to the airport.<br><br>#Contact the airline to see if there is a possibility to catch a later flight without an excessive penalty.",3,2
R_51ZeN3OmVTHrDrP,"#Check if there's a digital copy of the ticket on Ted's e-mail or phone which can be used as a valid entrance pass.<br><br>#Ask the ticket office at the concert venue if they can issue a replacement ticket by providing proof of purchase.<br><br>#Consider calling a friend or family member who could retrieve Ted's ticket from his house and deliver it to the concert venue.<br><br>#Investigate whether the concert has late admission and let Ted return home for the ticket while the rest go in and save a spot for him.<br><br>#Explore the possibility for Ted to purchase another ticket at the venue, if it's not sold out.",3,3
R_51ZeN3OmVTHrDrP,"#Call another employee who could possibly cover for him, explaining the urgency of his situation.<br><br>#Write a note and leave it at a visible place for his boss explaining why he had to leave the store unmanned.<br><br>#Inform any neighbouring businesses or law enforcement about the situation, so they can keep an eye on the store until his boss arrives.<br><br>#Lock up the store securely to minimize the risk of theft, ensuring security cameras are recording.<br><br>#Leave a voicemail to his boss, detailing his situation and what actions he took before leaving for his court appointment.",3,9
R_5pbyXZMOBzcUX9s,"#Discuss the situation with the treating physician, informing them about the financial constraints and exploring the possibility of alternative, less expensive medications.<br><br>#Contact the pharmaceutical company that manufactures the medicine to inquire about patient assistance programs or discounts.<br><br>#Apply for financial assistance from governmental health programs or non-profit organizations that help with medical bills.<br><br>#Consider setting up an online fundraising campaign, such as GoFundMe, to raise the money needed for the medication.<br><br>#Research clinical trials involving the medication, as patients involved in such trials sometimes receive the medication for free or at a reduced cost.",4,1
R_5pbyXZMOBzcUX9s,"#Maintain a safe distance from the potentially intoxicated driver to avoid a collision.<br><br>#Record the license plate number of the suspected driver to provide to law enforcement authorities.<br><br>#Do not attempt to pass or overtake the vehicle as the driver's actions are unpredictable.<br><br>#Call local law enforcement and accurately describe the vehicle, the driver's behavior and the location to report the suspected DUI.<br><br>#Use his hazards lights or briefly flash his high beam lights to warn other drivers of the potential danger ahead.",4,4
R_5pbyXZMOBzcUX9s,"#Politely decline the woman's request, citing his need to get home and the extra distance as his reason.<br><br>#Accept to give the woman a ride to the city if he has enough time, keeping safety and respect as a priority.<br><br>#Offer to call a taxi or a ride-sharing service for the woman if he does not feel comfortable giving her a lift.<br><br>#Advise the woman to ask for help at the gas station, as staff may be able to assist or arrange safer transportation options.<br><br>#Contact local authorities if the woman appears to be in distress or danger, ensuring that she gets the help she needs.",4,5
R_7q27kBo2mFOFeF3,"#Call a roadside assistance service to fix his car or tow it to a nearby service station.<br><br>#Hail a cab, use a rideshare app like Uber or Lyft, or use public transportation if available to continue his journey to the airport.<br><br>#Contact the airline to inquire about the possibility of rescheduling his flight due to his unexpected car trouble.<br><br>#Check with nearby hotels or car rental agencies for potential temporary transportation solutions.<br><br>#Reach out to a friend or family member who can immediately help him reach the airport.",4,2
R_7q27kBo2mFOFeF3,"#Immediately call a local animal rescue or the non-emergency number for the local police department since leaving a dog trapped in a car can be life-threatening, especially on hot days.<br><br>#Stay by the car to monitor the dog's condition until help arrives. If the dog's condition appears to worsen, she may need to take further action.<br><br>#Find a mall security officer and alert them to the situation, providing them with the make, model, and license plate of the vehicle.<br><br>#Try to find the car owner by asking around or having mall security make an announcement about a pet left in a hot car in the parking lot.<br><br>#Capture evidence such as photographs or video showing the condition of the dog and the car to document the incident and potentially help in any subsequent investigation.",4,6
R_7q27kBo2mFOFeF3,"#Politely inform the security officers about the accidentally packed knife and clarify his occupation as a chef.<br><br>#Ask the security officers if there is a way to ship the knife to his destination instead of carrying it on the plane.<br><br>#Offer to surrender the knife if all else fails, fully cooperating with airport security.<br><br>#Contact his colleagues promptly to inform them about the situation and possibly arrange for a replacement knife at the festival.<br><br>#Purchase a new chef's knife after arriving in Chicago, if needed, to perform at the food festival.",4,7
R_5mrabxkMD9GZC8C,"#Call a tow truck or roadside assistance to deal with the broken down car.<br><br>#Use a ride-share service like Uber or Lyft, or a taxi service to get to the airport.<br><br>#Notify the airline about the situation and see if there can be an adjustment to the flight schedule.<br><br>#Check if there's a nearby public transportation option like a bus or train that could get him to the airport on time.<br><br>#Call a friend or family member who is nearby and could give him a lift to the airport.",3,2
R_5mrabxkMD9GZC8C,"#Suggest that Ted use a digital version of his ticket, if available, which may be on his email or the concert's app.<br><br>#Check if the venue allows re-entry; if so, one friend could lend Ted his ticket to get in, then this friend exits and re-enters with their own ticket.<br><br>#Ask the box office at the venue if they reissue forgotten tickets when provided with proof of purchase.<br><br>#Call a friend or family member who is near Ted's house, have them retrieve the ticket and deliver it to the venue.<br><br>#If none of the above options work, Ted could buy another ticket, if still available and affordable.",3,3
R_5mrabxkMD9GZC8C,#Evaluate the woman's situation and reason for needing a ride.<br><br>#Check his vehicle's fuel level and think about driving an extra 10 miles.<br><br>#Consider his own personal safety and ensure he feels comfortable offering a ride.<br><br>#Ask the woman more about her destination to determine the exact distance and potential detour.<br><br>#Weigh his obligations and schedule to decide whether he has time to give the woman a ride.,3,5
R_1XhTh0kIcdAJQOI,#Keep a safe distance to prevent any potential accidents due to the erratic behavior of the suspected intoxicated driver.<br><br>#Contact the local police department and share the description and license plate of the car driving erratically. <br><br>#Pull over to the side of the road and let the potentially intoxicated driver pass to avoid being near the erratic driving.<br><br>#Turn on hazard lights or flash headlights to warn other drivers about the potentially hazardous driver ahead.<br><br>#Monitor the erratic vehicle from a safe distance while waiting for law enforcement to respond.,4,4
R_1XhTh0kIcdAJQOI,"#Calmy explain the situation to the priest, bride and groom, assuring them that a solution will be found.<br><br>#Quickly call the taxi company to inform them of the left item and ask if they can bring it back.<br><br>#If the first option is not possible, try to get a temporary ring from one of the guests or from the jeweler's shop located nearby.<br><br>#Ensure to apologize sincerely for the oversight, acknowledging that he understands the importance of the ceremony.<br><br>#Once the situation is handled, learn from this experience and devise strategies to avoid such mistakes in the future.",4,8
R_1XhTh0kIcdAJQOI,"#Call a reliable coworker who might be available to cover the store until the boss arrives.<br><br>#Lock the store temporarily and leave a note for the boss, explaining the urgent situation and his whereabouts.<br><br>#Inform the nearest police station about the situation for them to occasionally patrol the area till the boss arrives.<br><br>#Contact the regional manager or another higher-up if that’s an option, to explain the situation and seek guidance.<br><br>#Leave a detailed message for the boss, including the time he left, where he is going, why it was urgent, the fact that he tried to reach the boss earlier, and when he expects to return.",4,9
R_71CB371EwzI0BaN,"#Seek help from family and friends by explaining the situation and asking if they can assist either financially or with any resources they might have.<br><br>#Research potential financial aid or assistance programs for medical prescriptions, either through governmental, non-governmental, or pharmaceutical assistance programs.<br><br>#Expand the search for alternative treatments or medications that might be covered by their insurance or are less expensive but just as effective.<br><br>#Consult with the treating physician to explore alternative therapies or prescriptions that can be an effective yet less expensive replacement.<br><br>#Consider setting up a crowdfunding campaign on platforms like GoFundMe to raise funds for the needed medication. Be sure to share the campaign on social media and with their network of contacts to maximize the response.",4,1
R_71CB371EwzI0BaN,"#Ask the woman more about why she needs a ride to ensure safety and legitimacy.<br><br>#Consider his current fuel level and the detour's impact on his own plans.<br><br>#Decide to give the woman a ride, ensuring to keep his mobile phone and emergency contact details handy.<br><br>#Refer the woman to nearby public transportation or taxi services if he decides not to provide a ride.<br><br>#Offer to call for a ride-hailing service for the woman, if he is uncomfortable with giving a ride himself but still wants to help.",4,5
R_71CB371EwzI0BaN,"#Call a trusted co-worker and ask if they could cover the shift for him until his boss arrives.<br><br>#Write a note explaining his situation, leave it in a visible place for his boss to see, and close the store temporarily.<br><br>#Inform the police station of his court appointment and the situation at the store, they may be able to provide advice or assistance.<br><br>#Call the local authority responsible for business licensing to report his situation and seek advice on what to do.<br><br>#Contact a nearby friend or family member, explain the situation, and see if they could temporarily watch over the store until his boss arrives.",4,9
R_1UizpTuxmJPTPwJ,#Research other insurance plans or options that might cover the medication.<br><br>#Explore financial aid programs provided by government or non-profit organizations to help with the cost of prescription medication.<br><br>#Consult with the doctor or a pharmacist for potential generic or less expensive alternatives to the prescribed medicine.<br><br>#Try crowdfunding platforms to raise the necessary funds.<br><br>#Contact the pharmaceutical company directly and inquire about patient assistance programs.,3,1
R_1UizpTuxmJPTPwJ,"#Call a cab or request a ride via a ridesharing service such as Uber or Lyft to take him to the airport.<br><br>#Contact road assistance services to help with his broken car.<br><br>#Contact the airport and explain the situation to see if there are any possible later flights he could take.<br><br>#Hail a nearby taxi if one is going by, offering a tip for a fast trip to the airport.<br><br>#Ask a passing motorist for assistance, either to help fix the car or for a ride to the airport if they are heading in that direction.",3,2
R_1UizpTuxmJPTPwJ,"#Immediately notify the airport security personnel about the knife and explain the full situation, including the reason for having the knife.<br><br>#Ask security if there's a way to post the knife to his destination, ensuring it won't be confiscated or discarded.<br><br>#Call up his colleagues attending the food festival, inform them about the situation and discuss other potential ways to replace the knife in time if needed.<br><br>#Research on his phone if there are stores near the airport or his destination to purchase a similar knife, in case his current one is seized.<br><br>#Consider the option of leaving the security line to store the knife in his car or offsite locker if available, although this may result in missing the flight.",3,7
R_5JacGMGoPr330HA,"#Call the ticket office or customer service to see if they can reissue a new ticket at the gate.<br><br>#Ask if any acquaintances in the area could quickly pick up the ticket and bring it to the concert venue.<br><br>#Check with the concert staff if digital tickets are accepted, perhaps Ted can download a copy from his email or the event’s website.<br><br>#See if Ted can purchase another ticket at the entrance.<br><br>#Propose to watch the concert in a venue nearby where it gets simulcast, if such an option is available.",4,3
R_5JacGMGoPr330HA,"#Immediately call the local animal control organization or the non-emergency line of the local police department to alert them about the situation.<br><br>#Take note of the car’s make, model, and license plate number to provide accurate information to the authorities.<br><br>#While waiting for help, remain at the scene to monitor the dog's condition and record any changes.<br><br>#If possible, try to locate the owner of the car by asking nearby stores to make an announcement.<br><br>#Avoid attempting to break the car window or rescue the dog by herself to prevent potential legal issues or risk of injury to the dog.",4,6
R_5JacGMGoPr330HA,"#Immediately notify the airport security personnel about the knife in his bag, explaining that it was an honest mistake.<br><br>#Consider mailing his expensive knife to his destination if possible and allowed by security officers.<br><br>#Discuss potential options with airport security, such as obtaining a box from an airport store in which to pack the knife and check it as luggage.<br><br>#Contact the organizers or his colleagues in Chicago and inform them about the situation, soliciting advice or help.<br><br>#Consider purchasing a similar knife at his destination if the previous solutions are not feasible.",4,7